000 000 000 000 0 0 0 0 0 0 000000 0
98f 800 000 000 7 1 0 0 1 0 800000 0
4e7 400 000 000 7 1 1 0 1 0 400000 0
357 200 000 000 7 1 2 0 1 0 200000 0
be2 100 000 000 7 1 3 0 1 0 100000 0
dd1 080 000 000 7 1 4 0 1 0 080000 0
7cc 040 000 000 7 1 5 0 1 0 040000 0
53d 020 000 000 7 1 6 0 1 0 020000 0
2be 010 000 000 7 1 7 0 1 0 010000 0
87b 008 000 000 7 1 8 0 1 0 008000 0
e74 004 000 000 7 1 9 0 1 0 004000 0
f1a 002 000 000 7 1 a 0 1 0 002000 0
ea9 001 000 000 7 1 b 0 1 0 001000 0
800 98f 000 000 1 7 0 0 0 1 000800 0
400 4e7 000 000 1 7 0 1 0 1 000400 0
200 357 000 000 1 7 0 2 0 1 000200 0
100 be2 000 000 1 7 0 3 0 1 000100 0
080 dd1 000 000 1 7 0 4 0 1 000080 0
040 7cc 000 000 1 7 0 5 0 1 000040 0
020 53d 000 000 1 7 0 6 0 1 000020 0
010 2be 000 000 1 7 0 7 0 1 000010 0
008 87b 000 000 1 7 0 8 0 1 000008 0
004 e74 000 000 1 7 0 9 0 1 000004 0
002 f1a 000 000 1 7 0 a 0 1 000002 0
001 ea9 000 000 1 7 0 b 0 1 000001 0
d68 c00 000 000 6 2 0 0 0 0 c00000 0
ad8 a00 000 000 6 2 0 0 0 0 a00000 0
26d 900 000 000 6 2 0 0 0 0 900000 0
45e 880 000 000 6 2 0 0 0 0 880000 0
e43 840 000 000 6 2 0 0 0 0 840000 0
cb2 820 000 000 6 2 0 0 0 0 820000 0
b31 810 000 000 6 2 0 0 0 0 810000 0
1f4 808 000 000 6 2 0 0 0 0 808000 0
7fb 804 000 000 a 2 0 0 0 0 804000 0
695 802 000 000 6 2 0 0 0 0 802000 0
726 801 000 000 6 2 0 0 0 0 801000 0
18f 18f 800 800 6 6 0 0 1 1 800800 0
d8f ce7 400 800 8 8 0 1 1 1 800400 0
b8f b57 200 800 8 8 0 2 1 1 800200 0
88f 3e2 100 800 6 6 0 3 1 1 800100 0
90f 5d1 080 800 6 6 0 4 1 1 800080 0
9cf fcc 040 800 8 8 0 5 1 1 800040 0
9af d3d 020 800 8 8 0 6 1 1 800020 0
99f abe 010 800 8 8 0 7 1 1 800010 0
987 07b 008 800 6 6 0 8 1 1 800008 0
98b 674 004 800 6 6 0 9 1 1 800004 0
98d 71a 002 800 6 6 0 a 1 1 800002 0
98e 6a9 001 800 6 6 0 b 1 1 800001 0
7b0 600 000 000 6 2 0 0 0 0 600000 0
f05 500 000 000 6 2 0 0 0 0 500000 0
936 480 000 000 6 2 0 0 0 0 480000 0
32b 440 000 000 6 2 0 0 0 0 440000 0
1da 420 000 000 6 2 0 0 0 0 420000 0
659 410 000 000 6 2 0 0 0 0 410000 0
c9c 408 000 000 6 2 0 0 0 0 408000 0
a93 404 000 000 6 2 0 0 0 0 404000 0
bfd 402 000 000 a 2 0 0 0 0 402000 0
a4e 401 000 000 6 2 0 0 0 0 401000 0
ce7 d8f 800 400 8 8 1 0 1 1 400800 0
0e7 0e7 400 400 6 6 1 1 1 1 400400 0
6e7 757 200 400 8 8 1 2 1 1 400200 0
5e7 fe2 100 400 8 8 1 3 1 1 400100 0
467 9d1 080 400 6 6 1 4 1 1 400080 0
4a7 3cc 040 400 6 6 1 5 1 1 400040 0
4c7 13d 020 400 6 6 1 6 1 1 400020 0
4f7 6be 010 400 8 8 1 7 1 1 400010 0
4ef c7b 008 400 8 8 1 8 1 1 400008 0
4e3 a74 004 400 6 6 1 9 1 1 400004 0
4e5 b1a 002 400 6 6 1 a 1 1 400002 0
4e6 aa9 001 400 6 6 1 b 1 1 400001 0
8b5 300 000 000 6 2 0 0 0 0 300000 0
e86 280 000 000 6 2 0 0 0 0 280000 0
49b 240 000 000 6 2 0 0 0 0 240000 0
66a 220 000 000 6 2 0 0 0 0 220000 0
1e9 210 000 000 6 2 0 0 0 0 210000 0
b2c 208 000 000 6 2 0 0 0 0 208000 0
d23 204 000 000 6 2 0 0 0 0 204000 0
c4d 202 000 000 6 2 0 0 0 0 202000 0
dfe 201 000 000 a 2 0 0 0 0 201000 0
b57 b8f 800 200 8 8 2 0 1 1 200800 0
757 6e7 400 200 8 8 2 1 1 1 200400 0
157 157 200 200 6 6 2 2 1 1 200200 0
257 9e2 100 200 6 6 2 3 1 1 200100 0
3d7 fd1 080 200 8 8 2 4 1 1 200080 0
317 5cc 040 200 6 6 2 5 1 1 200040 0
377 73d 020 200 8 8 2 6 1 1 200020 0
347 0be 010 200 6 6 2 7 1 1 200010 0
35f a7b 008 200 8 8 2 8 1 1 200008 0
353 c74 004 200 6 6 2 9 1 1 200004 0
355 d1a 002 200 6 6 2 a 1 1 200002 0
356 ca9 001 200 6 6 2 b 1 1 200001 0
633 180 000 000 6 2 0 0 0 0 180000 0
c2e 140 000 000 6 2 0 0 0 0 140000 0
edf 120 000 000 a 2 0 0 0 0 120000 0
95c 110 000 000 6 2 0 0 0 0 110000 0
399 108 000 000 6 2 0 0 0 0 108000 0
596 104 000 000 6 2 0 0 0 0 104000 0
4f8 102 000 000 6 2 0 0 0 0 102000 0
54b 101 000 000 6 2 0 0 0 0 101000 0
3e2 88f 800 100 6 6 3 0 1 1 100800 0
fe2 5e7 400 100 8 8 3 1 1 1 100400 0
9e2 257 200 100 6 6 3 2 1 1 100200 0
ae2 ae2 100 100 6 6 3 3 1 1 100100 0
b62 cd1 080 100 6 6 3 4 1 1 100080 0
ba2 6cc 040 100 6 6 3 5 1 1 100040 0
bc2 43d 020 100 6 6 3 6 1 1 100020 0
bf2 3be 010 100 8 8 3 7 1 1 100010 0
bea 97b 008 100 8 8 3 8 1 1 100008 0
be6 f74 004 100 8 8 3 9 1 1 100004 0
be0 e1a 002 100 6 6 3 a 1 1 100002 0
be3 fa9 001 100 8 8 3 b 1 1 100001 0
a1d 0c0 000 000 6 2 0 0 0 0 0c0000 0
8ec 0a0 000 000 6 2 0 0 0 0 0a0000 0
f6f 090 000 000 a 2 0 0 0 0 090000 0
5aa 088 000 000 6 2 0 0 0 0 088000 0
3a5 084 000 000 6 2 0 0 0 0 084000 0
2cb 082 000 000 6 2 0 0 0 0 082000 0
378 081 000 000 6 2 0 0 0 0 081000 0
5d1 90f 800 080 6 6 4 0 1 1 080800 0
9d1 467 400 080 6 6 4 1 1 1 080400 0
fd1 3d7 200 080 8 8 4 2 1 1 080200 0
cd1 b62 100 080 6 6 4 3 1 1 080100 0
d51 d51 080 080 6 6 4 4 1 1 080080 0
d91 74c 040 080 6 6 4 5 1 1 080040 0
df1 5bd 020 080 8 8 4 6 1 1 080020 0
dc1 23e 010 080 6 6 4 7 1 1 080010 0
dd9 8fb 008 080 8 8 4 8 1 1 080008 0
dd5 ef4 004 080 8 8 4 9 1 1 080004 0
dd3 f9a 002 080 8 8 4 a 1 1 080002 0
dd0 e29 001 080 6 6 4 b 1 1 080001 0
2f1 060 000 000 6 2 0 0 0 0 060000 0
572 050 000 000 6 2 0 0 0 0 050000 0
fb7 048 000 000 a 2 0 0 0 0 048000 0
9b8 044 000 000 6 2 0 0 0 0 044000 0
8d6 042 000 000 6 2 0 0 0 0 042000 0
965 041 000 000 6 2 0 0 0 0 041000 0
fcc 9cf 800 040 8 8 5 0 1 1 040800 0
3cc 4a7 400 040 6 6 5 1 1 1 040400 0
5cc 317 200 040 6 6 5 2 1 1 040200 0
6cc ba2 100 040 6 6 5 3 1 1 040100 0
74c d91 080 040 6 6 5 4 1 1 040080 0
78c 78c 040 040 6 6 5 5 1 1 040040 0
7ec 57d 020 040 8 8 5 6 1 1 040020 0
7dc 2fe 010 040 8 8 5 7 1 1 040010 0
7c4 83b 008 040 6 6 5 8 1 1 040008 0
7c8 e34 004 040 6 6 5 9 1 1 040004 0
7ce f5a 002 040 8 8 5 a 1 1 040002 0
7cd ee9 001 040 8 8 5 b 1 1 040001 0
783 030 000 000 6 2 0 0 0 0 030000 0
d46 028 000 000 6 2 0 0 0 0 028000 0
b49 024 000 000 6 2 0 0 0 0 024000 0
a27 022 000 000 6 2 0 0 0 0 022000 0
b94 021 000 000 6 2 0 0 0 0 021000 0
d3d 9af 800 020 8 8 6 0 1 1 020800 0
13d 4c7 400 020 6 6 6 1 1 1 020400 0
73d 377 200 020 8 8 6 2 1 1 020200 0
43d bc2 100 020 6 6 6 3 1 1 020100 0
5bd df1 080 020 8 8 6 4 1 1 020080 0
57d 7ec 040 020 8 8 6 5 1 1 020040 0
51d 51d 020 020 6 6 6 6 1 1 020020 0
52d 29e 010 020 6 6 6 7 1 1 020010 0
535 85b 008 020 6 6 6 8 1 1 020008 0
539 e54 004 020 6 6 6 9 1 1 020004 0
53f f3a 002 020 8 8 6 a 1 1 020002 0
53c e89 001 020 6 6 6 b 1 1 020001 0
ac5 018 000 000 6 2 0 0 0 0 018000 0
cca 014 000 000 6 2 0 0 0 0 014000 0
da4 012 000 000 6 2 0 0 0 0 012000 0
c17 011 000 000 6 2 0 0 0 0 011000 0
abe 99f 800 010 8 8 7 0 1 1 010800 0
6be 4f7 400 010 8 8 7 1 1 1 010400 0
0be 347 200 010 6 6 7 2 1 1 010200 0
3be bf2 100 010 8 8 7 3 1 1 010100 0
23e dc1 080 010 6 6 7 4 1 1 010080 0
2fe 7dc 040 010 8 8 7 5 1 1 010040 0
29e 52d 020 010 6 6 7 6 1 1 010020 0
2ae 2ae 010 010 6 6 7 7 1 1 010010 0
2b6 86b 008 010 6 6 7 8 1 1 010008 0
2ba e64 004 010 6 6 7 9 1 1 010004 0
2bc f0a 002 010 6 6 7 a 1 1 010002 0
2bf eb9 001 010 8 8 7 b 1 1 010001 0
60f 00c 000 000 6 2 0 0 0 0 00c000 0
761 00a 000 000 6 2 0 0 0 0 00a000 0
6d2 009 000 000 6 2 0 0 0 0 009000 0
07b 987 800 008 6 6 8 0 1 1 008800 0
c7b 4ef 400 008 8 8 8 1 1 1 008400 0
a7b 35f 200 008 8 8 8 2 1 1 008200 0
97b bea 100 008 8 8 8 3 1 1 008100 0
8fb dd9 080 008 8 8 8 4 1 1 008080 0
83b 7c4 040 008 6 6 8 5 1 1 008040 0
85b 535 020 008 6 6 8 6 1 1 008020 0
86b 2b6 010 008 6 6 8 7 1 1 008010 0
873 873 008 008 6 6 8 8 1 1 008008 0
87f e7c 004 008 8 8 8 9 1 1 008004 0
879 f12 002 008 6 6 8 a 1 1 008002 0
87a ea1 001 008 6 6 8 b 1 1 008001 0
16e 006 000 000 6 2 0 0 0 0 006000 0
0dd 005 000 000 6 2 0 0 0 0 005000 0
674 98b 800 004 6 6 9 0 1 1 004800 0
a74 4e3 400 004 6 6 9 1 1 1 004400 0
c74 353 200 004 6 6 9 2 1 1 004200 0
f74 be6 100 004 8 8 9 3 1 1 004100 0
ef4 dd5 080 004 8 8 9 4 1 1 004080 0
e34 7c8 040 004 6 6 9 5 1 1 004040 0
e54 539 020 004 6 6 9 6 1 1 004020 0
e64 2ba 010 004 6 6 9 7 1 1 004010 0
e7c 87f 008 004 8 8 9 8 1 1 004008 0
e70 e70 004 004 6 6 9 9 1 1 004004 0
e76 f1e 002 004 8 8 9 a 1 1 004002 0
e75 ead 001 004 8 8 9 b 1 1 004001 0
1b3 003 000 000 6 2 0 0 0 0 003000 0
71a 98d 800 002 6 6 a 0 1 1 002800 0
b1a 4e5 400 002 6 6 a 1 1 1 002400 0
d1a 355 200 002 6 6 a 2 1 1 002200 0
e1a be0 100 002 6 6 a 3 1 1 002100 0
f9a dd3 080 002 8 8 a 4 1 1 002080 0
f5a 7ce 040 002 8 8 a 5 1 1 002040 0
f3a 53f 020 002 8 8 a 6 1 1 002020 0
f0a 2bc 010 002 6 6 a 7 1 1 002010 0
f12 879 008 002 6 6 a 8 1 1 002008 0
f1e e76 004 002 8 8 a 9 1 1 002004 0
f18 f18 002 002 6 6 a a 1 1 002002 0
f1b eab 001 002 8 8 a b 1 1 002001 0
6a9 98e 800 001 6 6 b 0 1 1 001800 0
aa9 4e6 400 001 6 6 b 1 1 1 001400 0
ca9 356 200 001 6 6 b 2 1 1 001200 0
fa9 be3 100 001 8 8 b 3 1 1 001100 0
e29 dd0 080 001 6 6 b 4 1 1 001080 0
ee9 7cd 040 001 8 8 b 5 1 1 001040 0
e89 53c 020 001 6 6 b 6 1 1 001020 0
eb9 2bf 010 001 8 8 b 7 1 1 001010 0
ea1 87a 008 001 6 6 b 8 1 1 001008 0
ead e75 004 001 8 8 b 9 1 1 001004 0
eab f1b 002 001 8 8 b a 1 1 001002 0
ea8 ea8 001 001 6 6 b b 1 1 001001 0
c00 d68 000 000 2 6 0 0 0 0 000c00 0
a00 ad8 000 000 2 6 0 0 0 0 000a00 0
900 26d 000 000 2 6 0 0 0 0 000900 0
880 45e 000 000 2 6 0 0 0 0 000880 0
840 e43 000 000 2 6 0 0 0 0 000840 0
820 cb2 000 000 2 6 0 0 0 0 000820 0
810 b31 000 000 2 6 0 0 0 0 000810 0
808 1f4 000 000 2 6 0 0 0 0 000808 0
804 7fb 000 000 2 a 0 0 0 0 000804 0
802 695 000 000 2 6 0 0 0 0 000802 0
801 726 000 000 2 6 0 0 0 0 000801 0
600 7b0 000 000 2 6 0 0 0 0 000600 0
500 f05 000 000 2 6 0 0 0 0 000500 0
480 936 000 000 2 6 0 0 0 0 000480 0
440 32b 000 000 2 6 0 0 0 0 000440 0
420 1da 000 000 2 6 0 0 0 0 000420 0
410 659 000 000 2 6 0 0 0 0 000410 0
408 c9c 000 000 2 6 0 0 0 0 000408 0
404 a93 000 000 2 6 0 0 0 0 000404 0
402 bfd 000 000 2 a 0 0 0 0 000402 0
401 a4e 000 000 2 6 0 0 0 0 000401 0
300 8b5 000 000 2 6 0 0 0 0 000300 0
280 e86 000 000 2 6 0 0 0 0 000280 0
240 49b 000 000 2 6 0 0 0 0 000240 0
220 66a 000 000 2 6 0 0 0 0 000220 0
210 1e9 000 000 2 6 0 0 0 0 000210 0
208 b2c 000 000 2 6 0 0 0 0 000208 0
204 d23 000 000 2 6 0 0 0 0 000204 0
202 c4d 000 000 2 6 0 0 0 0 000202 0
201 dfe 000 000 2 a 0 0 0 0 000201 0
180 633 000 000 2 6 0 0 0 0 000180 0
140 c2e 000 000 2 6 0 0 0 0 000140 0
120 edf 000 000 2 a 0 0 0 0 000120 0
110 95c 000 000 2 6 0 0 0 0 000110 0
108 399 000 000 2 6 0 0 0 0 000108 0
104 596 000 000 2 6 0 0 0 0 000104 0
102 4f8 000 000 2 6 0 0 0 0 000102 0
101 54b 000 000 2 6 0 0 0 0 000101 0
0c0 a1d 000 000 2 6 0 0 0 0 0000c0 0
0a0 8ec 000 000 2 6 0 0 0 0 0000a0 0
090 f6f 000 000 2 a 0 0 0 0 000090 0
088 5aa 000 000 2 6 0 0 0 0 000088 0
084 3a5 000 000 2 6 0 0 0 0 000084 0
082 2cb 000 000 2 6 0 0 0 0 000082 0
081 378 000 000 2 6 0 0 0 0 000081 0
060 2f1 000 000 2 6 0 0 0 0 000060 0
050 572 000 000 2 6 0 0 0 0 000050 0
048 fb7 000 000 2 a 0 0 0 0 000048 0
044 9b8 000 000 2 6 0 0 0 0 000044 0
042 8d6 000 000 2 6 0 0 0 0 000042 0
041 965 000 000 2 6 0 0 0 0 000041 0
030 783 000 000 2 6 0 0 0 0 000030 0
028 d46 000 000 2 6 0 0 0 0 000028 0
024 b49 000 000 2 6 0 0 0 0 000024 0
022 a27 000 000 2 6 0 0 0 0 000022 0
021 b94 000 000 2 6 0 0 0 0 000021 0
018 ac5 000 000 2 6 0 0 0 0 000018 0
014 cca 000 000 2 6 0 0 0 0 000014 0
012 da4 000 000 2 6 0 0 0 0 000012 0
011 c17 000 000 2 6 0 0 0 0 000011 0
00c 60f 000 000 2 6 0 0 0 0 00000c 0
00a 761 000 000 2 6 0 0 0 0 00000a 0
009 6d2 000 000 2 6 0 0 0 0 000009 0
006 16e 000 000 2 6 0 0 0 0 000006 0
005 0dd 000 000 2 6 0 0 0 0 000005 0
003 1b3 000 000 2 6 0 0 0 0 000003 0
e3f e00 000 000 9 3 0 0 0 0 e00000 0
68a d00 000 000 5 3 0 0 0 0 d00000 0
0b9 c80 000 000 5 3 0 0 0 0 c80000 0
aa4 c40 000 000 5 3 0 0 0 0 c40000 0
855 c20 000 000 5 3 0 0 0 0 c20000 0
fd6 c10 000 000 9 3 0 0 0 0 c10000 0
513 c08 000 000 5 3 0 0 0 0 c08000 0
31c c04 000 000 5 3 0 0 0 0 c04000 0
272 c02 000 000 5 3 0 0 0 0 c02000 0
3c1 c01 000 000 5 3 0 0 0 0 c01000 0
568 58f 000 c00 5 7 0 0 0 1 c00800 0
968 8e7 000 c00 5 7 0 1 0 1 c00400 0
f68 f57 000 c00 7 9 0 2 0 1 c00200 0
c68 7e2 000 c00 5 7 0 3 0 1 c00100 0
de8 1d1 000 c00 7 5 0 4 0 1 c00080 0
d28 bcc 000 c00 5 7 0 5 0 1 c00040 0
d48 93d 000 c00 5 7 0 6 0 1 c00020 0
d78 ebe 000 c00 7 9 0 7 0 1 c00010 0
d60 47b 000 c00 5 7 0 8 0 1 c00008 0
d6c 274 000 c00 7 5 0 9 0 1 c00004 0
d6a 31a 000 c00 7 5 0 a 0 1 c00002 0
d69 2a9 000 c00 7 5 0 b 0 1 c00001 0
13a b00 000 000 5 3 0 0 0 0 b00000 0
709 a80 000 000 5 3 0 0 0 0 a80000 0
d14 a40 000 000 5 3 0 0 0 0 a40000 0
fe5 a20 000 000 9 3 0 0 0 0 a20000 0
866 a10 000 000 5 3 0 0 0 0 a10000 0
2a3 a08 000 000 5 3 0 0 0 0 a08000 0
4ac a04 000 000 5 3 0 0 0 0 a04000 0
5c2 a02 000 000 5 3 0 0 0 0 a02000 0
471 a01 000 000 5 3 0 0 0 0 a01000 0
2d8 38f 000 a00 5 7 0 0 0 1 a00800 0
ed8 ee7 000 a00 7 9 0 1 0 1 a00400 0
8d8 957 000 a00 5 7 0 2 0 1 a00200 0
bd8 1e2 000 a00 7 5 0 3 0 1 a00100 0
a58 7d1 000 a00 5 7 0 4 0 1 a00080 0
a98 dcc 000 a00 5 7 0 5 0 1 a00040 0
af8 f3d 000 a00 7 9 0 6 0 1 a00020 0
ac8 8be 000 a00 5 7 0 7 0 1 a00010 0
ad0 27b 000 a00 5 7 0 8 0 1 a00008 0
adc 474 000 a00 7 5 0 9 0 1 a00004 0
ada 51a 000 a00 7 5 0 a 0 1 a00002 0
ad9 4a9 000 a00 7 5 0 b 0 1 a00001 0
fbc 980 000 000 9 3 0 0 0 0 980000 0
5a1 940 000 000 5 3 0 0 0 0 940000 0
750 920 000 000 5 3 0 0 0 0 920000 0
0d3 910 000 000 5 3 0 0 0 0 910000 0
a16 908 000 000 5 3 0 0 0 0 908000 0
c19 904 000 000 5 3 0 0 0 0 904000 0
d77 902 000 000 9 3 0 0 0 0 902000 0
cc4 901 000 000 5 3 0 0 0 0 901000 0
a6d 08f 000 900 7 5 0 0 0 1 900800 0
66d de7 000 900 7 9 0 1 0 1 900400 0
06d a57 000 900 5 7 0 2 0 1 900200 0
36d 2e2 000 900 7 5 0 3 0 1 900100 0
2ed 4d1 000 900 7 5 0 4 0 1 900080 0
22d ecc 000 900 5 7 0 5 0 1 900040 0
24d c3d 000 900 5 7 0 6 0 1 900020 0
27d bbe 000 900 7 9 0 7 0 1 900010 0
265 17b 000 900 5 7 0 8 0 1 900008 0
269 774 000 900 5 7 0 9 0 1 900004 0
26f 61a 000 900 7 5 0 a 0 1 900002 0
26c 7a9 000 900 5 7 0 b 0 1 900001 0
392 8c0 000 000 5 3 0 0 0 0 8c0000 0
163 8a0 000 000 5 3 0 0 0 0 8a0000 0
6e0 890 000 000 5 3 0 0 0 0 890000 0
c25 888 000 000 5 3 0 0 0 0 888000 0
a2a 884 000 000 5 3 0 0 0 0 884000 0
b44 882 000 000 5 3 0 0 0 0 882000 0
af7 881 000 000 9 3 0 0 0 0 881000 0
c5e 10f 000 880 7 5 0 0 0 1 880800 0
05e c67 000 880 5 7 0 1 0 1 880400 0
65e bd7 000 880 7 9 0 2 0 1 880200 0
55e 362 000 880 7 5 0 3 0 1 880100 0
4de 551 000 880 7 5 0 4 0 1 880080 0
41e f4c 000 880 5 7 0 5 0 1 880040 0
47e dbd 000 880 7 9 0 6 0 1 880020 0
44e a3e 000 880 5 7 0 7 0 1 880010 0
456 0fb 000 880 5 7 0 8 0 1 880008 0
45a 6f4 000 880 5 7 0 9 0 1 880004 0
45c 79a 000 880 5 7 0 a 0 1 880002 0
45f 629 000 880 7 5 0 b 0 1 880001 0
b7e 860 000 000 9 3 0 0 0 0 860000 0
cfd 850 000 000 9 3 0 0 0 0 850000 0
638 848 000 000 5 3 0 0 0 0 848000 0
037 844 000 000 5 3 0 0 0 0 844000 0
159 842 000 000 5 3 0 0 0 0 842000 0
0ea 841 000 000 5 3 0 0 0 0 841000 0
643 1cf 000 840 5 7 0 0 0 1 840800 0
a43 ca7 000 840 5 7 0 1 0 1 840400 0
c43 b17 000 840 5 7 0 2 0 1 840200 0
f43 3a2 000 840 7 5 0 3 0 1 840100 0
ec3 591 000 840 7 5 0 4 0 1 840080 0
e03 f8c 000 840 5 7 0 5 0 1 840040 0
e63 d7d 000 840 7 9 0 6 0 1 840020 0
e53 afe 000 840 7 9 0 7 0 1 840010 0
e4b 03b 000 840 7 5 0 8 0 1 840008 0
e47 634 000 840 7 5 0 9 0 1 840004 0
e41 75a 000 840 5 7 0 a 0 1 840002 0
e42 6e9 000 840 5 7 0 b 0 1 840001 0
e0c 830 000 000 5 3 0 0 0 0 830000 0
4c9 828 000 000 5 3 0 0 0 0 828000 0
2c6 824 000 000 5 3 0 0 0 0 824000 0
3a8 822 000 000 5 3 0 0 0 0 822000 0
21b 821 000 000 5 3 0 0 0 0 821000 0
4b2 1af 000 820 5 7 0 0 0 1 820800 0
8b2 cc7 000 820 5 7 0 1 0 1 820400 0
eb2 b77 000 820 7 9 0 2 0 1 820200 0
db2 3c2 000 820 7 5 0 3 0 1 820100 0
c32 5f1 000 820 5 7 0 4 0 1 820080 0
cf2 fec 000 820 7 9 0 5 0 1 820040 0
c92 d1d 000 820 5 7 0 6 0 1 820020 0
ca2 a9e 000 820 5 7 0 7 0 1 820010 0
cba 05b 000 820 7 5 0 8 0 1 820008 0
cb6 654 000 820 7 5 0 9 0 1 820004 0
cb0 73a 000 820 5 7 0 a 0 1 820002 0
cb3 689 000 820 7 5 0 b 0 1 820001 0
34a 818 000 000 5 3 0 0 0 0 818000 0
545 814 000 000 5 3 0 0 0 0 814000 0
42b 812 000 000 5 3 0 0 0 0 812000 0
598 811 000 000 5 3 0 0 0 0 811000 0
331 19f 000 810 5 7 0 0 0 1 810800 0
f31 cf7 000 810 7 9 0 1 0 1 810400 0
931 b47 000 810 5 7 0 2 0 1 810200 0
a31 3f2 000 810 5 7 0 3 0 1 810100 0
bb1 5c1 000 810 7 5 0 4 0 1 810080 0
b71 fdc 000 810 7 9 0 5 0 1 810040 0
b11 d2d 000 810 5 7 0 6 0 1 810020 0
b21 aae 000 810 5 7 0 7 0 1 810010 0
b39 06b 000 810 7 5 0 8 0 1 810008 0
b35 664 000 810 7 5 0 9 0 1 810004 0
b33 70a 000 810 7 5 0 a 0 1 810002 0
b30 6b9 000 810 5 7 0 b 0 1 810001 0
f80 80c 000 000 5 3 0 0 0 0 80c000 0
eee 80a 000 000 9 3 0 0 0 0 80a000 0
f5d 809 000 000 9 3 0 0 0 0 809000 0
9f4 187 000 808 7 5 0 0 0 1 808800 0
5f4 cef 000 808 7 9 0 1 0 1 808400 0
3f4 b5f 000 808 7 9 0 2 0 1 808200 0
0f4 3ea 000 808 5 7 0 3 0 1 808100 0
174 5d9 000 808 5 7 0 4 0 1 808080 0
1b4 fc4 000 808 5 7 0 5 0 1 808040 0
1d4 d35 000 808 5 7 0 6 0 1 808020 0
1e4 ab6 000 808 5 7 0 7 0 1 808010 0
1fc 073 000 808 7 5 0 8 0 1 808008 0
1f0 67c 000 808 5 7 0 9 0 1 808004 0
1f6 712 000 808 7 5 0 a 0 1 808002 0
1f5 6a1 000 808 7 5 0 b 0 1 808001 0
8e1 806 000 000 5 3 0 0 0 0 806000 0
952 805 000 000 5 3 0 0 0 0 805000 0
ffb 18b 000 804 b 5 0 0 0 1 804800 0
3fb ce3 000 804 9 7 0 1 0 1 804400 0
5fb b53 000 804 9 7 0 2 0 1 804200 0
6fb 3e6 000 804 9 7 0 3 0 1 804100 0
77b 5d5 000 804 9 7 0 4 0 1 804080 0
7bb fc8 000 804 9 7 0 5 0 1 804040 0
7db d39 000 804 9 7 0 6 0 1 804020 0
7eb aba 000 804 9 7 0 7 0 1 804010 0
7f3 07f 000 804 9 7 0 8 0 1 804008 0
7ff 670 000 804 b 5 0 9 0 1 804004 0
7f9 71e 000 804 9 7 0 a 0 1 804002 0
7fa 6ad 000 804 9 7 0 b 0 1 804001 0
83c 803 000 000 5 3 0 0 0 0 803000 0
e95 18d 000 802 7 5 0 0 0 1 802800 0
295 ce5 000 802 5 7 0 1 0 1 802400 0
495 b55 000 802 5 7 0 2 0 1 802200 0
795 3e0 000 802 7 5 0 3 0 1 802100 0
615 5d3 000 802 5 7 0 4 0 1 802080 0
6d5 fce 000 802 7 9 0 5 0 1 802040 0
6b5 d3f 000 802 7 9 0 6 0 1 802020 0
685 abc 000 802 5 7 0 7 0 1 802010 0
69d 079 000 802 7 5 0 8 0 1 802008 0
691 676 000 802 5 7 0 9 0 1 802004 0
697 718 000 802 7 5 0 a 0 1 802002 0
694 6ab 000 802 5 7 0 b 0 1 802001 0
f26 18e 000 801 7 5 0 0 0 1 801800 0
326 ce6 000 801 5 7 0 1 0 1 801400 0
526 b56 000 801 5 7 0 2 0 1 801200 0
626 3e3 000 801 5 7 0 3 0 1 801100 0
7a6 5d0 000 801 7 5 0 4 0 1 801080 0
766 fcd 000 801 7 9 0 5 0 1 801040 0
706 d3c 000 801 5 7 0 6 0 1 801020 0
736 abf 000 801 7 9 0 7 0 1 801010 0
72e 07a 000 801 7 5 0 8 0 1 801008 0
722 675 000 801 5 7 0 9 0 1 801004 0
724 71b 000 801 5 7 0 a 0 1 801002 0
727 6a8 000 801 7 5 0 b 0 1 801001 0
58f 568 c00 000 7 5 0 0 1 0 800c00 0
38f 2d8 a00 000 7 5 0 0 1 0 800a00 0
08f a6d 900 000 5 7 0 0 1 0 800900 0
10f c5e 880 000 5 7 0 0 1 0 800880 0
1cf 643 840 000 7 5 0 0 1 0 800840 0
1af 4b2 820 000 7 5 0 0 1 0 800820 0
19f 331 810 000 7 5 0 0 1 0 800810 0
187 9f4 808 000 5 7 0 0 1 0 800808 0
18b ffb 804 000 5 b 0 0 1 0 800804 0
18d e95 802 000 5 7 0 0 1 0 800802 0
18e f26 801 000 5 7 0 0 1 0 800801 0
f8f fb0 600 000 9 7 0 0 1 0 800600 0
c8f 705 500 000 7 5 0 0 1 0 800500 0
d0f 136 480 000 7 5 0 0 1 0 800480 0
dcf b2b 440 000 9 7 0 0 1 0 800440 0
daf 9da 420 000 9 7 0 0 1 0 800420 0
d9f e59 410 000 9 7 0 0 1 0 800410 0
d87 49c 408 000 7 5 0 0 1 0 800408 0
d8b 293 404 000 7 5 0 0 1 0 800404 0
d8d 3fd 402 000 7 9 0 0 1 0 800402 0
d8e 24e 401 000 7 5 0 0 1 0 800401 0
a8f 0b5 300 000 7 5 0 0 1 0 800300 0
b0f 686 280 000 7 5 0 0 1 0 800280 0
bcf c9b 240 000 9 7 0 0 1 0 800240 0
baf e6a 220 000 9 7 0 0 1 0 800220 0
b9f 9e9 210 000 9 7 0 0 1 0 800210 0
b87 32c 208 000 7 5 0 0 1 0 800208 0
b8b 523 204 000 7 5 0 0 1 0 800204 0
b8d 44d 202 000 7 5 0 0 1 0 800202 0
b8e 5fe 201 000 7 9 0 0 1 0 800201 0
80f e33 180 000 5 7 0 0 1 0 800180 0
8cf 42e 140 000 7 5 0 0 1 0 800140 0
8af 6df 120 000 7 9 0 0 1 0 800120 0
89f 15c 110 000 7 5 0 0 1 0 800110 0
887 b99 108 000 5 7 0 0 1 0 800108 0
88b d96 104 000 5 7 0 0 1 0 800104 0
88d cf8 102 000 5 7 0 0 1 0 800102 0
88e d4b 101 000 5 7 0 0 1 0 800101 0
94f 21d 0c0 000 7 5 0 0 1 0 8000c0 0
92f 0ec 0a0 000 7 5 0 0 1 0 8000a0 0
91f 76f 090 000 7 9 0 0 1 0 800090 0
907 daa 088 000 5 7 0 0 1 0 800088 0
90b ba5 084 000 5 7 0 0 1 0 800084 0
90d acb 082 000 5 7 0 0 1 0 800082 0
90e b78 081 000 5 7 0 0 1 0 800081 0
9ef af1 060 000 9 7 0 0 1 0 800060 0
9df d72 050 000 9 7 0 0 1 0 800050 0
9c7 7b7 048 000 7 9 0 0 1 0 800048 0
9cb 1b8 044 000 7 5 0 0 1 0 800044 0
9cd 0d6 042 000 7 5 0 0 1 0 800042 0
9ce 165 041 000 7 5 0 0 1 0 800041 0
9bf f83 030 000 9 7 0 0 1 0 800030 0
9a7 546 028 000 7 5 0 0 1 0 800028 0
9ab 349 024 000 7 5 0 0 1 0 800024 0
9ad 227 022 000 7 5 0 0 1 0 800022 0
9ae 394 021 000 7 5 0 0 1 0 800021 0
997 2c5 018 000 7 5 0 0 1 0 800018 0
99b 4ca 014 000 7 5 0 0 1 0 800014 0
99d 5a4 012 000 7 5 0 0 1 0 800012 0
99e 417 011 000 7 5 0 0 1 0 800011 0
983 e0f 00c 000 5 7 0 0 1 0 80000c 0
985 f61 00a 000 5 7 0 0 1 0 80000a 0
986 ed2 009 000 5 7 0 0 1 0 800009 0
989 96e 006 000 5 7 0 0 1 0 800006 0
98a 8dd 005 000 5 7 0 0 1 0 800005 0
98c 9b3 003 000 5 7 0 0 1 0 800003 0
c52 700 000 000 5 3 0 0 0 0 700000 0
a61 680 000 000 5 3 0 0 0 0 680000 0
07c 640 000 000 5 3 0 0 0 0 640000 0
28d 620 000 000 5 3 0 0 0 0 620000 0
50e 610 000 000 5 3 0 0 0 0 610000 0
fcb 608 000 000 9 3 0 0 0 0 608000 0
9c4 604 000 000 5 3 0 0 0 0 604000 0
8aa 602 000 000 5 3 0 0 0 0 602000 0
919 601 000 000 5 3 0 0 0 0 601000 0
fb0 f8f 000 600 7 9 0 0 0 1 600800 0
3b0 2e7 000 600 5 7 0 1 0 1 600400 0
5b0 557 000 600 5 7 0 2 0 1 600200 0
6b0 de2 000 600 5 7 0 3 0 1 600100 0
730 bd1 000 600 5 7 0 4 0 1 600080 0
7f0 1cc 000 600 7 5 0 5 0 1 600040 0
790 33d 000 600 5 7 0 6 0 1 600020 0
7a0 4be 000 600 5 7 0 7 0 1 600010 0
7b8 e7b 000 600 7 9 0 8 0 1 600008 0
7b4 874 000 600 7 5 0 9 0 1 600004 0
7b2 91a 000 600 7 5 0 a 0 1 600002 0
7b1 8a9 000 600 7 5 0 b 0 1 600001 0
2d4 580 000 000 5 3 0 0 0 0 580000 0
8c9 540 000 000 5 3 0 0 0 0 540000 0
a38 520 000 000 5 3 0 0 0 0 520000 0
dbb 510 000 000 9 3 0 0 0 0 510000 0
77e 508 000 000 9 3 0 0 0 0 508000 0
171 504 000 000 5 3 0 0 0 0 504000 0
01f 502 000 000 5 3 0 0 0 0 502000 0
1ac 501 000 000 5 3 0 0 0 0 501000 0
705 c8f 000 500 5 7 0 0 0 1 500800 0
b05 1e7 000 500 5 7 0 1 0 1 500400 0
d05 657 000 500 5 7 0 2 0 1 500200 0
e05 ee2 000 500 5 7 0 3 0 1 500100 0
f85 8d1 000 500 7 5 0 4 0 1 500080 0
f45 2cc 000 500 7 5 0 5 0 1 500040 0
f25 03d 000 500 7 5 0 6 0 1 500020 0
f15 7be 000 500 7 9 0 7 0 1 500010 0
f0d d7b 000 500 7 9 0 8 0 1 500008 0
f01 b74 000 500 5 7 0 9 0 1 500004 0
f07 a1a 000 500 7 5 0 a 0 1 500002 0
f04 ba9 000 500 5 7 0 b 0 1 500001 0
efa 4c0 000 000 9 3 0 0 0 0 4c0000 0
c0b 4a0 000 000 5 3 0 0 0 0 4a0000 0
b88 490 000 000 5 3 0 0 0 0 490000 0
14d 488 000 000 5 3 0 0 0 0 488000 0
742 484 000 000 5 3 0 0 0 0 484000 0
62c 482 000 000 5 3 0 0 0 0 482000 0
79f 481 000 000 9 3 0 0 0 0 481000 0
136 d0f 000 480 5 7 0 0 0 1 480800 0
d36 067 000 480 7 5 0 1 0 1 480400 0
b36 7d7 000 480 7 9 0 2 0 1 480200 0
836 f62 000 480 5 7 0 3 0 1 480100 0
9b6 951 000 480 7 5 0 4 0 1 480080 0
976 34c 000 480 7 5 0 5 0 1 480040 0
916 1bd 000 480 5 7 0 6 0 1 480020 0
926 63e 000 480 5 7 0 7 0 1 480010 0
93e cfb 000 480 7 9 0 8 0 1 480008 0
932 af4 000 480 5 7 0 9 0 1 480004 0
934 b9a 000 480 5 7 0 a 0 1 480002 0
937 a29 000 480 7 5 0 b 0 1 480001 0
616 460 000 000 5 3 0 0 0 0 460000 0
195 450 000 000 5 3 0 0 0 0 450000 0
b50 448 000 000 5 3 0 0 0 0 448000 0
d5f 444 000 000 9 3 0 0 0 0 444000 0
c31 442 000 000 5 3 0 0 0 0 442000 0
d82 441 000 000 5 3 0 0 0 0 441000 0
b2b dcf 000 440 7 9 0 0 0 1 440800 0
72b 0a7 000 440 7 5 0 1 0 1 440400 0
12b 717 000 440 5 7 0 2 0 1 440200 0
22b fa2 000 440 5 7 0 3 0 1 440100 0
3ab 991 000 440 7 5 0 4 0 1 440080 0
36b 38c 000 440 7 5 0 5 0 1 440040 0
30b 17d 000 440 5 7 0 6 0 1 440020 0
33b 6fe 000 440 7 9 0 7 0 1 440010 0
323 c3b 000 440 5 7 0 8 0 1 440008 0
32f a34 000 440 7 5 0 9 0 1 440004 0
329 b5a 000 440 5 7 0 a 0 1 440002 0
32a ae9 000 440 5 7 0 b 0 1 440001 0
364 430 000 000 5 3 0 0 0 0 430000 0
9a1 428 000 000 5 3 0 0 0 0 428000 0
fae 424 000 000 9 3 0 0 0 0 424000 0
ec0 422 000 000 5 3 0 0 0 0 422000 0
f73 421 000 000 9 3 0 0 0 0 421000 0
9da daf 000 420 7 9 0 0 0 1 420800 0
5da 0c7 000 420 7 5 0 1 0 1 420400 0
3da 777 000 420 7 9 0 2 0 1 420200 0
0da fc2 000 420 5 7 0 3 0 1 420100 0
15a 9f1 000 420 5 7 0 4 0 1 420080 0
19a 3ec 000 420 5 7 0 5 0 1 420040 0
1fa 11d 000 420 7 5 0 6 0 1 420020 0
1ca 69e 000 420 5 7 0 7 0 1 420010 0
1d2 c5b 000 420 5 7 0 8 0 1 420008 0
1de a54 000 420 7 5 0 9 0 1 420004 0
1d8 b3a 000 420 5 7 0 a 0 1 420002 0
1db a89 000 420 7 5 0 b 0 1 420001 0
e22 418 000 000 5 3 0 0 0 0 418000 0
82d 414 000 000 5 3 0 0 0 0 414000 0
943 412 000 000 5 3 0 0 0 0 412000 0
8f0 411 000 000 5 3 0 0 0 0 411000 0
e59 d9f 000 410 7 9 0 0 0 1 410800 0
259 0f7 000 410 5 7 0 1 0 1 410400 0
459 747 000 410 5 7 0 2 0 1 410200 0
759 ff2 000 410 7 9 0 3 0 1 410100 0
6d9 9c1 000 410 7 5 0 4 0 1 410080 0
619 3dc 000 410 5 7 0 5 0 1 410040 0
679 12d 000 410 7 5 0 6 0 1 410020 0
649 6ae 000 410 5 7 0 7 0 1 410010 0
651 c6b 000 410 5 7 0 8 0 1 410008 0
65d a64 000 410 7 5 0 9 0 1 410004 0
65b b0a 000 410 7 5 0 a 0 1 410002 0
658 ab9 000 410 5 7 0 b 0 1 410001 0
2e8 40c 000 000 5 3 0 0 0 0 40c000 0
386 40a 000 000 5 3 0 0 0 0 40a000 0
235 409 000 000 5 3 0 0 0 0 409000 0
49c d87 000 408 5 7 0 0 0 1 408800 0
89c 0ef 000 408 5 7 0 1 0 1 408400 0
e9c 75f 000 408 7 9 0 2 0 1 408200 0
d9c fea 000 408 7 9 0 3 0 1 408100 0
c1c 9d9 000 408 5 7 0 4 0 1 408080 0
cdc 3c4 000 408 7 5 0 5 0 1 408040 0
cbc 135 000 408 7 5 0 6 0 1 408020 0
c8c 6b6 000 408 5 7 0 7 0 1 408010 0
c94 c73 000 408 5 7 0 8 0 1 408008 0
c98 a7c 000 408 5 7 0 9 0 1 408004 0
c9e b12 000 408 7 5 0 a 0 1 408002 0
c9d aa1 000 408 7 5 0 b 0 1 408001 0
589 406 000 000 5 3 0 0 0 0 406000 0
43a 405 000 000 5 3 0 0 0 0 405000 0
293 d8b 000 404 5 7 0 0 0 1 404800 0
e93 0e3 000 404 7 5 0 1 0 1 404400 0
893 753 000 404 5 7 0 2 0 1 404200 0
b93 fe6 000 404 7 9 0 3 0 1 404100 0
a13 9d5 000 404 5 7 0 4 0 1 404080 0
ad3 3c8 000 404 7 5 0 5 0 1 404040 0
ab3 139 000 404 7 5 0 6 0 1 404020 0
a83 6ba 000 404 5 7 0 7 0 1 404010 0
a9b c7f 000 404 7 9 0 8 0 1 404008 0
a97 a70 000 404 7 5 0 9 0 1 404004 0
a91 b1e 000 404 5 7 0 a 0 1 404002 0
a92 aad 000 404 5 7 0 b 0 1 404001 0
554 403 000 000 5 3 0 0 0 0 403000 0
3fd d8d 000 402 9 7 0 0 0 1 402800 0
ffd 0e5 000 402 b 5 0 1 0 1 402400 0
9fd 755 000 402 9 7 0 2 0 1 402200 0
afd fe0 000 402 9 7 0 3 0 1 402100 0
b7d 9d3 000 402 9 7 0 4 0 1 402080 0
bbd 3ce 000 402 9 7 0 5 0 1 402040 0
bdd 13f 000 402 9 7 0 6 0 1 402020 0
bed 6bc 000 402 9 7 0 7 0 1 402010 0
bf5 c79 000 402 9 7 0 8 0 1 402008 0
bf9 a76 000 402 9 7 0 9 0 1 402004 0
bff b18 000 402 b 5 0 a 0 1 402002 0
bfc aab 000 402 9 7 0 b 0 1 402001 0
24e d8e 000 401 5 7 0 0 0 1 401800 0
e4e 0e6 000 401 7 5 0 1 0 1 401400 0
84e 756 000 401 5 7 0 2 0 1 401200 0
b4e fe3 000 401 7 9 0 3 0 1 401100 0
ace 9d0 000 401 7 5 0 4 0 1 401080 0
a0e 3cd 000 401 5 7 0 5 0 1 401040 0
a6e 13c 000 401 7 5 0 6 0 1 401020 0
a5e 6bf 000 401 7 9 0 7 0 1 401010 0
a46 c7a 000 401 5 7 0 8 0 1 401008 0
a4a a75 000 401 5 7 0 9 0 1 401004 0
a4c b1b 000 401 5 7 0 a 0 1 401002 0
a4f aa8 000 401 7 5 0 b 0 1 401001 0
8e7 968 c00 000 7 5 1 0 1 0 400c00 0
ee7 ed8 a00 000 9 7 1 0 1 0 400a00 0
de7 66d 900 000 9 7 1 0 1 0 400900 0
c67 05e 880 000 7 5 1 0 1 0 400880 0
ca7 a43 840 000 7 5 1 0 1 0 400840 0
cc7 8b2 820 000 7 5 1 0 1 0 400820 0
cf7 f31 810 000 9 7 1 0 1 0 400810 0
cef 5f4 808 000 9 7 1 0 1 0 400808 0
ce3 3fb 804 000 7 9 1 0 1 0 400804 0
ce5 295 802 000 7 5 1 0 1 0 400802 0
ce6 326 801 000 7 5 1 0 1 0 400801 0
2e7 3b0 600 000 7 5 1 0 1 0 400600 0
1e7 b05 500 000 7 5 1 0 1 0 400500 0
067 d36 480 000 5 7 1 0 1 0 400480 0
0a7 72b 440 000 5 7 1 0 1 0 400440 0
0c7 5da 420 000 5 7 1 0 1 0 400420 0
0f7 259 410 000 7 5 1 0 1 0 400410 0
0ef 89c 408 000 7 5 1 0 1 0 400408 0
0e3 e93 404 000 5 7 1 0 1 0 400404 0
0e5 ffd 402 000 5 b 1 0 1 0 400402 0
0e6 e4e 401 000 5 7 1 0 1 0 400401 0
7e7 cb5 300 000 9 7 1 0 1 0 400300 0
667 a86 280 000 7 5 1 0 1 0 400280 0
6a7 09b 240 000 7 5 1 0 1 0 400240 0
6c7 26a 220 000 7 5 1 0 1 0 400220 0
6f7 5e9 210 000 9 7 1 0 1 0 400210 0
6ef f2c 208 000 9 7 1 0 1 0 400208 0
6e3 923 204 000 7 5 1 0 1 0 400204 0
6e5 84d 202 000 7 5 1 0 1 0 400202 0
6e6 9fe 201 000 7 9 1 0 1 0 400201 0
567 233 180 000 7 5 1 0 1 0 400180 0
5a7 82e 140 000 7 5 1 0 1 0 400140 0
5c7 adf 120 000 7 9 1 0 1 0 400120 0
5f7 d5c 110 000 9 7 1 0 1 0 400110 0
5ef 799 108 000 9 7 1 0 1 0 400108 0
5e3 196 104 000 7 5 1 0 1 0 400104 0
5e5 0f8 102 000 7 5 1 0 1 0 400102 0
5e6 14b 101 000 7 5 1 0 1 0 400101 0
427 e1d 0c0 000 5 7 1 0 1 0 4000c0 0
447 cec 0a0 000 5 7 1 0 1 0 4000a0 0
477 b6f 090 000 7 9 1 0 1 0 400090 0
46f 1aa 088 000 7 5 1 0 1 0 400088 0
463 7a5 084 000 5 7 1 0 1 0 400084 0
465 6cb 082 000 5 7 1 0 1 0 400082 0
466 778 081 000 5 7 1 0 1 0 400081 0
487 6f1 060 000 5 7 1 0 1 0 400060 0
4b7 172 050 000 7 5 1 0 1 0 400050 0
4af bb7 048 000 7 9 1 0 1 0 400048 0
4a3 db8 044 000 5 7 1 0 1 0 400044 0
4a5 cd6 042 000 5 7 1 0 1 0 400042 0
4a6 d65 041 000 5 7 1 0 1 0 400041 0
4d7 383 030 000 7 5 1 0 1 0 400030 0
4cf 946 028 000 7 5 1 0 1 0 400028 0
4c3 f49 024 000 5 7 1 0 1 0 400024 0
4c5 e27 022 000 5 7 1 0 1 0 400022 0
4c6 f94 021 000 5 7 1 0 1 0 400021 0
4ff ec5 018 000 9 7 1 0 1 0 400018 0
4f3 8ca 014 000 7 5 1 0 1 0 400014 0
4f5 9a4 012 000 7 5 1 0 1 0 400012 0
4f6 817 011 000 7 5 1 0 1 0 400011 0
4eb 20f 00c 000 7 5 1 0 1 0 40000c 0
4ed 361 00a 000 7 5 1 0 1 0 40000a 0
4ee 2d2 009 000 7 5 1 0 1 0 400009 0
4e1 56e 006 000 5 7 1 0 1 0 400006 0
4e2 4dd 005 000 5 7 1 0 1 0 400005 0
4e4 5b3 003 000 5 7 1 0 1 0 400003 0
564 380 000 000 5 3 0 0 0 0 380000 0
f79 340 000 000 9 3 0 0 0 0 340000 0
d88 320 000 000 5 3 0 0 0 0 320000 0
a0b 310 000 000 5 3 0 0 0 0 310000 0
0ce 308 000 000 5 3 0 0 0 0 308000 0
6c1 304 000 000 5 3 0 0 0 0 304000 0
7af 302 000 000 9 3 0 0 0 0 302000 0
61c 301 000 000 5 3 0 0 0 0 301000 0
0b5 a8f 000 300 5 7 0 0 0 1 300800 0
cb5 7e7 000 300 7 9 0 1 0 1 300400 0
ab5 057 000 300 7 5 0 2 0 1 300200 0
9b5 8e2 000 300 7 5 0 3 0 1 300100 0
835 ed1 000 300 5 7 0 4 0 1 300080 0
8f5 4cc 000 300 7 5 0 5 0 1 300040 0
895 63d 000 300 5 7 0 6 0 1 300020 0
8a5 1be 000 300 5 7 0 7 0 1 300010 0
8bd b7b 000 300 7 9 0 8 0 1 300008 0
8b1 d74 000 300 5 7 0 9 0 1 300004 0
8b7 c1a 000 300 7 5 0 a 0 1 300002 0
8b4 da9 000 300 5 7 0 b 0 1 300001 0
94a 2c0 000 000 5 3 0 0 0 0 2c0000 0
bbb 2a0 000 000 9 3 0 0 0 0 2a0000 0
c38 290 000 000 5 3 0 0 0 0 290000 0
6fd 288 000 000 9 3 0 0 0 0 288000 0
0f2 284 000 000 5 3 0 0 0 0 284000 0
19c 282 000 000 5 3 0 0 0 0 282000 0
02f 281 000 000 5 3 0 0 0 0 281000 0
686 b0f 000 280 5 7 0 0 0 1 280800 0
a86 667 000 280 5 7 0 1 0 1 280400 0
c86 1d7 000 280 5 7 0 2 0 1 280200 0
f86 962 000 280 7 5 0 3 0 1 280100 0
e06 f51 000 280 5 7 0 4 0 1 280080 0
ec6 54c 000 280 7 5 0 5 0 1 280040 0
ea6 7bd 000 280 7 9 0 6 0 1 280020 0
e96 03e 000 280 7 5 0 7 0 1 280010 0
e8e afb 000 280 7 9 0 8 0 1 280008 0
e82 cf4 000 280 5 7 0 9 0 1 280004 0
e84 d9a 000 280 5 7 0 a 0 1 280002 0
e87 c29 000 280 7 5 0 b 0 1 280001 0
1a6 260 000 000 5 3 0 0 0 0 260000 0
625 250 000 000 5 3 0 0 0 0 250000 0
ce0 248 000 000 5 3 0 0 0 0 248000 0
aef 244 000 000 9 3 0 0 0 0 244000 0
b81 242 000 000 5 3 0 0 0 0 242000 0
a32 241 000 000 5 3 0 0 0 0 241000 0
c9b bcf 000 240 7 9 0 0 0 1 240800 0
09b 6a7 000 240 5 7 0 1 0 1 240400 0
69b 117 000 240 7 5 0 2 0 1 240200 0
59b 9a2 000 240 7 5 0 3 0 1 240100 0
41b f91 000 240 5 7 0 4 0 1 240080 0
4db 58c 000 240 7 5 0 5 0 1 240040 0
4bb 77d 000 240 7 9 0 6 0 1 240020 0
48b 0fe 000 240 5 7 0 7 0 1 240010 0
493 a3b 000 240 5 7 0 8 0 1 240008 0
49f c34 000 240 7 5 0 9 0 1 240004 0
499 d5a 000 240 5 7 0 a 0 1 240002 0
49a ce9 000 240 5 7 0 b 0 1 240001 0
4d4 230 000 000 5 3 0 0 0 0 230000 0
e11 228 000 000 5 3 0 0 0 0 228000 0
81e 224 000 000 5 3 0 0 0 0 224000 0
970 222 000 000 5 3 0 0 0 0 222000 0
8c3 221 000 000 5 3 0 0 0 0 221000 0
e6a baf 000 220 7 9 0 0 0 1 220800 0
26a 6c7 000 220 5 7 0 1 0 1 220400 0
46a 177 000 220 5 7 0 2 0 1 220200 0
76a 9c2 000 220 7 5 0 3 0 1 220100 0
6ea ff1 000 220 7 9 0 4 0 1 220080 0
62a 5ec 000 220 5 7 0 5 0 1 220040 0
64a 71d 000 220 5 7 0 6 0 1 220020 0
67a 09e 000 220 7 5 0 7 0 1 220010 0
662 a5b 000 220 5 7 0 8 0 1 220008 0
66e c54 000 220 7 5 0 9 0 1 220004 0
668 d3a 000 220 5 7 0 a 0 1 220002 0
66b c89 000 220 7 5 0 b 0 1 220001 0
992 218 000 000 5 3 0 0 0 0 218000 0
f9d 214 000 000 9 3 0 0 0 0 214000 0
ef3 212 000 000 9 3 0 0 0 0 212000 0
f40 211 000 000 5 3 0 0 0 0 211000 0
9e9 b9f 000 210 7 9 0 0 0 1 210800 0
5e9 6f7 000 210 7 9 0 1 0 1 210400 0
3e9 147 000 210 7 5 0 2 0 1 210200 0
0e9 9f2 000 210 5 7 0 3 0 1 210100 0
169 fc1 000 210 5 7 0 4 0 1 210080 0
1a9 5dc 000 210 5 7 0 5 0 1 210040 0
1c9 72d 000 210 5 7 0 6 0 1 210020 0
1f9 0ae 000 210 7 5 0 7 0 1 210010 0
1e1 a6b 000 210 5 7 0 8 0 1 210008 0
1ed c64 000 210 7 5 0 9 0 1 210004 0
1eb d0a 000 210 7 5 0 a 0 1 210002 0
1e8 cb9 000 210 5 7 0 b 0 1 210001 0
558 20c 000 000 5 3 0 0 0 0 20c000 0
436 20a 000 000 5 3 0 0 0 0 20a000 0
585 209 000 000 5 3 0 0 0 0 209000 0
32c b87 000 208 5 7 0 0 0 1 208800 0
f2c 6ef 000 208 7 9 0 1 0 1 208400 0
92c 15f 000 208 5 7 0 2 0 1 208200 0
a2c 9ea 000 208 5 7 0 3 0 1 208100 0
bac fd9 000 208 7 9 0 4 0 1 208080 0
b6c 5c4 000 208 7 5 0 5 0 1 208040 0
b0c 735 000 208 5 7 0 6 0 1 208020 0
b3c 0b6 000 208 7 5 0 7 0 1 208010 0
b24 a73 000 208 5 7 0 8 0 1 208008 0
b28 c7c 000 208 5 7 0 9 0 1 208004 0
b2e d12 000 208 7 5 0 a 0 1 208002 0
b2d ca1 000 208 7 5 0 b 0 1 208001 0
239 206 000 000 5 3 0 0 0 0 206000 0
38a 205 000 000 5 3 0 0 0 0 205000 0
523 b8b 000 204 5 7 0 0 0 1 204800 0
923 6e3 000 204 5 7 0 1 0 1 204400 0
f23 153 000 204 7 5 0 2 0 1 204200 0
c23 9e6 000 204 5 7 0 3 0 1 204100 0
da3 fd5 000 204 7 9 0 4 0 1 204080 0
d63 5c8 000 204 7 5 0 5 0 1 204040 0
d03 739 000 204 5 7 0 6 0 1 204020 0
d33 0ba 000 204 7 5 0 7 0 1 204010 0
d2b a7f 000 204 7 9 0 8 0 1 204008 0
d27 c70 000 204 7 5 0 9 0 1 204004 0
d21 d1e 000 204 5 7 0 a 0 1 204002 0
d22 cad 000 204 5 7 0 b 0 1 204001 0
2e4 203 000 000 5 3 0 0 0 0 203000 0
44d b8d 000 202 5 7 0 0 0 1 202800 0
84d 6e5 000 202 5 7 0 1 0 1 202400 0
e4d 155 000 202 7 5 0 2 0 1 202200 0
d4d 9e0 000 202 7 5 0 3 0 1 202100 0
ccd fd3 000 202 7 9 0 4 0 1 202080 0
c0d 5ce 000 202 5 7 0 5 0 1 202040 0
c6d 73f 000 202 7 9 0 6 0 1 202020 0
c5d 0bc 000 202 7 5 0 7 0 1 202010 0
c45 a79 000 202 5 7 0 8 0 1 202008 0
c49 c76 000 202 5 7 0 9 0 1 202004 0
c4f d18 000 202 7 5 0 a 0 1 202002 0
c4c cab 000 202 5 7 0 b 0 1 202001 0
5fe b8e 000 201 9 7 0 0 0 1 201800 0
9fe 6e6 000 201 9 7 0 1 0 1 201400 0
ffe 156 000 201 b 5 0 2 0 1 201200 0
cfe 9e3 000 201 9 7 0 3 0 1 201100 0
d7e fd0 000 201 9 7 0 4 0 1 201080 0
dbe 5cd 000 201 9 7 0 5 0 1 201040 0
dde 73c 000 201 9 7 0 6 0 1 201020 0
dee 0bf 000 201 9 7 0 7 0 1 201010 0
df6 a7a 000 201 9 7 0 8 0 1 201008 0
dfa c75 000 201 9 7 0 9 0 1 201004 0
dfc d1b 000 201 9 7 0 a 0 1 201002 0
dff ca8 000 201 b 5 0 b 0 1 201001 0
f57 f68 c00 000 9 7 2 0 1 0 200c00 0
957 8d8 a00 000 7 5 2 0 1 0 200a00 0
a57 06d 900 000 7 5 2 0 1 0 200900 0
bd7 65e 880 000 9 7 2 0 1 0 200880 0
b17 c43 840 000 7 5 2 0 1 0 200840 0
b77 eb2 820 000 9 7 2 0 1 0 200820 0
b47 931 810 000 7 5 2 0 1 0 200810 0
b5f 3f4 808 000 9 7 2 0 1 0 200808 0
b53 5fb 804 000 7 9 2 0 1 0 200804 0
b55 495 802 000 7 5 2 0 1 0 200802 0
b56 526 801 000 7 5 2 0 1 0 200801 0
557 5b0 600 000 7 5 2 0 1 0 200600 0
657 d05 500 000 7 5 2 0 1 0 200500 0
7d7 b36 480 000 9 7 2 0 1 0 200480 0
717 12b 440 000 7 5 2 0 1 0 200440 0
777 3da 420 000 9 7 2 0 1 0 200420 0
747 459 410 000 7 5 2 0 1 0 200410 0
75f e9c 408 000 9 7 2 0 1 0 200408 0
753 893 404 000 7 5 2 0 1 0 200404 0
755 9fd 402 000 7 9 2 0 1 0 200402 0
756 84e 401 000 7 5 2 0 1 0 200401 0
057 ab5 300 000 5 7 2 0 1 0 200300 0
1d7 c86 280 000 7 5 2 0 1 0 200280 0
117 69b 240 000 5 7 2 0 1 0 200240 0
177 46a 220 000 7 5 2 0 1 0 200220 0
147 3e9 210 000 5 7 2 0 1 0 200210 0
15f 92c 208 000 7 5 2 0 1 0 200208 0
153 f23 204 000 5 7 2 0 1 0 200204 0
155 e4d 202 000 5 7 2 0 1 0 200202 0
156 ffe 201 000 5 b 2 0 1 0 200201 0
2d7 433 180 000 7 5 2 0 1 0 200180 0
217 e2e 140 000 5 7 2 0 1 0 200140 0
277 cdf 120 000 7 9 2 0 1 0 200120 0
247 b5c 110 000 5 7 2 0 1 0 200110 0
25f 199 108 000 7 5 2 0 1 0 200108 0
253 796 104 000 5 7 2 0 1 0 200104 0
255 6f8 102 000 5 7 2 0 1 0 200102 0
256 74b 101 000 5 7 2 0 1 0 200101 0
397 81d 0c0 000 7 5 2 0 1 0 2000c0 0
3f7 aec 0a0 000 9 7 2 0 1 0 2000a0 0
3c7 d6f 090 000 7 9 2 0 1 0 200090 0
3df 7aa 088 000 9 7 2 0 1 0 200088 0
3d3 1a5 084 000 7 5 2 0 1 0 200084 0
3d5 0cb 082 000 7 5 2 0 1 0 200082 0
3d6 178 081 000 7 5 2 0 1 0 200081 0
337 0f1 060 000 7 5 2 0 1 0 200060 0
307 772 050 000 5 7 2 0 1 0 200050 0
31f db7 048 000 7 9 2 0 1 0 200048 0
313 bb8 044 000 5 7 2 0 1 0 200044 0
315 ad6 042 000 5 7 2 0 1 0 200042 0
316 b65 041 000 5 7 2 0 1 0 200041 0
367 583 030 000 7 5 2 0 1 0 200030 0
37f f46 028 000 9 7 2 0 1 0 200028 0
373 949 024 000 7 5 2 0 1 0 200024 0
375 827 022 000 7 5 2 0 1 0 200022 0
376 994 021 000 7 5 2 0 1 0 200021 0
34f 8c5 018 000 7 5 2 0 1 0 200018 0
343 eca 014 000 5 7 2 0 1 0 200014 0
345 fa4 012 000 5 7 2 0 1 0 200012 0
346 e17 011 000 5 7 2 0 1 0 200011 0
35b 40f 00c 000 7 5 2 0 1 0 20000c 0
35d 561 00a 000 7 5 2 0 1 0 20000a 0
35e 4d2 009 000 7 5 2 0 1 0 200009 0
351 36e 006 000 5 7 2 0 1 0 200006 0
352 2dd 005 000 5 7 2 0 1 0 200005 0
354 3b3 003 000 5 7 2 0 1 0 200003 0
1ff 1c0 000 000 9 3 0 0 0 0 1c0000 0
30e 1a0 000 000 5 3 0 0 0 0 1a0000 0
48d 190 000 000 5 3 0 0 0 0 190000 0
e48 188 000 000 5 3 0 0 0 0 188000 0
847 184 000 000 5 3 0 0 0 0 184000 0
929 182 000 000 5 3 0 0 0 0 182000 0
89a 181 000 000 5 3 0 0 0 0 181000 0
e33 80f 000 180 7 5 0 0 0 1 180800 0
233 567 000 180 5 7 0 1 0 1 180400 0
433 2d7 000 180 5 7 0 2 0 1 180200 0
733 a62 000 180 7 5 0 3 0 1 180100 0
6b3 c51 000 180 7 5 0 4 0 1 180080 0
673 64c 000 180 7 5 0 5 0 1 180040 0
613 4bd 000 180 5 7 0 6 0 1 180020 0
623 33e 000 180 5 7 0 7 0 1 180010 0
63b 9fb 000 180 7 9 0 8 0 1 180008 0
637 ff4 000 180 7 9 0 9 0 1 180004 0
631 e9a 000 180 5 7 0 a 0 1 180002 0
632 f29 000 180 5 7 0 b 0 1 180001 0
913 160 000 000 5 3 0 0 0 0 160000 0
e90 150 000 000 5 3 0 0 0 0 150000 0
455 148 000 000 5 3 0 0 0 0 148000 0
25a 144 000 000 5 3 0 0 0 0 144000 0
334 142 000 000 5 3 0 0 0 0 142000 0
287 141 000 000 5 3 0 0 0 0 141000 0
42e 8cf 000 140 5 7 0 0 0 1 140800 0
82e 5a7 000 140 5 7 0 1 0 1 140400 0
e2e 217 000 140 7 5 0 2 0 1 140200 0
d2e aa2 000 140 7 5 0 3 0 1 140100 0
cae c91 000 140 7 5 0 4 0 1 140080 0
c6e 68c 000 140 7 5 0 5 0 1 140040 0
c0e 47d 000 140 5 7 0 6 0 1 140020 0
c3e 3fe 000 140 7 9 0 7 0 1 140010 0
c26 93b 000 140 5 7 0 8 0 1 140008 0
c2a f34 000 140 5 7 0 9 0 1 140004 0
c2c e5a 000 140 5 7 0 a 0 1 140002 0
c2f fe9 000 140 7 9 0 b 0 1 140001 0
c61 130 000 000 5 3 0 0 0 0 130000 0
6a4 128 000 000 5 3 0 0 0 0 128000 0
0ab 124 000 000 5 3 0 0 0 0 124000 0
1c5 122 000 000 5 3 0 0 0 0 122000 0
076 121 000 000 5 3 0 0 0 0 121000 0
6df 8af 000 120 9 7 0 0 0 1 120800 0
adf 5c7 000 120 9 7 0 1 0 1 120400 0
cdf 277 000 120 9 7 0 2 0 1 120200 0
fdf ac2 000 120 b 5 0 3 0 1 120100 0
e5f cf1 000 120 9 7 0 4 0 1 120080 0
e9f 6ec 000 120 9 7 0 5 0 1 120040 0
eff 41d 000 120 b 5 0 6 0 1 120020 0
ecf 39e 000 120 9 7 0 7 0 1 120010 0
ed7 95b 000 120 9 7 0 8 0 1 120008 0
edb f54 000 120 9 7 0 9 0 1 120004 0
edd e3a 000 120 9 7 0 a 0 1 120002 0
ede f89 000 120 9 7 0 b 0 1 120001 0
127 118 000 000 5 3 0 0 0 0 118000 0
728 114 000 000 5 3 0 0 0 0 114000 0
646 112 000 000 5 3 0 0 0 0 112000 0
7f5 111 000 000 9 3 0 0 0 0 111000 0
15c 89f 000 110 5 7 0 0 0 1 110800 0
d5c 5f7 000 110 7 9 0 1 0 1 110400 0
b5c 247 000 110 7 5 0 2 0 1 110200 0
85c af2 000 110 5 7 0 3 0 1 110100 0
9dc cc1 000 110 7 5 0 4 0 1 110080 0
91c 6dc 000 110 5 7 0 5 0 1 110040 0
97c 42d 000 110 7 5 0 6 0 1 110020 0
94c 3ae 000 110 5 7 0 7 0 1 110010 0
954 96b 000 110 5 7 0 8 0 1 110008 0
958 f64 000 110 5 7 0 9 0 1 110004 0
95e e0a 000 110 7 5 0 a 0 1 110002 0
95d fb9 000 110 7 9 0 b 0 1 110001 0
ded 10c 000 000 9 3 0 0 0 0 10c000 0
c83 10a 000 000 5 3 0 0 0 0 10a000 0
d30 109 000 000 5 3 0 0 0 0 109000 0
b99 887 000 108 7 5 0 0 0 1 108800 0
799 5ef 000 108 7 9 0 1 0 1 108400 0
199 25f 000 108 5 7 0 2 0 1 108200 0
299 aea 000 108 5 7 0 3 0 1 108100 0
319 cd9 000 108 5 7 0 4 0 1 108080 0
3d9 6c4 000 108 7 5 0 5 0 1 108040 0
3b9 435 000 108 7 5 0 6 0 1 108020 0
389 3b6 000 108 5 7 0 7 0 1 108010 0
391 973 000 108 5 7 0 8 0 1 108008 0
39d f7c 000 108 7 9 0 9 0 1 108004 0
39b e12 000 108 7 5 0 a 0 1 108002 0
398 fa1 000 108 5 7 0 b 0 1 108001 0
a8c 106 000 000 5 3 0 0 0 0 106000 0
b3f 105 000 000 9 3 0 0 0 0 105000 0
d96 88b 000 104 7 5 0 0 0 1 104800 0
196 5e3 000 104 5 7 0 1 0 1 104400 0
796 253 000 104 7 5 0 2 0 1 104200 0
496 ae6 000 104 5 7 0 3 0 1 104100 0
516 cd5 000 104 5 7 0 4 0 1 104080 0
5d6 6c8 000 104 7 5 0 5 0 1 104040 0
5b6 439 000 104 7 5 0 6 0 1 104020 0
586 3ba 000 104 5 7 0 7 0 1 104010 0
59e 97f 000 104 7 9 0 8 0 1 104008 0
592 f70 000 104 5 7 0 9 0 1 104004 0
594 e1e 000 104 5 7 0 a 0 1 104002 0
597 fad 000 104 7 9 0 b 0 1 104001 0
a51 103 000 000 5 3 0 0 0 0 103000 0
cf8 88d 000 102 7 5 0 0 0 1 102800 0
0f8 5e5 000 102 5 7 0 1 0 1 102400 0
6f8 255 000 102 7 5 0 2 0 1 102200 0
5f8 ae0 000 102 7 5 0 3 0 1 102100 0
478 cd3 000 102 5 7 0 4 0 1 102080 0
4b8 6ce 000 102 5 7 0 5 0 1 102040 0
4d8 43f 000 102 5 7 0 6 0 1 102020 0
4e8 3bc 000 102 5 7 0 7 0 1 102010 0
4f0 979 000 102 5 7 0 8 0 1 102008 0
4fc f76 000 102 7 9 0 9 0 1 102004 0
4fa e18 000 102 7 5 0 a 0 1 102002 0
4f9 fab 000 102 7 9 0 b 0 1 102001 0
d4b 88e 000 101 7 5 0 0 0 1 101800 0
14b 5e6 000 101 5 7 0 1 0 1 101400 0
74b 256 000 101 7 5 0 2 0 1 101200 0
44b ae3 000 101 5 7 0 3 0 1 101100 0
5cb cd0 000 101 7 5 0 4 0 1 101080 0
50b 6cd 000 101 5 7 0 5 0 1 101040 0
56b 43c 000 101 7 5 0 6 0 1 101020 0
55b 3bf 000 101 7 9 0 7 0 1 101010 0
543 97a 000 101 5 7 0 8 0 1 101008 0
54f f75 000 101 7 9 0 9 0 1 101004 0
549 e1b 000 101 5 7 0 a 0 1 101002 0
54a fa8 000 101 5 7 0 b 0 1 101001 0
7e2 c68 c00 000 7 5 3 0 1 0 100c00 0
1e2 bd8 a00 000 5 7 3 0 1 0 100a00 0
2e2 36d 900 000 5 7 3 0 1 0 100900 0
362 55e 880 000 5 7 3 0 1 0 100880 0
3a2 f43 840 000 5 7 3 0 1 0 100840 0
3c2 db2 820 000 5 7 3 0 1 0 100820 0
3f2 a31 810 000 7 5 3 0 1 0 100810 0
3ea 0f4 808 000 7 5 3 0 1 0 100808 0
3e6 6fb 804 000 7 9 3 0 1 0 100804 0
3e0 795 802 000 5 7 3 0 1 0 100802 0
3e3 626 801 000 7 5 3 0 1 0 100801 0
de2 6b0 600 000 7 5 3 0 1 0 100600 0
ee2 e05 500 000 7 5 3 0 1 0 100500 0
f62 836 480 000 7 5 3 0 1 0 100480 0
fa2 22b 440 000 7 5 3 0 1 0 100440 0
fc2 0da 420 000 7 5 3 0 1 0 100420 0
ff2 759 410 000 9 7 3 0 1 0 100410 0
fea d9c 408 000 9 7 3 0 1 0 100408 0
fe6 b93 404 000 9 7 3 0 1 0 100404 0
fe0 afd 402 000 7 9 3 0 1 0 100402 0
fe3 b4e 401 000 9 7 3 0 1 0 100401 0
8e2 9b5 300 000 5 7 3 0 1 0 100300 0
962 f86 280 000 5 7 3 0 1 0 100280 0
9a2 59b 240 000 5 7 3 0 1 0 100240 0
9c2 76a 220 000 5 7 3 0 1 0 100220 0
9f2 0e9 210 000 7 5 3 0 1 0 100210 0
9ea a2c 208 000 7 5 3 0 1 0 100208 0
9e6 c23 204 000 7 5 3 0 1 0 100204 0
9e0 d4d 202 000 5 7 3 0 1 0 100202 0
9e3 cfe 201 000 7 9 3 0 1 0 100201 0
a62 733 180 000 5 7 3 0 1 0 100180 0
aa2 d2e 140 000 5 7 3 0 1 0 100140 0
ac2 fdf 120 000 5 b 3 0 1 0 100120 0
af2 85c 110 000 7 5 3 0 1 0 100110 0
aea 299 108 000 7 5 3 0 1 0 100108 0
ae6 496 104 000 7 5 3 0 1 0 100104 0
ae0 5f8 102 000 5 7 3 0 1 0 100102 0
ae3 44b 101 000 7 5 3 0 1 0 100101 0
b22 b1d 0c0 000 5 7 3 0 1 0 1000c0 0
b42 9ec 0a0 000 5 7 3 0 1 0 1000a0 0
b72 e6f 090 000 7 9 3 0 1 0 100090 0
b6a 4aa 088 000 7 5 3 0 1 0 100088 0
b66 2a5 084 000 7 5 3 0 1 0 100084 0
b60 3cb 082 000 5 7 3 0 1 0 100082 0
b63 278 081 000 7 5 3 0 1 0 100081 0
b82 3f1 060 000 5 7 3 0 1 0 100060 0
bb2 472 050 000 7 5 3 0 1 0 100050 0
baa eb7 048 000 7 9 3 0 1 0 100048 0
ba6 8b8 044 000 7 5 3 0 1 0 100044 0
ba0 9d6 042 000 5 7 3 0 1 0 100042 0
ba3 865 041 000 7 5 3 0 1 0 100041 0
bd2 683 030 000 7 5 3 0 1 0 100030 0
bca c46 028 000 7 5 3 0 1 0 100028 0
bc6 a49 024 000 7 5 3 0 1 0 100024 0
bc0 b27 022 000 5 7 3 0 1 0 100022 0
bc3 a94 021 000 7 5 3 0 1 0 100021 0
bfa bc5 018 000 9 7 3 0 1 0 100018 0
bf6 dca 014 000 9 7 3 0 1 0 100014 0
bf0 ca4 012 000 7 5 3 0 1 0 100012 0
bf3 d17 011 000 9 7 3 0 1 0 100011 0
bee 70f 00c 000 9 7 3 0 1 0 10000c 0
be8 661 00a 000 7 5 3 0 1 0 10000a 0
beb 7d2 009 000 9 7 3 0 1 0 100009 0
be4 06e 006 000 7 5 3 0 1 0 100006 0
be7 1dd 005 000 9 7 3 0 1 0 100005 0
be1 0b3 003 000 7 5 3 0 1 0 100003 0
f20 0e0 000 000 5 3 0 0 0 0 0e0000 0
8a3 0d0 000 000 5 3 0 0 0 0 0d0000 0
266 0c8 000 000 5 3 0 0 0 0 0c8000 0
469 0c4 000 000 5 3 0 0 0 0 0c4000 0
507 0c2 000 000 5 3 0 0 0 0 0c2000 0
4b4 0c1 000 000 5 3 0 0 0 0 0c1000 0
21d 94f 000 0c0 5 7 0 0 0 1 0c0800 0
e1d 427 000 0c0 7 5 0 1 0 1 0c0400 0
81d 397 000 0c0 5 7 0 2 0 1 0c0200 0
b1d b22 000 0c0 7 5 0 3 0 1 0c0100 0
a9d d11 000 0c0 7 5 0 4 0 1 0c0080 0
a5d 70c 000 0c0 7 5 0 5 0 1 0c0040 0
a3d 5fd 000 0c0 7 9 0 6 0 1 0c0020 0
a0d 27e 000 0c0 5 7 0 7 0 1 0c0010 0
a15 8bb 000 0c0 5 7 0 8 0 1 0c0008 0
a19 eb4 000 0c0 5 7 0 9 0 1 0c0004 0
a1f fda 000 0c0 7 9 0 a 0 1 0c0002 0
a1c e69 000 0c0 5 7 0 b 0 1 0c0001 0
a52 0b0 000 000 5 3 0 0 0 0 0b0000 0
097 0a8 000 000 5 3 0 0 0 0 0a8000 0
698 0a4 000 000 5 3 0 0 0 0 0a4000 0
7f6 0a2 000 000 9 3 0 0 0 0 0a2000 0
645 0a1 000 000 5 3 0 0 0 0 0a1000 0
0ec 92f 000 0a0 5 7 0 0 0 1 0a0800 0
cec 447 000 0a0 7 5 0 1 0 1 0a0400 0
aec 3f7 000 0a0 7 9 0 2 0 1 0a0200 0
9ec b42 000 0a0 7 5 0 3 0 1 0a0100 0
86c d71 000 0a0 5 7 0 4 0 1 0a0080 0
8ac 76c 000 0a0 5 7 0 5 0 1 0a0040 0
8cc 59d 000 0a0 5 7 0 6 0 1 0a0020 0
8fc 21e 000 0a0 7 5 0 7 0 1 0a0010 0
8e4 8db 000 0a0 5 7 0 8 0 1 0a0008 0
8e8 ed4 000 0a0 5 7 0 9 0 1 0a0004 0
8ee fba 000 0a0 7 9 0 a 0 1 0a0002 0
8ed e09 000 0a0 7 5 0 b 0 1 0a0001 0
714 098 000 000 5 3 0 0 0 0 098000 0
11b 094 000 000 5 3 0 0 0 0 094000 0
075 092 000 000 5 3 0 0 0 0 092000 0
1c6 091 000 000 5 3 0 0 0 0 091000 0
76f 91f 000 090 9 7 0 0 0 1 090800 0
b6f 477 000 090 9 7 0 1 0 1 090400 0
d6f 3c7 000 090 9 7 0 2 0 1 090200 0
e6f b72 000 090 9 7 0 3 0 1 090100 0
fef d41 000 090 b 5 0 4 0 1 090080 0
f2f 75c 000 090 9 7 0 5 0 1 090040 0
f4f 5ad 000 090 9 7 0 6 0 1 090020 0
f7f 22e 000 090 b 5 0 7 0 1 090010 0
f67 8eb 000 090 9 7 0 8 0 1 090008 0
f6b ee4 000 090 9 7 0 9 0 1 090004 0
f6d f8a 000 090 9 7 0 a 0 1 090002 0
f6e e39 000 090 9 7 0 b 0 1 090001 0
bde 08c 000 000 9 3 0 0 0 0 08c000 0
ab0 08a 000 000 5 3 0 0 0 0 08a000 0
b03 089 000 000 5 3 0 0 0 0 089000 0
daa 907 000 088 7 5 0 0 0 1 088800 0
1aa 46f 000 088 5 7 0 1 0 1 088400 0
7aa 3df 000 088 7 9 0 2 0 1 088200 0
4aa b6a 000 088 5 7 0 3 0 1 088100 0
52a d59 000 088 5 7 0 4 0 1 088080 0
5ea 744 000 088 7 5 0 5 0 1 088040 0
58a 5b5 000 088 5 7 0 6 0 1 088020 0
5ba 236 000 088 7 5 0 7 0 1 088010 0
5a2 8f3 000 088 5 7 0 8 0 1 088008 0
5ae efc 000 088 7 9 0 9 0 1 088004 0
5a8 f92 000 088 5 7 0 a 0 1 088002 0
5ab e21 000 088 7 5 0 b 0 1 088001 0
cbf 086 000 000 9 3 0 0 0 0 086000 0
d0c 085 000 000 5 3 0 0 0 0 085000 0
ba5 90b 000 084 7 5 0 0 0 1 084800 0
7a5 463 000 084 7 5 0 1 0 1 084400 0
1a5 3d3 000 084 5 7 0 2 0 1 084200 0
2a5 b66 000 084 5 7 0 3 0 1 084100 0
325 d55 000 084 5 7 0 4 0 1 084080 0
3e5 748 000 084 7 5 0 5 0 1 084040 0
385 5b9 000 084 5 7 0 6 0 1 084020 0
3b5 23a 000 084 7 5 0 7 0 1 084010 0
3ad 8ff 000 084 7 9 0 8 0 1 084008 0
3a1 ef0 000 084 5 7 0 9 0 1 084004 0
3a7 f9e 000 084 7 9 0 a 0 1 084002 0
3a4 e2d 000 084 5 7 0 b 0 1 084001 0
c62 083 000 000 5 3 0 0 0 0 083000 0
acb 90d 000 082 7 5 0 0 0 1 082800 0
6cb 465 000 082 7 5 0 1 0 1 082400 0
0cb 3d5 000 082 5 7 0 2 0 1 082200 0
3cb b60 000 082 7 5 0 3 0 1 082100 0
24b d53 000 082 5 7 0 4 0 1 082080 0
28b 74e 000 082 5 7 0 5 0 1 082040 0
2eb 5bf 000 082 7 9 0 6 0 1 082020 0
2db 23c 000 082 7 5 0 7 0 1 082010 0
2c3 8f9 000 082 5 7 0 8 0 1 082008 0
2cf ef6 000 082 7 9 0 9 0 1 082004 0
2c9 f98 000 082 5 7 0 a 0 1 082002 0
2ca e2b 000 082 5 7 0 b 0 1 082001 0
b78 90e 000 081 7 5 0 0 0 1 081800 0
778 466 000 081 7 5 0 1 0 1 081400 0
178 3d6 000 081 5 7 0 2 0 1 081200 0
278 b63 000 081 5 7 0 3 0 1 081100 0
3f8 d50 000 081 7 5 0 4 0 1 081080 0
338 74d 000 081 5 7 0 5 0 1 081040 0
358 5bc 000 081 5 7 0 6 0 1 081020 0
368 23f 000 081 5 7 0 7 0 1 081010 0
370 8fa 000 081 5 7 0 8 0 1 081008 0
37c ef5 000 081 7 9 0 9 0 1 081004 0
37a f9b 000 081 7 9 0 a 0 1 081002 0
379 e28 000 081 7 5 0 b 0 1 081001 0
1d1 de8 c00 000 5 7 4 0 1 0 080c00 0
7d1 a58 a00 000 7 5 4 0 1 0 080a00 0
4d1 2ed 900 000 5 7 4 0 1 0 080900 0
551 4de 880 000 5 7 4 0 1 0 080880 0
591 ec3 840 000 5 7 4 0 1 0 080840 0
5f1 c32 820 000 7 5 4 0 1 0 080820 0
5c1 bb1 810 000 5 7 4 0 1 0 080810 0
5d9 174 808 000 7 5 4 0 1 0 080808 0
5d5 77b 804 000 7 9 4 0 1 0 080804 0
5d3 615 802 000 7 5 4 0 1 0 080802 0
5d0 7a6 801 000 5 7 4 0 1 0 080801 0
bd1 730 600 000 7 5 4 0 1 0 080600 0
8d1 f85 500 000 5 7 4 0 1 0 080500 0
951 9b6 480 000 5 7 4 0 1 0 080480 0
991 3ab 440 000 5 7 4 0 1 0 080440 0
9f1 15a 420 000 7 5 4 0 1 0 080420 0
9c1 6d9 410 000 5 7 4 0 1 0 080410 0
9d9 c1c 408 000 7 5 4 0 1 0 080408 0
9d5 a13 404 000 7 5 4 0 1 0 080404 0
9d3 b7d 402 000 7 9 4 0 1 0 080402 0
9d0 ace 401 000 5 7 4 0 1 0 080401 0
ed1 835 300 000 7 5 4 0 1 0 080300 0
f51 e06 280 000 7 5 4 0 1 0 080280 0
f91 41b 240 000 7 5 4 0 1 0 080240 0
ff1 6ea 220 000 9 7 4 0 1 0 080220 0
fc1 169 210 000 7 5 4 0 1 0 080210 0
fd9 bac 208 000 9 7 4 0 1 0 080208 0
fd5 da3 204 000 9 7 4 0 1 0 080204 0
fd3 ccd 202 000 9 7 4 0 1 0 080202 0
fd0 d7e 201 000 7 9 4 0 1 0 080201 0
c51 6b3 180 000 5 7 4 0 1 0 080180 0
c91 cae 140 000 5 7 4 0 1 0 080140 0
cf1 e5f 120 000 7 9 4 0 1 0 080120 0
cc1 9dc 110 000 5 7 4 0 1 0 080110 0
cd9 319 108 000 7 5 4 0 1 0 080108 0
cd5 516 104 000 7 5 4 0 1 0 080104 0
cd3 478 102 000 7 5 4 0 1 0 080102 0
cd0 5cb 101 000 5 7 4 0 1 0 080101 0
d11 a9d 0c0 000 5 7 4 0 1 0 0800c0 0
d71 86c 0a0 000 7 5 4 0 1 0 0800a0 0
d41 fef 090 000 5 b 4 0 1 0 080090 0
d59 52a 088 000 7 5 4 0 1 0 080088 0
d55 325 084 000 7 5 4 0 1 0 080084 0
d53 24b 082 000 7 5 4 0 1 0 080082 0
d50 3f8 081 000 5 7 4 0 1 0 080081 0
db1 271 060 000 7 5 4 0 1 0 080060 0
d81 5f2 050 000 5 7 4 0 1 0 080050 0
d99 f37 048 000 7 9 4 0 1 0 080048 0
d95 938 044 000 7 5 4 0 1 0 080044 0
d93 856 042 000 7 5 4 0 1 0 080042 0
d90 9e5 041 000 5 7 4 0 1 0 080041 0
de1 703 030 000 7 5 4 0 1 0 080030 0
df9 dc6 028 000 9 7 4 0 1 0 080028 0
df5 bc9 024 000 9 7 4 0 1 0 080024 0
df3 aa7 022 000 9 7 4 0 1 0 080022 0
df0 b14 021 000 7 5 4 0 1 0 080021 0
dc9 a45 018 000 7 5 4 0 1 0 080018 0
dc5 c4a 014 000 7 5 4 0 1 0 080014 0
dc3 d24 012 000 7 5 4 0 1 0 080012 0
dc0 c97 011 000 5 7 4 0 1 0 080011 0
ddd 68f 00c 000 9 7 4 0 1 0 08000c 0
ddb 7e1 00a 000 9 7 4 0 1 0 08000a 0
dd8 652 009 000 7 5 4 0 1 0 080009 0
dd7 1ee 006 000 9 7 4 0 1 0 080006 0
dd4 05d 005 000 7 5 4 0 1 0 080005 0
dd2 133 003 000 7 5 4 0 1 0 080003 0
04f 070 000 000 5 3 0 0 0 0 070000 0
a8a 068 000 000 5 3 0 0 0 0 068000 0
c85 064 000 000 5 3 0 0 0 0 064000 0
deb 062 000 000 9 3 0 0 0 0 062000 0
c58 061 000 000 5 3 0 0 0 0 061000 0
af1 9ef 000 060 7 9 0 0 0 1 060800 0
6f1 487 000 060 7 5 0 1 0 1 060400 0
0f1 337 000 060 5 7 0 2 0 1 060200 0
3f1 b82 000 060 7 5 0 3 0 1 060100 0
271 db1 000 060 5 7 0 4 0 1 060080 0
2b1 7ac 000 060 5 7 0 5 0 1 060040 0
2d1 55d 000 060 5 7 0 6 0 1 060020 0
2e1 2de 000 060 5 7 0 7 0 1 060010 0
2f9 81b 000 060 7 5 0 8 0 1 060008 0
2f5 e14 000 060 7 5 0 9 0 1 060004 0
2f3 f7a 000 060 7 9 0 a 0 1 060002 0
2f0 ec9 000 060 5 7 0 b 0 1 060001 0
d09 058 000 000 5 3 0 0 0 0 058000 0
b06 054 000 000 5 3 0 0 0 0 054000 0
a68 052 000 000 5 3 0 0 0 0 052000 0
bdb 051 000 000 9 3 0 0 0 0 051000 0
d72 9df 000 050 7 9 0 0 0 1 050800 0
172 4b7 000 050 5 7 0 1 0 1 050400 0
772 307 000 050 7 5 0 2 0 1 050200 0
472 bb2 000 050 5 7 0 3 0 1 050100 0
5f2 d81 000 050 7 5 0 4 0 1 050080 0
532 79c 000 050 5 7 0 5 0 1 050040 0
552 56d 000 050 5 7 0 6 0 1 050020 0
562 2ee 000 050 5 7 0 7 0 1 050010 0
57a 82b 000 050 7 5 0 8 0 1 050008 0
576 e24 000 050 7 5 0 9 0 1 050004 0
570 f4a 000 050 5 7 0 a 0 1 050002 0
573 ef9 000 050 7 9 0 b 0 1 050001 0
1c3 04c 000 000 5 3 0 0 0 0 04c000 0
0ad 04a 000 000 5 3 0 0 0 0 04a000 0
11e 049 000 000 5 3 0 0 0 0 049000 0
7b7 9c7 000 048 9 7 0 0 0 1 048800 0
bb7 4af 000 048 9 7 0 1 0 1 048400 0
db7 31f 000 048 9 7 0 2 0 1 048200 0
eb7 baa 000 048 9 7 0 3 0 1 048100 0
f37 d99 000 048 9 7 0 4 0 1 048080 0
ff7 784 000 048 b 5 0 5 0 1 048040 0
f97 575 000 048 9 7 0 6 0 1 048020 0
fa7 2f6 000 048 9 7 0 7 0 1 048010 0
fbf 833 000 048 b 5 0 8 0 1 048008 0
fb3 e3c 000 048 9 7 0 9 0 1 048004 0
fb5 f52 000 048 9 7 0 a 0 1 048002 0
fb6 ee1 000 048 9 7 0 b 0 1 048001 0
6a2 046 000 000 5 3 0 0 0 0 046000 0
711 045 000 000 5 3 0 0 0 0 045000 0
1b8 9cb 000 044 5 7 0 0 0 1 044800 0
db8 4a3 000 044 7 5 0 1 0 1 044400 0
bb8 313 000 044 7 5 0 2 0 1 044200 0
8b8 ba6 000 044 5 7 0 3 0 1 044100 0
938 d95 000 044 5 7 0 4 0 1 044080 0
9f8 788 000 044 7 5 0 5 0 1 044040 0
998 579 000 044 5 7 0 6 0 1 044020 0
9a8 2fa 000 044 5 7 0 7 0 1 044010 0
9b0 83f 000 044 5 7 0 8 0 1 044008 0
9bc e30 000 044 7 5 0 9 0 1 044004 0
9ba f5e 000 044 7 9 0 a 0 1 044002 0
9b9 eed 000 044 7 9 0 b 0 1 044001 0
67f 043 000 000 9 3 0 0 0 0 043000 0
0d6 9cd 000 042 5 7 0 0 0 1 042800 0
cd6 4a5 000 042 7 5 0 1 0 1 042400 0
ad6 315 000 042 7 5 0 2 0 1 042200 0
9d6 ba0 000 042 7 5 0 3 0 1 042100 0
856 d93 000 042 5 7 0 4 0 1 042080 0
896 78e 000 042 5 7 0 5 0 1 042040 0
8f6 57f 000 042 7 9 0 6 0 1 042020 0
8c6 2fc 000 042 5 7 0 7 0 1 042010 0
8de 839 000 042 7 5 0 8 0 1 042008 0
8d2 e36 000 042 5 7 0 9 0 1 042004 0
8d4 f58 000 042 5 7 0 a 0 1 042002 0
8d7 eeb 000 042 7 9 0 b 0 1 042001 0
165 9ce 000 041 5 7 0 0 0 1 041800 0
d65 4a6 000 041 7 5 0 1 0 1 041400 0
b65 316 000 041 7 5 0 2 0 1 041200 0
865 ba3 000 041 5 7 0 3 0 1 041100 0
9e5 d90 000 041 7 5 0 4 0 1 041080 0
925 78d 000 041 5 7 0 5 0 1 041040 0
945 57c 000 041 5 7 0 6 0 1 041020 0
975 2ff 000 041 7 9 0 7 0 1 041010 0
96d 83a 000 041 7 5 0 8 0 1 041008 0
961 e35 000 041 5 7 0 9 0 1 041004 0
967 f5b 000 041 7 9 0 a 0 1 041002 0
964 ee8 000 041 5 7 0 b 0 1 041001 0
bcc d28 c00 000 7 5 5 0 1 0 040c00 0
dcc a98 a00 000 7 5 5 0 1 0 040a00 0
ecc 22d 900 000 7 5 5 0 1 0 040900 0
f4c 41e 880 000 7 5 5 0 1 0 040880 0
f8c e03 840 000 7 5 5 0 1 0 040840 0
fec cf2 820 000 9 7 5 0 1 0 040820 0
fdc b71 810 000 9 7 5 0 1 0 040810 0
fc4 1b4 808 000 7 5 5 0 1 0 040808 0
fc8 7bb 804 000 7 9 5 0 1 0 040804 0
fce 6d5 802 000 9 7 5 0 1 0 040802 0
fcd 766 801 000 9 7 5 0 1 0 040801 0
1cc 7f0 600 000 5 7 5 0 1 0 040600 0
2cc f45 500 000 5 7 5 0 1 0 040500 0
34c 976 480 000 5 7 5 0 1 0 040480 0
38c 36b 440 000 5 7 5 0 1 0 040440 0
3ec 19a 420 000 7 5 5 0 1 0 040420 0
3dc 619 410 000 7 5 5 0 1 0 040410 0
3c4 cdc 408 000 5 7 5 0 1 0 040408 0
3c8 ad3 404 000 5 7 5 0 1 0 040404 0
3ce bbd 402 000 7 9 5 0 1 0 040402 0
3cd a0e 401 000 7 5 5 0 1 0 040401 0
4cc 8f5 300 000 5 7 5 0 1 0 040300 0
54c ec6 280 000 5 7 5 0 1 0 040280 0
58c 4db 240 000 5 7 5 0 1 0 040240 0
5ec 62a 220 000 7 5 5 0 1 0 040220 0
5dc 1a9 210 000 7 5 5 0 1 0 040210 0
5c4 b6c 208 000 5 7 5 0 1 0 040208 0
5c8 d63 204 000 5 7 5 0 1 0 040204 0
5ce c0d 202 000 7 5 5 0 1 0 040202 0
5cd dbe 201 000 7 9 5 0 1 0 040201 0
64c 673 180 000 5 7 5 0 1 0 040180 0
68c c6e 140 000 5 7 5 0 1 0 040140 0
6ec e9f 120 000 7 9 5 0 1 0 040120 0
6dc 91c 110 000 7 5 5 0 1 0 040110 0
6c4 3d9 108 000 5 7 5 0 1 0 040108 0
6c8 5d6 104 000 5 7 5 0 1 0 040104 0
6ce 4b8 102 000 7 5 5 0 1 0 040102 0
6cd 50b 101 000 7 5 5 0 1 0 040101 0
70c a5d 0c0 000 5 7 5 0 1 0 0400c0 0
76c 8ac 0a0 000 7 5 5 0 1 0 0400a0 0
75c f2f 090 000 7 9 5 0 1 0 040090 0
744 5ea 088 000 5 7 5 0 1 0 040088 0
748 3e5 084 000 5 7 5 0 1 0 040084 0
74e 28b 082 000 7 5 5 0 1 0 040082 0
74d 338 081 000 7 5 5 0 1 0 040081 0
7ac 2b1 060 000 7 5 5 0 1 0 040060 0
79c 532 050 000 7 5 5 0 1 0 040050 0
784 ff7 048 000 5 b 5 0 1 0 040048 0
788 9f8 044 000 5 7 5 0 1 0 040044 0
78e 896 042 000 7 5 5 0 1 0 040042 0
78d 925 041 000 7 5 5 0 1 0 040041 0
7fc 7c3 030 000 9 7 5 0 1 0 040030 0
7e4 d06 028 000 7 5 5 0 1 0 040028 0
7e8 b09 024 000 7 5 5 0 1 0 040024 0
7ee a67 022 000 9 7 5 0 1 0 040022 0
7ed bd4 021 000 9 7 5 0 1 0 040021 0
7d4 a85 018 000 7 5 5 0 1 0 040018 0
7d8 c8a 014 000 7 5 5 0 1 0 040014 0
7de de4 012 000 9 7 5 0 1 0 040012 0
7dd c57 011 000 9 7 5 0 1 0 040011 0
7c0 64f 00c 000 5 7 5 0 1 0 04000c 0
7c6 721 00a 000 7 5 5 0 1 0 04000a 0
7c5 692 009 000 7 5 5 0 1 0 040009 0
7ca 12e 006 000 7 5 5 0 1 0 040006 0
7c9 09d 005 000 7 5 5 0 1 0 040005 0
7cf 1f3 003 000 9 7 5 0 1 0 040003 0
ff8 038 000 000 9 3 0 0 0 0 038000 0
9f7 034 000 000 9 3 0 0 0 0 034000 0
899 032 000 000 5 3 0 0 0 0 032000 0
92a 031 000 000 5 3 0 0 0 0 031000 0
f83 9bf 000 030 7 9 0 0 0 1 030800 0
383 4d7 000 030 5 7 0 1 0 1 030400 0
583 367 000 030 5 7 0 2 0 1 030200 0
683 bd2 000 030 5 7 0 3 0 1 030100 0
703 de1 000 030 5 7 0 4 0 1 030080 0
7c3 7fc 000 030 7 9 0 5 0 1 030040 0
7a3 50d 000 030 7 5 0 6 0 1 030020 0
793 28e 000 030 7 5 0 7 0 1 030010 0
78b 84b 000 030 7 5 0 8 0 1 030008 0
787 e44 000 030 7 5 0 9 0 1 030004 0
781 f2a 000 030 5 7 0 a 0 1 030002 0
782 e99 000 030 5 7 0 b 0 1 030001 0
332 02c 000 000 5 3 0 0 0 0 02c000 0
25c 02a 000 000 5 3 0 0 0 0 02a000 0
3ef 029 000 000 9 3 0 0 0 0 029000 0
546 9a7 000 028 5 7 0 0 0 1 028800 0
946 4cf 000 028 5 7 0 1 0 1 028400 0
f46 37f 000 028 7 9 0 2 0 1 028200 0
c46 bca 000 028 5 7 0 3 0 1 028100 0
dc6 df9 000 028 7 9 0 4 0 1 028080 0
d06 7e4 000 028 5 7 0 5 0 1 028040 0
d66 515 000 028 7 5 0 6 0 1 028020 0
d56 296 000 028 7 5 0 7 0 1 028010 0
d4e 853 000 028 7 5 0 8 0 1 028008 0
d42 e5c 000 028 5 7 0 9 0 1 028004 0
d44 f32 000 028 5 7 0 a 0 1 028002 0
d47 e81 000 028 7 5 0 b 0 1 028001 0
453 026 000 000 5 3 0 0 0 0 026000 0
5e0 025 000 000 5 3 0 0 0 0 025000 0
349 9ab 000 024 5 7 0 0 0 1 024800 0
f49 4c3 000 024 7 5 0 1 0 1 024400 0
949 373 000 024 5 7 0 2 0 1 024200 0
a49 bc6 000 024 5 7 0 3 0 1 024100 0
bc9 df5 000 024 7 9 0 4 0 1 024080 0
b09 7e8 000 024 5 7 0 5 0 1 024040 0
b69 519 000 024 7 5 0 6 0 1 024020 0
b59 29a 000 024 7 5 0 7 0 1 024010 0
b41 85f 000 024 5 7 0 8 0 1 024008 0
b4d e50 000 024 7 5 0 9 0 1 024004 0
b4b f3e 000 024 7 9 0 a 0 1 024002 0
b48 e8d 000 024 5 7 0 b 0 1 024001 0
48e 023 000 000 5 3 0 0 0 0 023000 0
227 9ad 000 022 5 7 0 0 0 1 022800 0
e27 4c5 000 022 7 5 0 1 0 1 022400 0
827 375 000 022 5 7 0 2 0 1 022200 0
b27 bc0 000 022 7 5 0 3 0 1 022100 0
aa7 df3 000 022 7 9 0 4 0 1 022080 0
a67 7ee 000 022 7 9 0 5 0 1 022040 0
a07 51f 000 022 5 7 0 6 0 1 022020 0
a37 29c 000 022 7 5 0 7 0 1 022010 0
a2f 859 000 022 7 5 0 8 0 1 022008 0
a23 e56 000 022 5 7 0 9 0 1 022004 0
a25 f38 000 022 5 7 0 a 0 1 022002 0
a26 e8b 000 022 5 7 0 b 0 1 022001 0
394 9ae 000 021 5 7 0 0 0 1 021800 0
f94 4c6 000 021 7 5 0 1 0 1 021400 0
994 376 000 021 5 7 0 2 0 1 021200 0
a94 bc3 000 021 5 7 0 3 0 1 021100 0
b14 df0 000 021 5 7 0 4 0 1 021080 0
bd4 7ed 000 021 7 9 0 5 0 1 021040 0
bb4 51c 000 021 7 5 0 6 0 1 021020 0
b84 29f 000 021 5 7 0 7 0 1 021010 0
b9c 85a 000 021 7 5 0 8 0 1 021008 0
b90 e55 000 021 5 7 0 9 0 1 021004 0
b96 f3b 000 021 7 9 0 a 0 1 021002 0
b95 e88 000 021 7 5 0 b 0 1 021001 0
93d d48 c00 000 7 5 6 0 1 0 020c00 0
f3d af8 a00 000 9 7 6 0 1 0 020a00 0
c3d 24d 900 000 7 5 6 0 1 0 020900 0
dbd 47e 880 000 9 7 6 0 1 0 020880 0
d7d e63 840 000 9 7 6 0 1 0 020840 0
d1d c92 820 000 7 5 6 0 1 0 020820 0
d2d b11 810 000 7 5 6 0 1 0 020810 0
d35 1d4 808 000 7 5 6 0 1 0 020808 0
d39 7db 804 000 7 9 6 0 1 0 020804 0
d3f 6b5 802 000 9 7 6 0 1 0 020802 0
d3c 706 801 000 7 5 6 0 1 0 020801 0
33d 790 600 000 7 5 6 0 1 0 020600 0
03d f25 500 000 5 7 6 0 1 0 020500 0
1bd 916 480 000 7 5 6 0 1 0 020480 0
17d 30b 440 000 7 5 6 0 1 0 020440 0
11d 1fa 420 000 5 7 6 0 1 0 020420 0
12d 679 410 000 5 7 6 0 1 0 020410 0
135 cbc 408 000 5 7 6 0 1 0 020408 0
139 ab3 404 000 5 7 6 0 1 0 020404 0
13f bdd 402 000 7 9 6 0 1 0 020402 0
13c a6e 401 000 5 7 6 0 1 0 020401 0
63d 895 300 000 7 5 6 0 1 0 020300 0
7bd ea6 280 000 9 7 6 0 1 0 020280 0
77d 4bb 240 000 9 7 6 0 1 0 020240 0
71d 64a 220 000 7 5 6 0 1 0 020220 0
72d 1c9 210 000 7 5 6 0 1 0 020210 0
735 b0c 208 000 7 5 6 0 1 0 020208 0
739 d03 204 000 7 5 6 0 1 0 020204 0
73f c6d 202 000 9 7 6 0 1 0 020202 0
73c dde 201 000 7 9 6 0 1 0 020201 0
4bd 613 180 000 7 5 6 0 1 0 020180 0
47d c0e 140 000 7 5 6 0 1 0 020140 0
41d eff 120 000 5 b 6 0 1 0 020120 0
42d 97c 110 000 5 7 6 0 1 0 020110 0
435 3b9 108 000 5 7 6 0 1 0 020108 0
439 5b6 104 000 5 7 6 0 1 0 020104 0
43f 4d8 102 000 7 5 6 0 1 0 020102 0
43c 56b 101 000 5 7 6 0 1 0 020101 0
5fd a3d 0c0 000 9 7 6 0 1 0 0200c0 0
59d 8cc 0a0 000 7 5 6 0 1 0 0200a0 0
5ad f4f 090 000 7 9 6 0 1 0 020090 0
5b5 58a 088 000 7 5 6 0 1 0 020088 0
5b9 385 084 000 7 5 6 0 1 0 020084 0
5bf 2eb 082 000 9 7 6 0 1 0 020082 0
5bc 358 081 000 7 5 6 0 1 0 020081 0
55d 2d1 060 000 7 5 6 0 1 0 020060 0
56d 552 050 000 7 5 6 0 1 0 020050 0
575 f97 048 000 7 9 6 0 1 0 020048 0
579 998 044 000 7 5 6 0 1 0 020044 0
57f 8f6 042 000 9 7 6 0 1 0 020042 0
57c 945 041 000 7 5 6 0 1 0 020041 0
50d 7a3 030 000 5 7 6 0 1 0 020030 0
515 d66 028 000 5 7 6 0 1 0 020028 0
519 b69 024 000 5 7 6 0 1 0 020024 0
51f a07 022 000 7 5 6 0 1 0 020022 0
51c bb4 021 000 5 7 6 0 1 0 020021 0
525 ae5 018 000 5 7 6 0 1 0 020018 0
529 cea 014 000 5 7 6 0 1 0 020014 0
52f d84 012 000 7 5 6 0 1 0 020012 0
52c c37 011 000 5 7 6 0 1 0 020011 0
531 62f 00c 000 5 7 6 0 1 0 02000c 0
537 741 00a 000 7 5 6 0 1 0 02000a 0
534 6f2 009 000 5 7 6 0 1 0 020009 0
53b 14e 006 000 7 5 6 0 1 0 020006 0
538 0fd 005 000 5 7 6 0 1 0 020005 0
53e 193 003 000 7 5 6 0 1 0 020003 0
4b1 01c 000 000 5 3 0 0 0 0 01c000 0
5df 01a 000 000 9 3 0 0 0 0 01a000 0
46c 019 000 000 5 3 0 0 0 0 019000 0
2c5 997 000 018 5 7 0 0 0 1 018800 0
ec5 4ff 000 018 7 9 0 1 0 1 018400 0
8c5 34f 000 018 5 7 0 2 0 1 018200 0
bc5 bfa 000 018 7 9 0 3 0 1 018100 0
a45 dc9 000 018 5 7 0 4 0 1 018080 0
a85 7d4 000 018 5 7 0 5 0 1 018040 0
ae5 525 000 018 7 5 0 6 0 1 018020 0
ad5 2a6 000 018 7 5 0 7 0 1 018010 0
acd 863 000 018 7 5 0 8 0 1 018008 0
ac1 e6c 000 018 5 7 0 9 0 1 018004 0
ac7 f02 000 018 7 5 0 a 0 1 018002 0
ac4 eb1 000 018 5 7 0 b 0 1 018001 0
3d0 016 000 000 5 3 0 0 0 0 016000 0
263 015 000 000 5 3 0 0 0 0 015000 0
4ca 99b 000 014 5 7 0 0 0 1 014800 0
8ca 4f3 000 014 5 7 0 1 0 1 014400 0
eca 343 000 014 7 5 0 2 0 1 014200 0
dca bf6 000 014 7 9 0 3 0 1 014100 0
c4a dc5 000 014 5 7 0 4 0 1 014080 0
c8a 7d8 000 014 5 7 0 5 0 1 014040 0
cea 529 000 014 7 5 0 6 0 1 014020 0
cda 2aa 000 014 7 5 0 7 0 1 014010 0
cc2 86f 000 014 5 7 0 8 0 1 014008 0
cce e60 000 014 7 5 0 9 0 1 014004 0
cc8 f0e 000 014 5 7 0 a 0 1 014002 0
ccb ebd 000 014 7 9 0 b 0 1 014001 0
30d 013 000 000 5 3 0 0 0 0 013000 0
5a4 99d 000 012 5 7 0 0 0 1 012800 0
9a4 4f5 000 012 5 7 0 1 0 1 012400 0
fa4 345 000 012 7 5 0 2 0 1 012200 0
ca4 bf0 000 012 5 7 0 3 0 1 012100 0
d24 dc3 000 012 5 7 0 4 0 1 012080 0
de4 7de 000 012 7 9 0 5 0 1 012040 0
d84 52f 000 012 5 7 0 6 0 1 012020 0
db4 2ac 000 012 7 5 0 7 0 1 012010 0
dac 869 000 012 7 5 0 8 0 1 012008 0
da0 e66 000 012 5 7 0 9 0 1 012004 0
da6 f08 000 012 7 5 0 a 0 1 012002 0
da5 ebb 000 012 7 9 0 b 0 1 012001 0
417 99e 000 011 5 7 0 0 0 1 011800 0
817 4f6 000 011 5 7 0 1 0 1 011400 0
e17 346 000 011 7 5 0 2 0 1 011200 0
d17 bf3 000 011 7 9 0 3 0 1 011100 0
c97 dc0 000 011 7 5 0 4 0 1 011080 0
c57 7dd 000 011 7 9 0 5 0 1 011040 0
c37 52c 000 011 7 5 0 6 0 1 011020 0
c07 2af 000 011 5 7 0 7 0 1 011010 0
c1f 86a 000 011 7 5 0 8 0 1 011008 0
c13 e65 000 011 5 7 0 9 0 1 011004 0
c15 f0b 000 011 5 7 0 a 0 1 011002 0
c16 eb8 000 011 5 7 0 b 0 1 011001 0
ebe d78 c00 000 9 7 7 0 1 0 010c00 0
8be ac8 a00 000 7 5 7 0 1 0 010a00 0
bbe 27d 900 000 9 7 7 0 1 0 010900 0
a3e 44e 880 000 7 5 7 0 1 0 010880 0
afe e53 840 000 9 7 7 0 1 0 010840 0
a9e ca2 820 000 7 5 7 0 1 0 010820 0
aae b21 810 000 7 5 7 0 1 0 010810 0
ab6 1e4 808 000 7 5 7 0 1 0 010808 0
aba 7eb 804 000 7 9 7 0 1 0 010804 0
abc 685 802 000 7 5 7 0 1 0 010802 0
abf 736 801 000 9 7 7 0 1 0 010801 0
4be 7a0 600 000 7 5 7 0 1 0 010600 0
7be f15 500 000 9 7 7 0 1 0 010500 0
63e 926 480 000 7 5 7 0 1 0 010480 0
6fe 33b 440 000 9 7 7 0 1 0 010440 0
69e 1ca 420 000 7 5 7 0 1 0 010420 0
6ae 649 410 000 7 5 7 0 1 0 010410 0
6b6 c8c 408 000 7 5 7 0 1 0 010408 0
6ba a83 404 000 7 5 7 0 1 0 010404 0
6bc bed 402 000 7 9 7 0 1 0 010402 0
6bf a5e 401 000 9 7 7 0 1 0 010401 0
1be 8a5 300 000 7 5 7 0 1 0 010300 0
03e e96 280 000 5 7 7 0 1 0 010280 0
0fe 48b 240 000 7 5 7 0 1 0 010240 0
09e 67a 220 000 5 7 7 0 1 0 010220 0
0ae 1f9 210 000 5 7 7 0 1 0 010210 0
0b6 b3c 208 000 5 7 7 0 1 0 010208 0
0ba d33 204 000 5 7 7 0 1 0 010204 0
0bc c5d 202 000 5 7 7 0 1 0 010202 0
0bf dee 201 000 7 9 7 0 1 0 010201 0
33e 623 180 000 7 5 7 0 1 0 010180 0
3fe c3e 140 000 9 7 7 0 1 0 010140 0
39e ecf 120 000 7 9 7 0 1 0 010120 0
3ae 94c 110 000 7 5 7 0 1 0 010110 0
3b6 389 108 000 7 5 7 0 1 0 010108 0
3ba 586 104 000 7 5 7 0 1 0 010104 0
3bc 4e8 102 000 7 5 7 0 1 0 010102 0
3bf 55b 101 000 9 7 7 0 1 0 010101 0
27e a0d 0c0 000 7 5 7 0 1 0 0100c0 0
21e 8fc 0a0 000 5 7 7 0 1 0 0100a0 0
22e f7f 090 000 5 b 7 0 1 0 010090 0
236 5ba 088 000 5 7 7 0 1 0 010088 0
23a 3b5 084 000 5 7 7 0 1 0 010084 0
23c 2db 082 000 5 7 7 0 1 0 010082 0
23f 368 081 000 7 5 7 0 1 0 010081 0
2de 2e1 060 000 7 5 7 0 1 0 010060 0
2ee 562 050 000 7 5 7 0 1 0 010050 0
2f6 fa7 048 000 7 9 7 0 1 0 010048 0
2fa 9a8 044 000 7 5 7 0 1 0 010044 0
2fc 8c6 042 000 7 5 7 0 1 0 010042 0
2ff 975 041 000 9 7 7 0 1 0 010041 0
28e 793 030 000 5 7 7 0 1 0 010030 0
296 d56 028 000 5 7 7 0 1 0 010028 0
29a b59 024 000 5 7 7 0 1 0 010024 0
29c a37 022 000 5 7 7 0 1 0 010022 0
29f b84 021 000 7 5 7 0 1 0 010021 0
2a6 ad5 018 000 5 7 7 0 1 0 010018 0
2aa cda 014 000 5 7 7 0 1 0 010014 0
2ac db4 012 000 5 7 7 0 1 0 010012 0
2af c07 011 000 7 5 7 0 1 0 010011 0
2b2 61f 00c 000 5 7 7 0 1 0 01000c 0
2b4 771 00a 000 5 7 7 0 1 0 01000a 0
2b7 6c2 009 000 7 5 7 0 1 0 010009 0
2b8 17e 006 000 5 7 7 0 1 0 010006 0
2bb 0cd 005 000 7 5 7 0 1 0 010005 0
2bd 1a3 003 000 7 5 7 0 1 0 010003 0
915 00e 000 000 5 3 0 0 0 0 00e000 0
8a6 00d 000 000 5 3 0 0 0 0 00d000 0
e0f 983 000 00c 7 5 0 0 0 1 00c800 0
20f 4eb 000 00c 5 7 0 1 0 1 00c400 0
40f 35b 000 00c 5 7 0 2 0 1 00c200 0
70f bee 000 00c 7 9 0 3 0 1 00c100 0
68f ddd 000 00c 7 9 0 4 0 1 00c080 0
64f 7c0 000 00c 7 5 0 5 0 1 00c040 0
62f 531 000 00c 7 5 0 6 0 1 00c020 0
61f 2b2 000 00c 7 5 0 7 0 1 00c010 0
607 877 000 00c 5 7 0 8 0 1 00c008 0
60b e78 000 00c 5 7 0 9 0 1 00c004 0
60d f16 000 00c 5 7 0 a 0 1 00c002 0
60e ea5 000 00c 5 7 0 b 0 1 00c001 0
9c8 00b 000 000 5 3 0 0 0 0 00b000 0
f61 985 000 00a 7 5 0 0 0 1 00a800 0
361 4ed 000 00a 5 7 0 1 0 1 00a400 0
561 35d 000 00a 5 7 0 2 0 1 00a200 0
661 be8 000 00a 5 7 0 3 0 1 00a100 0
7e1 ddb 000 00a 7 9 0 4 0 1 00a080 0
721 7c6 000 00a 5 7 0 5 0 1 00a040 0
741 537 000 00a 5 7 0 6 0 1 00a020 0
771 2b4 000 00a 7 5 0 7 0 1 00a010 0
769 871 000 00a 7 5 0 8 0 1 00a008 0
765 e7e 000 00a 7 9 0 9 0 1 00a004 0
763 f10 000 00a 7 5 0 a 0 1 00a002 0
760 ea3 000 00a 5 7 0 b 0 1 00a001 0
ed2 986 000 009 7 5 0 0 0 1 009800 0
2d2 4ee 000 009 5 7 0 1 0 1 009400 0
4d2 35e 000 009 5 7 0 2 0 1 009200 0
7d2 beb 000 009 7 9 0 3 0 1 009100 0
652 dd8 000 009 5 7 0 4 0 1 009080 0
692 7c5 000 009 5 7 0 5 0 1 009040 0
6f2 534 000 009 7 5 0 6 0 1 009020 0
6c2 2b7 000 009 5 7 0 7 0 1 009010 0
6da 872 000 009 7 5 0 8 0 1 009008 0
6d6 e7d 000 009 7 9 0 9 0 1 009004 0
6d0 f13 000 009 5 7 0 a 0 1 009002 0
6d3 ea0 000 009 7 5 0 b 0 1 009001 0
47b d60 c00 000 7 5 8 0 1 0 008c00 0
27b ad0 a00 000 7 5 8 0 1 0 008a00 0
17b 265 900 000 7 5 8 0 1 0 008900 0
0fb 456 880 000 7 5 8 0 1 0 008880 0
03b e4b 840 000 5 7 8 0 1 0 008840 0
05b cba 820 000 5 7 8 0 1 0 008820 0
06b b39 810 000 5 7 8 0 1 0 008810 0
073 1fc 808 000 5 7 8 0 1 0 008808 0
07f 7f3 804 000 7 9 8 0 1 0 008804 0
079 69d 802 000 5 7 8 0 1 0 008802 0
07a 72e 801 000 5 7 8 0 1 0 008801 0
e7b 7b8 600 000 9 7 8 0 1 0 008600 0
d7b f0d 500 000 9 7 8 0 1 0 008500 0
cfb 93e 480 000 9 7 8 0 1 0 008480 0
c3b 323 440 000 7 5 8 0 1 0 008440 0
c5b 1d2 420 000 7 5 8 0 1 0 008420 0
c6b 651 410 000 7 5 8 0 1 0 008410 0
c73 c94 408 000 7 5 8 0 1 0 008408 0
c7f a9b 404 000 9 7 8 0 1 0 008404 0
c79 bf5 402 000 7 9 8 0 1 0 008402 0
c7a a46 401 000 7 5 8 0 1 0 008401 0
b7b 8bd 300 000 9 7 8 0 1 0 008300 0
afb e8e 280 000 9 7 8 0 1 0 008280 0
a3b 493 240 000 7 5 8 0 1 0 008240 0
a5b 662 220 000 7 5 8 0 1 0 008220 0
a6b 1e1 210 000 7 5 8 0 1 0 008210 0
a73 b24 208 000 7 5 8 0 1 0 008208 0
a7f d2b 204 000 9 7 8 0 1 0 008204 0
a79 c45 202 000 7 5 8 0 1 0 008202 0
a7a df6 201 000 7 9 8 0 1 0 008201 0
9fb 63b 180 000 9 7 8 0 1 0 008180 0
93b c26 140 000 7 5 8 0 1 0 008140 0
95b ed7 120 000 7 9 8 0 1 0 008120 0
96b 954 110 000 7 5 8 0 1 0 008110 0
973 391 108 000 7 5 8 0 1 0 008108 0
97f 59e 104 000 9 7 8 0 1 0 008104 0
979 4f0 102 000 7 5 8 0 1 0 008102 0
97a 543 101 000 7 5 8 0 1 0 008101 0
8bb a15 0c0 000 7 5 8 0 1 0 0080c0 0
8db 8e4 0a0 000 7 5 8 0 1 0 0080a0 0
8eb f67 090 000 7 9 8 0 1 0 008090 0
8f3 5a2 088 000 7 5 8 0 1 0 008088 0
8ff 3ad 084 000 9 7 8 0 1 0 008084 0
8f9 2c3 082 000 7 5 8 0 1 0 008082 0
8fa 370 081 000 7 5 8 0 1 0 008081 0
81b 2f9 060 000 5 7 8 0 1 0 008060 0
82b 57a 050 000 5 7 8 0 1 0 008050 0
833 fbf 048 000 5 b 8 0 1 0 008048 0
83f 9b0 044 000 7 5 8 0 1 0 008044 0
839 8de 042 000 5 7 8 0 1 0 008042 0
83a 96d 041 000 5 7 8 0 1 0 008041 0
84b 78b 030 000 5 7 8 0 1 0 008030 0
853 d4e 028 000 5 7 8 0 1 0 008028 0
85f b41 024 000 7 5 8 0 1 0 008024 0
859 a2f 022 000 5 7 8 0 1 0 008022 0
85a b9c 021 000 5 7 8 0 1 0 008021 0
863 acd 018 000 5 7 8 0 1 0 008018 0
86f cc2 014 000 7 5 8 0 1 0 008014 0
869 dac 012 000 5 7 8 0 1 0 008012 0
86a c1f 011 000 5 7 8 0 1 0 008011 0
877 607 00c 000 7 5 8 0 1 0 00800c 0
871 769 00a 000 5 7 8 0 1 0 00800a 0
872 6da 009 000 5 7 8 0 1 0 008009 0
87d 166 006 000 7 5 8 0 1 0 008006 0
87e 0d5 005 000 7 5 8 0 1 0 008005 0
878 1bb 003 000 5 7 8 0 1 0 008003 0
fc7 007 000 000 9 3 0 0 0 0 007000 0
96e 989 000 006 7 5 0 0 0 1 006800 0
56e 4e1 000 006 7 5 0 1 0 1 006400 0
36e 351 000 006 7 5 0 2 0 1 006200 0
06e be4 000 006 5 7 0 3 0 1 006100 0
1ee dd7 000 006 7 9 0 4 0 1 006080 0
12e 7ca 000 006 5 7 0 5 0 1 006040 0
14e 53b 000 006 5 7 0 6 0 1 006020 0
17e 2b8 000 006 7 5 0 7 0 1 006010 0
166 87d 000 006 5 7 0 8 0 1 006008 0
16a e72 000 006 5 7 0 9 0 1 006004 0
16c f1c 000 006 5 7 0 a 0 1 006002 0
16f eaf 000 006 7 9 0 b 0 1 006001 0
8dd 98a 000 005 7 5 0 0 0 1 005800 0
4dd 4e2 000 005 7 5 0 1 0 1 005400 0
2dd 352 000 005 7 5 0 2 0 1 005200 0
1dd be7 000 005 7 9 0 3 0 1 005100 0
05d dd4 000 005 5 7 0 4 0 1 005080 0
09d 7c9 000 005 5 7 0 5 0 1 005040 0
0fd 538 000 005 7 5 0 6 0 1 005020 0
0cd 2bb 000 005 5 7 0 7 0 1 005010 0
0d5 87e 000 005 5 7 0 8 0 1 005008 0
0d9 e71 000 005 5 7 0 9 0 1 005004 0
0df f1f 000 005 7 9 0 a 0 1 005002 0
0dc eac 000 005 5 7 0 b 0 1 005001 0
274 d6c c00 000 5 7 9 0 1 0 004c00 0
474 adc a00 000 5 7 9 0 1 0 004a00 0
774 269 900 000 7 5 9 0 1 0 004900 0
6f4 45a 880 000 7 5 9 0 1 0 004880 0
634 e47 840 000 5 7 9 0 1 0 004840 0
654 cb6 820 000 5 7 9 0 1 0 004820 0
664 b35 810 000 5 7 9 0 1 0 004810 0
67c 1f0 808 000 7 5 9 0 1 0 004808 0
670 7ff 804 000 5 b 9 0 1 0 004804 0
676 691 802 000 7 5 9 0 1 0 004802 0
675 722 801 000 7 5 9 0 1 0 004801 0
874 7b4 600 000 5 7 9 0 1 0 004600 0
b74 f01 500 000 7 5 9 0 1 0 004500 0
af4 932 480 000 7 5 9 0 1 0 004480 0
a34 32f 440 000 5 7 9 0 1 0 004440 0
a54 1de 420 000 5 7 9 0 1 0 004420 0
a64 65d 410 000 5 7 9 0 1 0 004410 0
a7c c98 408 000 7 5 9 0 1 0 004408 0
a70 a97 404 000 5 7 9 0 1 0 004404 0
a76 bf9 402 000 7 9 9 0 1 0 004402 0
a75 a4a 401 000 7 5 9 0 1 0 004401 0
d74 8b1 300 000 7 5 9 0 1 0 004300 0
cf4 e82 280 000 7 5 9 0 1 0 004280 0
c34 49f 240 000 5 7 9 0 1 0 004240 0
c54 66e 220 000 5 7 9 0 1 0 004220 0
c64 1ed 210 000 5 7 9 0 1 0 004210 0
c7c b28 208 000 7 5 9 0 1 0 004208 0
c70 d27 204 000 5 7 9 0 1 0 004204 0
c76 c49 202 000 7 5 9 0 1 0 004202 0
c75 dfa 201 000 7 9 9 0 1 0 004201 0
ff4 637 180 000 9 7 9 0 1 0 004180 0
f34 c2a 140 000 7 5 9 0 1 0 004140 0
f54 edb 120 000 7 9 9 0 1 0 004120 0
f64 958 110 000 7 5 9 0 1 0 004110 0
f7c 39d 108 000 9 7 9 0 1 0 004108 0
f70 592 104 000 7 5 9 0 1 0 004104 0
f76 4fc 102 000 9 7 9 0 1 0 004102 0
f75 54f 101 000 9 7 9 0 1 0 004101 0
eb4 a19 0c0 000 7 5 9 0 1 0 0040c0 0
ed4 8e8 0a0 000 7 5 9 0 1 0 0040a0 0
ee4 f6b 090 000 7 9 9 0 1 0 004090 0
efc 5ae 088 000 9 7 9 0 1 0 004088 0
ef0 3a1 084 000 7 5 9 0 1 0 004084 0
ef6 2cf 082 000 9 7 9 0 1 0 004082 0
ef5 37c 081 000 9 7 9 0 1 0 004081 0
e14 2f5 060 000 5 7 9 0 1 0 004060 0
e24 576 050 000 5 7 9 0 1 0 004050 0
e3c fb3 048 000 7 9 9 0 1 0 004048 0
e30 9bc 044 000 5 7 9 0 1 0 004044 0
e36 8d2 042 000 7 5 9 0 1 0 004042 0
e35 961 041 000 7 5 9 0 1 0 004041 0
e44 787 030 000 5 7 9 0 1 0 004030 0
e5c d42 028 000 7 5 9 0 1 0 004028 0
e50 b4d 024 000 5 7 9 0 1 0 004024 0
e56 a23 022 000 7 5 9 0 1 0 004022 0
e55 b90 021 000 7 5 9 0 1 0 004021 0
e6c ac1 018 000 7 5 9 0 1 0 004018 0
e60 cce 014 000 5 7 9 0 1 0 004014 0
e66 da0 012 000 7 5 9 0 1 0 004012 0
e65 c13 011 000 7 5 9 0 1 0 004011 0
e78 60b 00c 000 7 5 9 0 1 0 00400c 0
e7e 765 00a 000 9 7 9 0 1 0 00400a 0
e7d 6d6 009 000 9 7 9 0 1 0 004009 0
e72 16a 006 000 7 5 9 0 1 0 004006 0
e71 0d9 005 000 7 5 9 0 1 0 004005 0
e77 1b7 003 000 9 7 9 0 1 0 004003 0
9b3 98c 000 003 7 5 0 0 0 1 003800 0
5b3 4e4 000 003 7 5 0 1 0 1 003400 0
3b3 354 000 003 7 5 0 2 0 1 003200 0
0b3 be1 000 003 5 7 0 3 0 1 003100 0
133 dd2 000 003 5 7 0 4 0 1 003080 0
1f3 7cf 000 003 7 9 0 5 0 1 003040 0
193 53e 000 003 5 7 0 6 0 1 003020 0
1a3 2bd 000 003 5 7 0 7 0 1 003010 0
1bb 878 000 003 7 5 0 8 0 1 003008 0
1b7 e77 000 003 7 9 0 9 0 1 003004 0
1b1 f19 000 003 5 7 0 a 0 1 003002 0
1b2 eaa 000 003 5 7 0 b 0 1 003001 0
31a d6a c00 000 5 7 a 0 1 0 002c00 0
51a ada a00 000 5 7 a 0 1 0 002a00 0
61a 26f 900 000 5 7 a 0 1 0 002900 0
79a 45c 880 000 7 5 a 0 1 0 002880 0
75a e41 840 000 7 5 a 0 1 0 002840 0
73a cb0 820 000 7 5 a 0 1 0 002820 0
70a b33 810 000 5 7 a 0 1 0 002810 0
712 1f6 808 000 5 7 a 0 1 0 002808 0
71e 7f9 804 000 7 9 a 0 1 0 002804 0
718 697 802 000 5 7 a 0 1 0 002802 0
71b 724 801 000 7 5 a 0 1 0 002801 0
91a 7b2 600 000 5 7 a 0 1 0 002600 0
a1a f07 500 000 5 7 a 0 1 0 002500 0
b9a 934 480 000 7 5 a 0 1 0 002480 0
b5a 329 440 000 7 5 a 0 1 0 002440 0
b3a 1d8 420 000 7 5 a 0 1 0 002420 0
b0a 65b 410 000 5 7 a 0 1 0 002410 0
b12 c9e 408 000 5 7 a 0 1 0 002408 0
b1e a91 404 000 7 5 a 0 1 0 002404 0
b18 bff 402 000 5 b a 0 1 0 002402 0
b1b a4c 401 000 7 5 a 0 1 0 002401 0
c1a 8b7 300 000 5 7 a 0 1 0 002300 0
d9a e84 280 000 7 5 a 0 1 0 002280 0
d5a 499 240 000 7 5 a 0 1 0 002240 0
d3a 668 220 000 7 5 a 0 1 0 002220 0
d0a 1eb 210 000 5 7 a 0 1 0 002210 0
d12 b2e 208 000 5 7 a 0 1 0 002208 0
d1e d21 204 000 7 5 a 0 1 0 002204 0
d18 c4f 202 000 5 7 a 0 1 0 002202 0
d1b dfc 201 000 7 9 a 0 1 0 002201 0
e9a 631 180 000 7 5 a 0 1 0 002180 0
e5a c2c 140 000 7 5 a 0 1 0 002140 0
e3a edd 120 000 7 9 a 0 1 0 002120 0
e0a 95e 110 000 5 7 a 0 1 0 002110 0
e12 39b 108 000 5 7 a 0 1 0 002108 0
e1e 594 104 000 7 5 a 0 1 0 002104 0
e18 4fa 102 000 5 7 a 0 1 0 002102 0
e1b 549 101 000 7 5 a 0 1 0 002101 0
fda a1f 0c0 000 9 7 a 0 1 0 0020c0 0
fba 8ee 0a0 000 9 7 a 0 1 0 0020a0 0
f8a f6d 090 000 7 9 a 0 1 0 002090 0
f92 5a8 088 000 7 5 a 0 1 0 002088 0
f9e 3a7 084 000 9 7 a 0 1 0 002084 0
f98 2c9 082 000 7 5 a 0 1 0 002082 0
f9b 37a 081 000 9 7 a 0 1 0 002081 0
f7a 2f3 060 000 9 7 a 0 1 0 002060 0
f4a 570 050 000 7 5 a 0 1 0 002050 0
f52 fb5 048 000 7 9 a 0 1 0 002048 0
f5e 9ba 044 000 9 7 a 0 1 0 002044 0
f58 8d4 042 000 7 5 a 0 1 0 002042 0
f5b 967 041 000 9 7 a 0 1 0 002041 0
f2a 781 030 000 7 5 a 0 1 0 002030 0
f32 d44 028 000 7 5 a 0 1 0 002028 0
f3e b4b 024 000 9 7 a 0 1 0 002024 0
f38 a25 022 000 7 5 a 0 1 0 002022 0
f3b b96 021 000 9 7 a 0 1 0 002021 0
f02 ac7 018 000 5 7 a 0 1 0 002018 0
f0e cc8 014 000 7 5 a 0 1 0 002014 0
f08 da6 012 000 5 7 a 0 1 0 002012 0
f0b c15 011 000 7 5 a 0 1 0 002011 0
f16 60d 00c 000 7 5 a 0 1 0 00200c 0
f10 763 00a 000 5 7 a 0 1 0 00200a 0
f13 6d0 009 000 7 5 a 0 1 0 002009 0
f1c 16c 006 000 7 5 a 0 1 0 002006 0
f1f 0df 005 000 9 7 a 0 1 0 002005 0
f19 1b1 003 000 7 5 a 0 1 0 002003 0
2a9 d69 c00 000 5 7 b 0 1 0 001c00 0
4a9 ad9 a00 000 5 7 b 0 1 0 001a00 0
7a9 26c 900 000 7 5 b 0 1 0 001900 0
629 45f 880 000 5 7 b 0 1 0 001880 0
6e9 e42 840 000 7 5 b 0 1 0 001840 0
689 cb3 820 000 5 7 b 0 1 0 001820 0
6b9 b30 810 000 7 5 b 0 1 0 001810 0
6a1 1f5 808 000 5 7 b 0 1 0 001808 0
6ad 7fa 804 000 7 9 b 0 1 0 001804 0
6ab 694 802 000 7 5 b 0 1 0 001802 0
6a8 727 801 000 5 7 b 0 1 0 001801 0
8a9 7b1 600 000 5 7 b 0 1 0 001600 0
ba9 f04 500 000 7 5 b 0 1 0 001500 0
a29 937 480 000 5 7 b 0 1 0 001480 0
ae9 32a 440 000 7 5 b 0 1 0 001440 0
a89 1db 420 000 5 7 b 0 1 0 001420 0
ab9 658 410 000 7 5 b 0 1 0 001410 0
aa1 c9d 408 000 5 7 b 0 1 0 001408 0
aad a92 404 000 7 5 b 0 1 0 001404 0
aab bfc 402 000 7 9 b 0 1 0 001402 0
aa8 a4f 401 000 5 7 b 0 1 0 001401 0
da9 8b4 300 000 7 5 b 0 1 0 001300 0
c29 e87 280 000 5 7 b 0 1 0 001280 0
ce9 49a 240 000 7 5 b 0 1 0 001240 0
c89 66b 220 000 5 7 b 0 1 0 001220 0
cb9 1e8 210 000 7 5 b 0 1 0 001210 0
ca1 b2d 208 000 5 7 b 0 1 0 001208 0
cad d22 204 000 7 5 b 0 1 0 001204 0
cab c4c 202 000 7 5 b 0 1 0 001202 0
ca8 dff 201 000 5 b b 0 1 0 001201 0
f29 632 180 000 7 5 b 0 1 0 001180 0
fe9 c2f 140 000 9 7 b 0 1 0 001140 0
f89 ede 120 000 7 9 b 0 1 0 001120 0
fb9 95d 110 000 9 7 b 0 1 0 001110 0
fa1 398 108 000 7 5 b 0 1 0 001108 0
fad 597 104 000 9 7 b 0 1 0 001104 0
fab 4f9 102 000 9 7 b 0 1 0 001102 0
fa8 54a 101 000 7 5 b 0 1 0 001101 0
e69 a1c 0c0 000 7 5 b 0 1 0 0010c0 0
e09 8ed 0a0 000 5 7 b 0 1 0 0010a0 0
e39 f6e 090 000 7 9 b 0 1 0 001090 0
e21 5ab 088 000 5 7 b 0 1 0 001088 0
e2d 3a4 084 000 7 5 b 0 1 0 001084 0
e2b 2ca 082 000 7 5 b 0 1 0 001082 0
e28 379 081 000 5 7 b 0 1 0 001081 0
ec9 2f0 060 000 7 5 b 0 1 0 001060 0
ef9 573 050 000 9 7 b 0 1 0 001050 0
ee1 fb6 048 000 7 9 b 0 1 0 001048 0
eed 9b9 044 000 9 7 b 0 1 0 001044 0
eeb 8d7 042 000 9 7 b 0 1 0 001042 0
ee8 964 041 000 7 5 b 0 1 0 001041 0
e99 782 030 000 7 5 b 0 1 0 001030 0
e81 d47 028 000 5 7 b 0 1 0 001028 0
e8d b48 024 000 7 5 b 0 1 0 001024 0
e8b a26 022 000 7 5 b 0 1 0 001022 0
e88 b95 021 000 5 7 b 0 1 0 001021 0
eb1 ac4 018 000 7 5 b 0 1 0 001018 0
ebd ccb 014 000 9 7 b 0 1 0 001014 0
ebb da5 012 000 9 7 b 0 1 0 001012 0
eb8 c16 011 000 7 5 b 0 1 0 001011 0
ea5 60e 00c 000 7 5 b 0 1 0 00100c 0
ea3 760 00a 000 7 5 b 0 1 0 00100a 0
ea0 6d3 009 000 5 7 b 0 1 0 001009 0
eaf 16f 006 000 9 7 b 0 1 0 001006 0
eac 0dc 005 000 7 5 b 0 1 0 001005 0
eaa 1b2 003 000 7 5 b 0 1 0 001003 0
e00 e3f 000 000 3 9 0 0 0 0 000e00 0
d00 68a 000 000 3 5 0 0 0 0 000d00 0
c80 0b9 000 000 3 5 0 0 0 0 000c80 0
c40 aa4 000 000 3 5 0 0 0 0 000c40 0
c20 855 000 000 3 5 0 0 0 0 000c20 0
c10 fd6 000 000 3 9 0 0 0 0 000c10 0
c08 513 000 000 3 5 0 0 0 0 000c08 0
c04 31c 000 000 3 5 0 0 0 0 000c04 0
c02 272 000 000 3 5 0 0 0 0 000c02 0
c01 3c1 000 000 3 5 0 0 0 0 000c01 0
b00 13a 000 000 3 5 0 0 0 0 000b00 0
a80 709 000 000 3 5 0 0 0 0 000a80 0
a40 d14 000 000 3 5 0 0 0 0 000a40 0
a20 fe5 000 000 3 9 0 0 0 0 000a20 0
a10 866 000 000 3 5 0 0 0 0 000a10 0
a08 2a3 000 000 3 5 0 0 0 0 000a08 0
a04 4ac 000 000 3 5 0 0 0 0 000a04 0
a02 5c2 000 000 3 5 0 0 0 0 000a02 0
a01 471 000 000 3 5 0 0 0 0 000a01 0
980 fbc 000 000 3 9 0 0 0 0 000980 0
940 5a1 000 000 3 5 0 0 0 0 000940 0
920 750 000 000 3 5 0 0 0 0 000920 0
910 0d3 000 000 3 5 0 0 0 0 000910 0
908 a16 000 000 3 5 0 0 0 0 000908 0
904 c19 000 000 3 5 0 0 0 0 000904 0
902 d77 000 000 3 9 0 0 0 0 000902 0
901 cc4 000 000 3 5 0 0 0 0 000901 0
8c0 392 000 000 3 5 0 0 0 0 0008c0 0
8a0 163 000 000 3 5 0 0 0 0 0008a0 0
890 6e0 000 000 3 5 0 0 0 0 000890 0
888 c25 000 000 3 5 0 0 0 0 000888 0
884 a2a 000 000 3 5 0 0 0 0 000884 0
882 b44 000 000 3 5 0 0 0 0 000882 0
881 af7 000 000 3 9 0 0 0 0 000881 0
860 b7e 000 000 3 9 0 0 0 0 000860 0
850 cfd 000 000 3 9 0 0 0 0 000850 0
848 638 000 000 3 5 0 0 0 0 000848 0
844 037 000 000 3 5 0 0 0 0 000844 0
842 159 000 000 3 5 0 0 0 0 000842 0
841 0ea 000 000 3 5 0 0 0 0 000841 0
830 e0c 000 000 3 5 0 0 0 0 000830 0
828 4c9 000 000 3 5 0 0 0 0 000828 0
824 2c6 000 000 3 5 0 0 0 0 000824 0
822 3a8 000 000 3 5 0 0 0 0 000822 0
821 21b 000 000 3 5 0 0 0 0 000821 0
818 34a 000 000 3 5 0 0 0 0 000818 0
814 545 000 000 3 5 0 0 0 0 000814 0
812 42b 000 000 3 5 0 0 0 0 000812 0
811 598 000 000 3 5 0 0 0 0 000811 0
80c f80 000 000 3 5 0 0 0 0 00080c 0
80a eee 000 000 3 9 0 0 0 0 00080a 0
809 f5d 000 000 3 9 0 0 0 0 000809 0
806 8e1 000 000 3 5 0 0 0 0 000806 0
805 952 000 000 3 5 0 0 0 0 000805 0
803 83c 000 000 3 5 0 0 0 0 000803 0
700 c52 000 000 3 5 0 0 0 0 000700 0
680 a61 000 000 3 5 0 0 0 0 000680 0
640 07c 000 000 3 5 0 0 0 0 000640 0
620 28d 000 000 3 5 0 0 0 0 000620 0
610 50e 000 000 3 5 0 0 0 0 000610 0
608 fcb 000 000 3 9 0 0 0 0 000608 0
604 9c4 000 000 3 5 0 0 0 0 000604 0
602 8aa 000 000 3 5 0 0 0 0 000602 0
601 919 000 000 3 5 0 0 0 0 000601 0
580 2d4 000 000 3 5 0 0 0 0 000580 0
540 8c9 000 000 3 5 0 0 0 0 000540 0
520 a38 000 000 3 5 0 0 0 0 000520 0
510 dbb 000 000 3 9 0 0 0 0 000510 0
508 77e 000 000 3 9 0 0 0 0 000508 0
504 171 000 000 3 5 0 0 0 0 000504 0
502 01f 000 000 3 5 0 0 0 0 000502 0
501 1ac 000 000 3 5 0 0 0 0 000501 0
4c0 efa 000 000 3 9 0 0 0 0 0004c0 0
4a0 c0b 000 000 3 5 0 0 0 0 0004a0 0
490 b88 000 000 3 5 0 0 0 0 000490 0
488 14d 000 000 3 5 0 0 0 0 000488 0
484 742 000 000 3 5 0 0 0 0 000484 0
482 62c 000 000 3 5 0 0 0 0 000482 0
481 79f 000 000 3 9 0 0 0 0 000481 0
460 616 000 000 3 5 0 0 0 0 000460 0
450 195 000 000 3 5 0 0 0 0 000450 0
448 b50 000 000 3 5 0 0 0 0 000448 0
444 d5f 000 000 3 9 0 0 0 0 000444 0
442 c31 000 000 3 5 0 0 0 0 000442 0
441 d82 000 000 3 5 0 0 0 0 000441 0
430 364 000 000 3 5 0 0 0 0 000430 0
428 9a1 000 000 3 5 0 0 0 0 000428 0
424 fae 000 000 3 9 0 0 0 0 000424 0
422 ec0 000 000 3 5 0 0 0 0 000422 0
421 f73 000 000 3 9 0 0 0 0 000421 0
418 e22 000 000 3 5 0 0 0 0 000418 0
414 82d 000 000 3 5 0 0 0 0 000414 0
412 943 000 000 3 5 0 0 0 0 000412 0
411 8f0 000 000 3 5 0 0 0 0 000411 0
40c 2e8 000 000 3 5 0 0 0 0 00040c 0
40a 386 000 000 3 5 0 0 0 0 00040a 0
409 235 000 000 3 5 0 0 0 0 000409 0
406 589 000 000 3 5 0 0 0 0 000406 0
405 43a 000 000 3 5 0 0 0 0 000405 0
403 554 000 000 3 5 0 0 0 0 000403 0
380 564 000 000 3 5 0 0 0 0 000380 0
340 f79 000 000 3 9 0 0 0 0 000340 0
320 d88 000 000 3 5 0 0 0 0 000320 0
310 a0b 000 000 3 5 0 0 0 0 000310 0
308 0ce 000 000 3 5 0 0 0 0 000308 0
304 6c1 000 000 3 5 0 0 0 0 000304 0
302 7af 000 000 3 9 0 0 0 0 000302 0
301 61c 000 000 3 5 0 0 0 0 000301 0
2c0 94a 000 000 3 5 0 0 0 0 0002c0 0
2a0 bbb 000 000 3 9 0 0 0 0 0002a0 0
290 c38 000 000 3 5 0 0 0 0 000290 0
288 6fd 000 000 3 9 0 0 0 0 000288 0
284 0f2 000 000 3 5 0 0 0 0 000284 0
282 19c 000 000 3 5 0 0 0 0 000282 0
281 02f 000 000 3 5 0 0 0 0 000281 0
260 1a6 000 000 3 5 0 0 0 0 000260 0
250 625 000 000 3 5 0 0 0 0 000250 0
248 ce0 000 000 3 5 0 0 0 0 000248 0
244 aef 000 000 3 9 0 0 0 0 000244 0
242 b81 000 000 3 5 0 0 0 0 000242 0
241 a32 000 000 3 5 0 0 0 0 000241 0
230 4d4 000 000 3 5 0 0 0 0 000230 0
228 e11 000 000 3 5 0 0 0 0 000228 0
224 81e 000 000 3 5 0 0 0 0 000224 0
222 970 000 000 3 5 0 0 0 0 000222 0
221 8c3 000 000 3 5 0 0 0 0 000221 0
218 992 000 000 3 5 0 0 0 0 000218 0
214 f9d 000 000 3 9 0 0 0 0 000214 0
212 ef3 000 000 3 9 0 0 0 0 000212 0
211 f40 000 000 3 5 0 0 0 0 000211 0
20c 558 000 000 3 5 0 0 0 0 00020c 0
20a 436 000 000 3 5 0 0 0 0 00020a 0
209 585 000 000 3 5 0 0 0 0 000209 0
206 239 000 000 3 5 0 0 0 0 000206 0
205 38a 000 000 3 5 0 0 0 0 000205 0
203 2e4 000 000 3 5 0 0 0 0 000203 0
1c0 1ff 000 000 3 9 0 0 0 0 0001c0 0
1a0 30e 000 000 3 5 0 0 0 0 0001a0 0
190 48d 000 000 3 5 0 0 0 0 000190 0
188 e48 000 000 3 5 0 0 0 0 000188 0
184 847 000 000 3 5 0 0 0 0 000184 0
182 929 000 000 3 5 0 0 0 0 000182 0
181 89a 000 000 3 5 0 0 0 0 000181 0
160 913 000 000 3 5 0 0 0 0 000160 0
150 e90 000 000 3 5 0 0 0 0 000150 0
148 455 000 000 3 5 0 0 0 0 000148 0
144 25a 000 000 3 5 0 0 0 0 000144 0
142 334 000 000 3 5 0 0 0 0 000142 0
141 287 000 000 3 5 0 0 0 0 000141 0
130 c61 000 000 3 5 0 0 0 0 000130 0
128 6a4 000 000 3 5 0 0 0 0 000128 0
124 0ab 000 000 3 5 0 0 0 0 000124 0
122 1c5 000 000 3 5 0 0 0 0 000122 0
121 076 000 000 3 5 0 0 0 0 000121 0
118 127 000 000 3 5 0 0 0 0 000118 0
114 728 000 000 3 5 0 0 0 0 000114 0
112 646 000 000 3 5 0 0 0 0 000112 0
111 7f5 000 000 3 9 0 0 0 0 000111 0
10c ded 000 000 3 9 0 0 0 0 00010c 0
10a c83 000 000 3 5 0 0 0 0 00010a 0
109 d30 000 000 3 5 0 0 0 0 000109 0
106 a8c 000 000 3 5 0 0 0 0 000106 0
105 b3f 000 000 3 9 0 0 0 0 000105 0
103 a51 000 000 3 5 0 0 0 0 000103 0
0e0 f20 000 000 3 5 0 0 0 0 0000e0 0
0d0 8a3 000 000 3 5 0 0 0 0 0000d0 0
0c8 266 000 000 3 5 0 0 0 0 0000c8 0
0c4 469 000 000 3 5 0 0 0 0 0000c4 0
0c2 507 000 000 3 5 0 0 0 0 0000c2 0
0c1 4b4 000 000 3 5 0 0 0 0 0000c1 0
0b0 a52 000 000 3 5 0 0 0 0 0000b0 0
0a8 097 000 000 3 5 0 0 0 0 0000a8 0
0a4 698 000 000 3 5 0 0 0 0 0000a4 0
0a2 7f6 000 000 3 9 0 0 0 0 0000a2 0
0a1 645 000 000 3 5 0 0 0 0 0000a1 0
098 714 000 000 3 5 0 0 0 0 000098 0
094 11b 000 000 3 5 0 0 0 0 000094 0
092 075 000 000 3 5 0 0 0 0 000092 0
091 1c6 000 000 3 5 0 0 0 0 000091 0
08c bde 000 000 3 9 0 0 0 0 00008c 0
08a ab0 000 000 3 5 0 0 0 0 00008a 0
089 b03 000 000 3 5 0 0 0 0 000089 0
086 cbf 000 000 3 9 0 0 0 0 000086 0
085 d0c 000 000 3 5 0 0 0 0 000085 0
083 c62 000 000 3 5 0 0 0 0 000083 0
070 04f 000 000 3 5 0 0 0 0 000070 0
068 a8a 000 000 3 5 0 0 0 0 000068 0
064 c85 000 000 3 5 0 0 0 0 000064 0
062 deb 000 000 3 9 0 0 0 0 000062 0
061 c58 000 000 3 5 0 0 0 0 000061 0
058 d09 000 000 3 5 0 0 0 0 000058 0
054 b06 000 000 3 5 0 0 0 0 000054 0
052 a68 000 000 3 5 0 0 0 0 000052 0
051 bdb 000 000 3 9 0 0 0 0 000051 0
04c 1c3 000 000 3 5 0 0 0 0 00004c 0
04a 0ad 000 000 3 5 0 0 0 0 00004a 0
049 11e 000 000 3 5 0 0 0 0 000049 0
046 6a2 000 000 3 5 0 0 0 0 000046 0
045 711 000 000 3 5 0 0 0 0 000045 0
043 67f 000 000 3 9 0 0 0 0 000043 0
038 ff8 000 000 3 9 0 0 0 0 000038 0
034 9f7 000 000 3 9 0 0 0 0 000034 0
032 899 000 000 3 5 0 0 0 0 000032 0
031 92a 000 000 3 5 0 0 0 0 000031 0
02c 332 000 000 3 5 0 0 0 0 00002c 0
02a 25c 000 000 3 5 0 0 0 0 00002a 0
029 3ef 000 000 3 9 0 0 0 0 000029 0
026 453 000 000 3 5 0 0 0 0 000026 0
025 5e0 000 000 3 5 0 0 0 0 000025 0
023 48e 000 000 3 5 0 0 0 0 000023 0
01c 4b1 000 000 3 5 0 0 0 0 00001c 0
01a 5df 000 000 3 9 0 0 0 0 00001a 0
019 46c 000 000 3 5 0 0 0 0 000019 0
016 3d0 000 000 3 5 0 0 0 0 000016 0
015 263 000 000 3 5 0 0 0 0 000015 0
013 30d 000 000 3 5 0 0 0 0 000013 0
00e 915 000 000 3 5 0 0 0 0 00000e 0
00d 8a6 000 000 3 5 0 0 0 0 00000d 0
00b 9c8 000 000 3 5 0 0 0 0 00000b 0
007 fc7 000 000 3 9 0 0 0 0 000007 0
5dd f00 000 000 8 4 0 0 0 0 000000 1
3ee e80 000 000 8 4 0 0 0 0 000000 1
9f3 e40 000 000 8 4 0 0 0 0 000000 1
b02 e20 000 000 4 4 0 0 0 0 000000 1
c81 e10 000 000 4 4 0 0 0 0 000000 1
644 e08 000 000 4 4 0 0 0 0 000000 1
04b e04 000 000 4 4 0 0 0 0 000000 1
125 e02 000 000 4 4 0 0 0 0 000000 1
096 e01 000 000 4 4 0 0 0 0 000000 1
63f 78f 000 000 8 8 0 0 0 0 000000 1
a3f ae7 000 000 8 8 0 0 0 0 000000 1
c3f d57 000 000 8 8 0 0 0 0 000000 1
f3f 5e2 000 000 a 6 0 0 0 0 000000 1
ebf 3d1 000 000 a 6 0 0 0 0 000000 1
e7f 9cc 000 000 a 6 0 0 0 0 000000 1
e1f b3d 000 000 8 8 0 0 0 0 000000 1
e2f cbe 000 000 8 8 0 0 0 0 000000 1
e37 67b 000 000 8 8 0 0 0 0 000000 1
e3b 074 000 000 8 4 0 0 0 0 000000 1
e3d 11a 000 000 8 4 0 0 0 0 000000 1
e3e 0a9 000 000 8 4 0 0 0 0 000000 1
b5b d80 000 000 8 4 0 0 0 0 000000 1
146 d40 000 000 4 4 0 0 0 0 000000 1
3b7 d20 000 000 8 4 0 0 0 0 000000 1
434 d10 000 000 4 4 0 0 0 0 000000 1
ef1 d08 000 000 8 4 0 0 0 0 000000 1
8fe d04 000 000 8 4 0 0 0 0 000000 1
990 d02 000 000 4 4 0 0 0 0 000000 1
823 d01 000 000 4 4 0 0 0 0 000000 1
e8a 48f 000 000 6 6 0 0 0 0 000000 1
28a 9e7 000 000 4 8 0 0 0 0 000000 1
48a e57 000 000 4 8 0 0 0 0 000000 1
78a 6e2 000 000 6 6 0 0 0 0 000000 1
60a 0d1 000 000 4 4 0 0 0 0 000000 1
6ca acc 000 000 6 6 0 0 0 0 000000 1
6aa 83d 000 000 6 6 0 0 0 0 000000 1
69a fbe 000 000 6 a 0 0 0 0 000000 1
682 57b 000 000 4 8 0 0 0 0 000000 1
68e 374 000 000 6 6 0 0 0 0 000000 1
688 21a 000 000 4 4 0 0 0 0 000000 1
68b 3a9 000 000 6 6 0 0 0 0 000000 1
775 cc0 000 000 8 4 0 0 0 0 000000 1
584 ca0 000 000 4 4 0 0 0 0 000000 1
207 c90 000 000 4 4 0 0 0 0 000000 1
8c2 c88 000 000 4 4 0 0 0 0 000000 1
ecd c84 000 000 8 4 0 0 0 0 000000 1
fa3 c82 000 000 8 4 0 0 0 0 000000 1
e10 c81 000 000 4 4 0 0 0 0 000000 1
8b9 50f 000 000 6 6 0 0 0 0 000000 1
4b9 867 000 000 6 6 0 0 0 0 000000 1
2b9 fd7 000 000 6 a 0 0 0 0 000000 1
1b9 762 000 000 6 6 0 0 0 0 000000 1
039 151 000 000 4 4 0 0 0 0 000000 1
0f9 b4c 000 000 6 6 0 0 0 0 000000 1
099 9bd 000 000 4 8 0 0 0 0 000000 1
0a9 e3e 000 000 4 8 0 0 0 0 000000 1
0b1 4fb 000 000 4 8 0 0 0 0 000000 1
0bd 2f4 000 000 6 6 0 0 0 0 000000 1
0bb 39a 000 000 6 6 0 0 0 0 000000 1
0b8 229 000 000 4 4 0 0 0 0 000000 1
f99 c60 000 000 8 4 0 0 0 0 000000 1
81a c50 000 000 4 4 0 0 0 0 000000 1
2df c48 000 000 8 4 0 0 0 0 000000 1
4d0 c44 000 000 4 4 0 0 0 0 000000 1
5be c42 000 000 8 4 0 0 0 0 000000 1
40d c41 000 000 4 4 0 0 0 0 000000 1
2a4 5cf 000 000 4 8 0 0 0 0 000000 1
ea4 8a7 000 000 6 6 0 0 0 0 000000 1
8a4 f17 000 000 4 8 0 0 0 0 000000 1
ba4 7a2 000 000 6 6 0 0 0 0 000000 1
a24 191 000 000 4 4 0 0 0 0 000000 1
ae4 b8c 000 000 6 6 0 0 0 0 000000 1
a84 97d 000 000 4 8 0 0 0 0 000000 1
ab4 efe 000 000 6 a 0 0 0 0 000000 1
aac 43b 000 000 6 6 0 0 0 0 000000 1
aa0 234 000 000 4 4 0 0 0 0 000000 1
aa6 35a 000 000 6 6 0 0 0 0 000000 1
aa5 2e9 000 000 6 6 0 0 0 0 000000 1
aeb c30 000 000 8 4 0 0 0 0 000000 1
02e c28 000 000 4 4 0 0 0 0 000000 1
621 c24 000 000 4 4 0 0 0 0 000000 1
74f c22 000 000 8 4 0 0 0 0 000000 1
6fc c21 000 000 8 4 0 0 0 0 000000 1
055 5af 000 000 4 8 0 0 0 0 000000 1
c55 8c7 000 000 6 6 0 0 0 0 000000 1
a55 f77 000 000 6 a 0 0 0 0 000000 1
955 7c2 000 000 6 6 0 0 0 0 000000 1
8d5 1f1 000 000 6 6 0 0 0 0 000000 1
815 bec 000 000 4 8 0 0 0 0 000000 1
875 91d 000 000 6 6 0 0 0 0 000000 1
845 e9e 000 000 4 8 0 0 0 0 000000 1
85d 45b 000 000 6 6 0 0 0 0 000000 1
851 254 000 000 4 4 0 0 0 0 000000 1
857 33a 000 000 6 6 0 0 0 0 000000 1
854 289 000 000 4 4 0 0 0 0 000000 1
7ad c18 000 000 8 4 0 0 0 0 000000 1
1a2 c14 000 000 4 4 0 0 0 0 000000 1
0cc c12 000 000 4 4 0 0 0 0 000000 1
17f c11 000 000 8 4 0 0 0 0 000000 1
7d6 59f 000 000 8 8 0 0 0 0 000000 1
bd6 8f7 000 000 8 8 0 0 0 0 000000 1
dd6 f47 000 000 8 8 0 0 0 0 000000 1
ed6 7f2 000 000 8 8 0 0 0 0 000000 1
f56 1c1 000 000 8 4 0 0 0 0 000000 1
f96 bdc 000 000 8 8 0 0 0 0 000000 1
ff6 92d 000 000 a 6 0 0 0 0 000000 1
fc6 eae 000 000 8 8 0 0 0 0 000000 1
fde 46b 000 000 a 6 0 0 0 0 000000 1
fd2 264 000 000 8 4 0 0 0 0 000000 1
fd4 30a 000 000 8 4 0 0 0 0 000000 1
fd7 2b9 000 000 a 6 0 0 0 0 000000 1
b67 c0c 000 000 8 4 0 0 0 0 000000 1
a09 c0a 000 000 4 4 0 0 0 0 000000 1
bba c09 000 000 8 4 0 0 0 0 000000 1
d13 587 000 000 6 6 0 0 0 0 000000 1
113 8ef 000 000 4 8 0 0 0 0 000000 1
713 f5f 000 000 6 a 0 0 0 0 000000 1
413 7ea 000 000 4 8 0 0 0 0 000000 1
593 1d9 000 000 6 6 0 0 0 0 000000 1
553 bc4 000 000 6 6 0 0 0 0 000000 1
533 935 000 000 6 6 0 0 0 0 000000 1
503 eb6 000 000 4 8 0 0 0 0 000000 1
51b 473 000 000 6 6 0 0 0 0 000000 1
517 27c 000 000 6 6 0 0 0 0 000000 1
511 312 000 000 4 4 0 0 0 0 000000 1
512 2a1 000 000 4 4 0 0 0 0 000000 1
c06 c06 000 000 4 4 0 0 0 0 000000 1
db5 c05 000 000 8 4 0 0 0 0 000000 1
b1c 58b 000 000 6 6 0 0 0 0 000000 1
71c 8e3 000 000 6 6 0 0 0 0 000000 1
11c f53 000 000 4 8 0 0 0 0 000000 1
21c 7e6 000 000 4 8 0 0 0 0 000000 1
39c 1d5 000 000 6 6 0 0 0 0 000000 1
35c bc8 000 000 6 6 0 0 0 0 000000 1
33c 939 000 000 6 6 0 0 0 0 000000 1
30c eba 000 000 4 8 0 0 0 0 000000 1
314 47f 000 000 4 8 0 0 0 0 000000 1
318 270 000 000 4 4 0 0 0 0 000000 1
31e 31e 000 000 6 6 0 0 0 0 000000 1
31d 2ad 000 000 6 6 0 0 0 0 000000 1
cdb c03 000 000 8 4 0 0 0 0 000000 1
a72 58d 000 000 6 6 0 0 0 0 000000 1
672 8e5 000 000 6 6 0 0 0 0 000000 1
072 f55 000 000 4 8 0 0 0 0 000000 1
372 7e0 000 000 6 6 0 0 0 0 000000 1
2f2 1d3 000 000 6 6 0 0 0 0 000000 1
232 bce 000 000 4 8 0 0 0 0 000000 1
252 93f 000 000 4 8 0 0 0 0 000000 1
262 ebc 000 000 4 8 0 0 0 0 000000 1
27a 479 000 000 6 6 0 0 0 0 000000 1
276 276 000 000 6 6 0 0 0 0 000000 1
270 318 000 000 4 4 0 0 0 0 000000 1
273 2ab 000 000 6 6 0 0 0 0 000000 1
bc1 58e 000 000 6 6 0 0 0 0 000000 1
7c1 8e6 000 000 6 6 0 0 0 0 000000 1
1c1 f56 000 000 4 8 0 0 0 0 000000 1
2c1 7e3 000 000 4 8 0 0 0 0 000000 1
341 1d0 000 000 4 4 0 0 0 0 000000 1
381 bcd 000 000 4 8 0 0 0 0 000000 1
3e1 93c 000 000 6 6 0 0 0 0 000000 1
3d1 ebf 000 000 6 a 0 0 0 0 000000 1
3c9 47a 000 000 6 6 0 0 0 0 000000 1
3c5 275 000 000 6 6 0 0 0 0 000000 1
3c3 31b 000 000 6 6 0 0 0 0 000000 1
3c0 2a8 000 000 4 4 0 0 0 0 000000 1
168 168 000 000 4 4 0 0 0 0 000000 1
768 6d8 000 000 6 6 0 0 0 0 000000 1
468 e6d 000 000 4 8 0 0 0 0 000000 1
5e8 85e 000 000 6 6 0 0 0 0 000000 1
528 243 000 000 4 4 0 0 0 0 000000 1
548 0b2 000 000 4 4 0 0 0 0 000000 1
578 731 000 000 6 6 0 0 0 0 000000 1
560 df4 000 000 4 8 0 0 0 0 000000 1
56c bfb 000 000 6 a 0 0 0 0 000000 1
56a a95 000 000 6 6 0 0 0 0 000000 1
569 b26 000 000 6 6 0 0 0 0 000000 1
b68 bb0 000 000 6 6 0 0 0 0 000000 1
868 305 000 000 4 4 0 0 0 0 000000 1
9e8 536 000 000 6 6 0 0 0 0 000000 1
928 f2b 000 000 4 8 0 0 0 0 000000 1
948 dda 000 000 4 8 0 0 0 0 000000 1
978 a59 000 000 6 6 0 0 0 0 000000 1
960 09c 000 000 4 4 0 0 0 0 000000 1
96c 693 000 000 6 6 0 0 0 0 000000 1
96a 7fd 000 000 6 a 0 0 0 0 000000 1
969 64e 000 000 6 6 0 0 0 0 000000 1
e68 4b5 000 000 6 6 0 0 0 0 000000 1
fe8 286 000 000 8 4 0 0 0 0 000000 1
f28 89b 000 000 6 6 0 0 0 0 000000 1
f48 a6a 000 000 6 6 0 0 0 0 000000 1
f78 de9 000 000 8 8 0 0 0 0 000000 1
f60 72c 000 000 6 6 0 0 0 0 000000 1
f6c 123 000 000 8 4 0 0 0 0 000000 1
f6a 04d 000 000 8 4 0 0 0 0 000000 1
f69 1fe 000 000 8 8 0 0 0 0 000000 1
ce8 a33 000 000 6 6 0 0 0 0 000000 1
c28 02e 000 000 4 4 0 0 0 0 000000 1
c48 2df 000 000 4 8 0 0 0 0 000000 1
c78 55c 000 000 6 6 0 0 0 0 000000 1
c60 f99 000 000 4 8 0 0 0 0 000000 1
c6c 996 000 000 6 6 0 0 0 0 000000 1
c6a 8f8 000 000 6 6 0 0 0 0 000000 1
c69 94b 000 000 6 6 0 0 0 0 000000 1
da8 61d 000 000 6 6 0 0 0 0 000000 1
dc8 4ec 000 000 6 6 0 0 0 0 000000 1
df8 36f 000 000 8 8 0 0 0 0 000000 1
de0 9aa 000 000 6 6 0 0 0 0 000000 1
dec fa5 000 000 8 8 0 0 0 0 000000 1
dea ecb 000 000 8 8 0 0 0 0 000000 1
de9 f78 000 000 8 8 0 0 0 0 000000 1
d08 ef1 000 000 4 8 0 0 0 0 000000 1
d38 972 000 000 6 6 0 0 0 0 000000 1
d20 3b7 000 000 4 8 0 0 0 0 000000 1
d2c 5b8 000 000 6 6 0 0 0 0 000000 1
d2a 4d6 000 000 6 6 0 0 0 0 000000 1
d29 565 000 000 6 6 0 0 0 0 000000 1
d58 b83 000 000 6 6 0 0 0 0 000000 1
d40 146 000 000 4 4 0 0 0 0 000000 1
d4c 749 000 000 6 6 0 0 0 0 000000 1
d4a 627 000 000 6 6 0 0 0 0 000000 1
d49 794 000 000 6 6 0 0 0 0 000000 1
d70 6c5 000 000 6 6 0 0 0 0 000000 1
d7c 0ca 000 000 8 4 0 0 0 0 000000 1
d7a 1a4 000 000 8 4 0 0 0 0 000000 1
d79 017 000 000 8 4 0 0 0 0 000000 1
d64 a0f 000 000 6 6 0 0 0 0 000000 1
d62 b61 000 000 6 6 0 0 0 0 000000 1
d61 ad2 000 000 6 6 0 0 0 0 000000 1
d6e d6e 000 000 8 8 0 0 0 0 000000 1
d6d cdd 000 000 8 8 0 0 0 0 000000 1
d6b db3 000 000 8 8 0 0 0 0 000000 1
ceb b80 000 000 8 4 0 0 0 0 000000 1
6f6 b40 000 000 8 4 0 0 0 0 000000 1
407 b20 000 000 4 4 0 0 0 0 000000 1
384 b10 000 000 4 4 0 0 0 0 000000 1
941 b08 000 000 4 4 0 0 0 0 000000 1
f4e b04 000 000 8 4 0 0 0 0 000000 1
e20 b02 000 000 4 4 0 0 0 0 000000 1
f93 b01 000 000 8 4 0 0 0 0 000000 1
93a 28f 000 000 6 6 0 0 0 0 000000 1
53a fe7 000 000 6 a 0 0 0 0 000000 1
33a 857 000 000 6 6 0 0 0 0 000000 1
03a 0e2 000 000 4 4 0 0 0 0 000000 1
1ba 6d1 000 000 6 6 0 0 0 0 000000 1
17a ccc 000 000 6 6 0 0 0 0 000000 1
11a e3d 000 000 4 8 0 0 0 0 000000 1
12a 9be 000 000 4 8 0 0 0 0 000000 1
132 37b 000 000 4 8 0 0 0 0 000000 1
13e 574 000 000 6 6 0 0 0 0 000000 1
138 41a 000 000 4 4 0 0 0 0 000000 1
13b 5a9 000 000 6 6 0 0 0 0 000000 1
0c5 ac0 000 000 4 4 0 0 0 0 000000 1
234 aa0 000 000 4 4 0 0 0 0 000000 1
5b7 a90 000 000 8 4 0 0 0 0 000000 1
f72 a88 000 000 8 4 0 0 0 0 000000 1
97d a84 000 000 8 4 0 0 0 0 000000 1
813 a82 000 000 4 4 0 0 0 0 000000 1
9a0 a81 000 000 4 4 0 0 0 0 000000 1
f09 30f 000 000 6 6 0 0 0 0 000000 1
309 e67 000 000 4 8 0 0 0 0 000000 1
509 9d7 000 000 4 8 0 0 0 0 000000 1
609 162 000 000 4 4 0 0 0 0 000000 1
789 751 000 000 6 6 0 0 0 0 000000 1
749 d4c 000 000 6 6 0 0 0 0 000000 1
729 fbd 000 000 6 a 0 0 0 0 000000 1
719 83e 000 000 6 6 0 0 0 0 000000 1
701 2fb 000 000 4 8 0 0 0 0 000000 1
70d 4f4 000 000 6 6 0 0 0 0 000000 1
70b 59a 000 000 6 6 0 0 0 0 000000 1
708 429 000 000 4 4 0 0 0 0 000000 1
829 a60 000 000 4 4 0 0 0 0 000000 1
faa a50 000 000 8 4 0 0 0 0 000000 1
56f a48 000 000 8 4 0 0 0 0 000000 1
360 a44 000 000 4 4 0 0 0 0 000000 1
20e a42 000 000 4 4 0 0 0 0 000000 1
3bd a41 000 000 8 4 0 0 0 0 000000 1
514 3cf 000 000 4 8 0 0 0 0 000000 1
914 ea7 000 000 4 8 0 0 0 0 000000 1
f14 917 000 000 6 6 0 0 0 0 000000 1
c14 1a2 000 000 4 4 0 0 0 0 000000 1
d94 791 000 000 6 6 0 0 0 0 000000 1
d54 d8c 000 000 6 6 0 0 0 0 000000 1
d34 f7d 000 000 6 a 0 0 0 0 000000 1
d04 8fe 000 000 4 8 0 0 0 0 000000 1
d1c 23b 000 000 6 6 0 0 0 0 000000 1
d10 434 000 000 4 4 0 0 0 0 000000 1
d16 55a 000 000 6 6 0 0 0 0 000000 1
d15 4e9 000 000 6 6 0 0 0 0 000000 1
d5b a30 000 000 8 4 0 0 0 0 000000 1
79e a28 000 000 8 4 0 0 0 0 000000 1
191 a24 000 000 4 4 0 0 0 0 000000 1
0ff a22 000 000 8 4 0 0 0 0 000000 1
14c a21 000 000 4 4 0 0 0 0 000000 1
7e5 3af 000 000 8 8 0 0 0 0 000000 1
be5 ec7 000 000 8 8 0 0 0 0 000000 1
de5 977 000 000 8 8 0 0 0 0 000000 1
ee5 1c2 000 000 8 4 0 0 0 0 000000 1
f65 7f1 000 000 8 8 0 0 0 0 000000 1
fa5 dec 000 000 8 8 0 0 0 0 000000 1
fc5 f1d 000 000 8 8 0 0 0 0 000000 1
ff5 89e 000 000 a 6 0 0 0 0 000000 1
fed 25b 000 000 a 6 0 0 0 0 000000 1
fe1 454 000 000 8 4 0 0 0 0 000000 1
fe7 53a 000 000 a 6 0 0 0 0 000000 1
fe4 489 000 000 8 4 0 0 0 0 000000 1
01d a18 000 000 4 4 0 0 0 0 000000 1
612 a14 000 000 4 4 0 0 0 0 000000 1
77c a12 000 000 8 4 0 0 0 0 000000 1
6cf a11 000 000 8 4 0 0 0 0 000000 1
066 39f 000 000 4 8 0 0 0 0 000000 1
c66 ef7 000 000 6 a 0 0 0 0 000000 1
a66 947 000 000 6 6 0 0 0 0 000000 1
966 1f2 000 000 6 6 0 0 0 0 000000 1
8e6 7c1 000 000 6 6 0 0 0 0 000000 1
826 ddc 000 000 4 8 0 0 0 0 000000 1
846 f2d 000 000 4 8 0 0 0 0 000000 1
876 8ae 000 000 6 6 0 0 0 0 000000 1
86e 26b 000 000 6 6 0 0 0 0 000000 1
862 464 000 000 4 4 0 0 0 0 000000 1
864 50a 000 000 4 4 0 0 0 0 000000 1
867 4b9 000 000 6 6 0 0 0 0 000000 1
cd7 a0c 000 000 8 4 0 0 0 0 000000 1
db9 a0a 000 000 8 4 0 0 0 0 000000 1
c0a a09 000 000 4 4 0 0 0 0 000000 1
aa3 387 000 000 6 6 0 0 0 0 000000 1
6a3 eef 000 000 6 a 0 0 0 0 000000 1
0a3 95f 000 000 4 8 0 0 0 0 000000 1
3a3 1ea 000 000 6 6 0 0 0 0 000000 1
223 7d9 000 000 4 8 0 0 0 0 000000 1
2e3 dc4 000 000 6 6 0 0 0 0 000000 1
283 f35 000 000 4 8 0 0 0 0 000000 1
2b3 8b6 000 000 6 6 0 0 0 0 000000 1
2ab 273 000 000 6 6 0 0 0 0 000000 1
2a7 47c 000 000 6 6 0 0 0 0 000000 1
2a1 512 000 000 4 4 0 0 0 0 000000 1
2a2 4a1 000 000 4 4 0 0 0 0 000000 1
bb6 a06 000 000 8 4 0 0 0 0 000000 1
a05 a05 000 000 4 4 0 0 0 0 000000 1
cac 38b 000 000 6 6 0 0 0 0 000000 1
0ac ee3 000 000 4 8 0 0 0 0 000000 1
6ac 953 000 000 6 6 0 0 0 0 000000 1
5ac 1e6 000 000 6 6 0 0 0 0 000000 1
42c 7d5 000 000 4 8 0 0 0 0 000000 1
4ec dc8 000 000 6 6 0 0 0 0 000000 1
48c f39 000 000 4 8 0 0 0 0 000000 1
4bc 8ba 000 000 6 6 0 0 0 0 000000 1
4a4 27f 000 000 4 8 0 0 0 0 000000 1
4a8 470 000 000 4 4 0 0 0 0 000000 1
4ae 51e 000 000 6 6 0 0 0 0 000000 1
4ad 4ad 000 000 6 6 0 0 0 0 000000 1
b6b a03 000 000 8 4 0 0 0 0 000000 1
dc2 38d 000 000 6 6 0 0 0 0 000000 1
1c2 ee5 000 000 4 8 0 0 0 0 000000 1
7c2 955 000 000 6 6 0 0 0 0 000000 1
4c2 1e0 000 000 4 4 0 0 0 0 000000 1
542 7d3 000 000 4 8 0 0 0 0 000000 1
582 dce 000 000 4 8 0 0 0 0 000000 1
5e2 f3f 000 000 6 a 0 0 0 0 000000 1
5d2 8bc 000 000 6 6 0 0 0 0 000000 1
5ca 279 000 000 6 6 0 0 0 0 000000 1
5c6 476 000 000 6 6 0 0 0 0 000000 1
5c0 518 000 000 4 4 0 0 0 0 000000 1
5c3 4ab 000 000 6 6 0 0 0 0 000000 1
c71 38e 000 000 6 6 0 0 0 0 000000 1
071 ee6 000 000 4 8 0 0 0 0 000000 1
671 956 000 000 6 6 0 0 0 0 000000 1
571 1e3 000 000 6 6 0 0 0 0 000000 1
4f1 7d0 000 000 6 6 0 0 0 0 000000 1
431 dcd 000 000 4 8 0 0 0 0 000000 1
451 f3c 000 000 4 8 0 0 0 0 000000 1
461 8bf 000 000 4 8 0 0 0 0 000000 1
479 27a 000 000 6 6 0 0 0 0 000000 1
475 475 000 000 6 6 0 0 0 0 000000 1
473 51b 000 000 6 6 0 0 0 0 000000 1
470 4a8 000 000 4 4 0 0 0 0 000000 1
6d8 768 000 000 6 6 0 0 0 0 000000 1
0d8 0d8 000 000 4 4 0 0 0 0 000000 1
3d8 86d 000 000 6 6 0 0 0 0 000000 1
258 e5e 000 000 4 8 0 0 0 0 000000 1
298 443 000 000 4 4 0 0 0 0 000000 1
2f8 6b2 000 000 6 6 0 0 0 0 000000 1
2c8 131 000 000 4 4 0 0 0 0 000000 1
2d0 bf4 000 000 4 8 0 0 0 0 000000 1
2dc dfb 000 000 6 a 0 0 0 0 000000 1
2da c95 000 000 6 6 0 0 0 0 000000 1
2d9 d26 000 000 6 6 0 0 0 0 000000 1
cd8 db0 000 000 6 6 0 0 0 0 000000 1
fd8 505 000 000 8 4 0 0 0 0 000000 1
e58 336 000 000 6 6 0 0 0 0 000000 1
e98 92b 000 000 6 6 0 0 0 0 000000 1
ef8 bda 000 000 8 8 0 0 0 0 000000 1
ec8 c59 000 000 6 6 0 0 0 0 000000 1
ed0 69c 000 000 6 6 0 0 0 0 000000 1
edc 093 000 000 8 4 0 0 0 0 000000 1
eda 1fd 000 000 8 8 0 0 0 0 000000 1
ed9 04e 000 000 8 4 0 0 0 0 000000 1
9d8 2b5 000 000 6 6 0 0 0 0 000000 1
858 486 000 000 4 4 0 0 0 0 000000 1
898 e9b 000 000 4 8 0 0 0 0 000000 1
8f8 c6a 000 000 6 6 0 0 0 0 000000 1
8c8 be9 000 000 4 8 0 0 0 0 000000 1
8d0 12c 000 000 4 4 0 0 0 0 000000 1
8dc 723 000 000 6 6 0 0 0 0 000000 1
8da 64d 000 000 6 6 0 0 0 0 000000 1
8d9 7fe 000 000 6 a 0 0 0 0 000000 1
b58 c33 000 000 6 6 0 0 0 0 000000 1
b98 62e 000 000 6 6 0 0 0 0 000000 1
bf8 4df 000 000 8 8 0 0 0 0 000000 1
bc8 35c 000 000 6 6 0 0 0 0 000000 1
bd0 999 000 000 6 6 0 0 0 0 000000 1
bdc f96 000 000 8 8 0 0 0 0 000000 1
bda ef8 000 000 8 8 0 0 0 0 000000 1
bd9 f4b 000 000 8 8 0 0 0 0 000000 1
a18 01d 000 000 4 4 0 0 0 0 000000 1
a78 2ec 000 000 6 6 0 0 0 0 000000 1
a48 56f 000 000 4 8 0 0 0 0 000000 1
a50 faa 000 000 4 8 0 0 0 0 000000 1
a5c 9a5 000 000 6 6 0 0 0 0 000000 1
a5a 8cb 000 000 6 6 0 0 0 0 000000 1
a59 978 000 000 6 6 0 0 0 0 000000 1
ab8 8f1 000 000 6 6 0 0 0 0 000000 1
a88 f72 000 000 4 8 0 0 0 0 000000 1
a90 5b7 000 000 4 8 0 0 0 0 000000 1
a9c 3b8 000 000 6 6 0 0 0 0 000000 1
a9a 2d6 000 000 6 6 0 0 0 0 000000 1
a99 365 000 000 6 6 0 0 0 0 000000 1
ae8 d83 000 000 6 6 0 0 0 0 000000 1
af0 746 000 000 6 6 0 0 0 0 000000 1
afc 149 000 000 8 4 0 0 0 0 000000 1
afa 027 000 000 8 4 0 0 0 0 000000 1
af9 194 000 000 8 4 0 0 0 0 000000 1
ac0 0c5 000 000 4 4 0 0 0 0 000000 1
acc 6ca 000 000 6 6 0 0 0 0 000000 1
aca 7a4 000 000 6 6 0 0 0 0 000000 1
ac9 617 000 000 6 6 0 0 0 0 000000 1
ad4 c0f 000 000 6 6 0 0 0 0 000000 1
ad2 d61 000 000 6 6 0 0 0 0 000000 1
ad1 cd2 000 000 6 6 0 0 0 0 000000 1
ade b6e 000 000 8 8 0 0 0 0 000000 1
add add 000 000 8 8 0 0 0 0 000000 1
adb bb3 000 000 8 8 0 0 0 0 000000 1
870 9c0 000 000 4 4 0 0 0 0 000000 1
a81 9a0 000 000 4 4 0 0 0 0 000000 1
d02 990 000 000 4 4 0 0 0 0 000000 1
7c7 988 000 000 8 4 0 0 0 0 000000 1
1c8 984 000 000 4 4 0 0 0 0 000000 1
0a6 982 000 000 4 4 0 0 0 0 000000 1
115 981 000 000 4 4 0 0 0 0 000000 1
7bc 00f 000 000 8 4 0 0 0 0 000000 1
bbc d67 000 000 8 8 0 0 0 0 000000 1
dbc ad7 000 000 8 8 0 0 0 0 000000 1
ebc 262 000 000 8 4 0 0 0 0 000000 1
f3c 451 000 000 8 4 0 0 0 0 000000 1
ffc e4c 000 000 a 6 0 0 0 0 000000 1
f9c cbd 000 000 8 8 0 0 0 0 000000 1
fac b3e 000 000 8 8 0 0 0 0 000000 1
fb4 1fb 000 000 8 8 0 0 0 0 000000 1
fb8 7f4 000 000 8 8 0 0 0 0 000000 1
fbe 69a 000 000 a 6 0 0 0 0 000000 1
fbd 729 000 000 a 6 0 0 0 0 000000 1
09c 960 000 000 4 4 0 0 0 0 000000 1
71f 950 000 000 8 4 0 0 0 0 000000 1
dda 948 000 000 8 4 0 0 0 0 000000 1
bd5 944 000 000 8 4 0 0 0 0 000000 1
abb 942 000 000 8 4 0 0 0 0 000000 1
b08 941 000 000 4 4 0 0 0 0 000000 1
da1 0cf 000 000 6 6 0 0 0 0 000000 1
1a1 da7 000 000 4 8 0 0 0 0 000000 1
7a1 a17 000 000 6 6 0 0 0 0 000000 1
4a1 2a2 000 000 4 4 0 0 0 0 000000 1
521 491 000 000 4 4 0 0 0 0 000000 1
5e1 e8c 000 000 6 6 0 0 0 0 000000 1
581 c7d 000 000 4 8 0 0 0 0 000000 1
5b1 bfe 000 000 6 a 0 0 0 0 000000 1
5a9 13b 000 000 6 6 0 0 0 0 000000 1
5a5 734 000 000 6 6 0 0 0 0 000000 1
5a3 65a 000 000 6 6 0 0 0 0 000000 1
5a0 7e9 000 000 4 8 0 0 0 0 000000 1
5ee 930 000 000 8 4 0 0 0 0 000000 1
f2b 928 000 000 8 4 0 0 0 0 000000 1
924 924 000 000 4 4 0 0 0 0 000000 1
84a 922 000 000 4 4 0 0 0 0 000000 1
9f9 921 000 000 8 4 0 0 0 0 000000 1
f50 0af 000 000 6 6 0 0 0 0 000000 1
350 dc7 000 000 4 8 0 0 0 0 000000 1
550 a77 000 000 4 8 0 0 0 0 000000 1
650 2c2 000 000 4 4 0 0 0 0 000000 1
7d0 4f1 000 000 6 6 0 0 0 0 000000 1
710 eec 000 000 4 8 0 0 0 0 000000 1
770 c1d 000 000 6 6 0 0 0 0 000000 1
740 b9e 000 000 4 8 0 0 0 0 000000 1
758 15b 000 000 6 6 0 0 0 0 000000 1
754 754 000 000 6 6 0 0 0 0 000000 1
752 63a 000 000 6 6 0 0 0 0 000000 1
751 789 000 000 6 6 0 0 0 0 000000 1
8a8 918 000 000 4 4 0 0 0 0 000000 1
ea7 914 000 000 8 4 0 0 0 0 000000 1
fc9 912 000 000 8 4 0 0 0 0 000000 1
e7a 911 000 000 8 4 0 0 0 0 000000 1
8d3 09f 000 000 6 6 0 0 0 0 000000 1
4d3 df7 000 000 6 a 0 0 0 0 000000 1
2d3 a47 000 000 6 6 0 0 0 0 000000 1
1d3 2f2 000 000 6 6 0 0 0 0 000000 1
053 4c1 000 000 4 4 0 0 0 0 000000 1
093 edc 000 000 4 8 0 0 0 0 000000 1
0f3 c2d 000 000 6 6 0 0 0 0 000000 1
0c3 bae 000 000 4 8 0 0 0 0 000000 1
0db 16b 000 000 6 6 0 0 0 0 000000 1
0d7 764 000 000 6 6 0 0 0 0 000000 1
0d1 60a 000 000 4 4 0 0 0 0 000000 1
0d2 7b9 000 000 4 8 0 0 0 0 000000 1
462 90c 000 000 4 4 0 0 0 0 000000 1
50c 90a 000 000 4 4 0 0 0 0 000000 1
4bf 909 000 000 8 4 0 0 0 0 000000 1
216 087 000 000 4 4 0 0 0 0 000000 1
e16 def 000 000 6 a 0 0 0 0 000000 1
816 a5f 000 000 4 8 0 0 0 0 000000 1
b16 2ea 000 000 6 6 0 0 0 0 000000 1
a96 4d9 000 000 6 6 0 0 0 0 000000 1
a56 ec4 000 000 6 6 0 0 0 0 000000 1
a36 c35 000 000 6 6 0 0 0 0 000000 1
a06 bb6 000 000 4 8 0 0 0 0 000000 1
a1e 173 000 000 6 6 0 0 0 0 000000 1
a12 77c 000 000 4 8 0 0 0 0 000000 1
a14 612 000 000 4 4 0 0 0 0 000000 1
a17 7a1 000 000 6 6 0 0 0 0 000000 1
303 906 000 000 4 4 0 0 0 0 000000 1
2b0 905 000 000 4 4 0 0 0 0 000000 1
419 08b 000 000 4 4 0 0 0 0 000000 1
819 de3 000 000 4 8 0 0 0 0 000000 1
e19 a53 000 000 6 6 0 0 0 0 000000 1
d19 2e6 000 000 6 6 0 0 0 0 000000 1
c99 4d5 000 000 6 6 0 0 0 0 000000 1
c59 ec8 000 000 6 6 0 0 0 0 000000 1
c39 c39 000 000 6 6 0 0 0 0 000000 1
c09 bba 000 000 4 8 0 0 0 0 000000 1
c11 17f 000 000 4 8 0 0 0 0 000000 1
c1d 770 000 000 6 6 0 0 0 0 000000 1
c1b 61e 000 000 6 6 0 0 0 0 000000 1
c18 7ad 000 000 4 8 0 0 0 0 000000 1
3de 903 000 000 8 4 0 0 0 0 000000 1
577 08d 000 000 8 4 0 0 0 0 000000 1
977 de5 000 000 8 8 0 0 0 0 000000 1
f77 a55 000 000 a 6 0 0 0 0 000000 1
c77 2e0 000 000 8 4 0 0 0 0 000000 1
df7 4d3 000 000 a 6 0 0 0 0 000000 1
d37 ece 000 000 8 8 0 0 0 0 000000 1
d57 c3f 000 000 8 8 0 0 0 0 000000 1
d67 bbc 000 000 8 8 0 0 0 0 000000 1
d7f 179 000 000 a 6 0 0 0 0 000000 1
d73 776 000 000 8 8 0 0 0 0 000000 1
d75 618 000 000 8 4 0 0 0 0 000000 1
d76 7ab 000 000 8 8 0 0 0 0 000000 1
4c4 08e 000 000 4 4 0 0 0 0 000000 1
8c4 de6 000 000 4 8 0 0 0 0 000000 1
ec4 a56 000 000 6 6 0 0 0 0 000000 1
dc4 2e3 000 000 6 6 0 0 0 0 000000 1
c44 4d0 000 000 4 4 0 0 0 0 000000 1
c84 ecd 000 000 4 8 0 0 0 0 000000 1
ce4 c3c 000 000 6 6 0 0 0 0 000000 1
cd4 bbf 000 000 6 a 0 0 0 0 000000 1
ccc 17a 000 000 6 6 0 0 0 0 000000 1
cc0 775 000 000 4 8 0 0 0 0 000000 1
cc6 61b 000 000 6 6 0 0 0 0 000000 1
cc5 7a8 000 000 6 6 0 0 0 0 000000 1
e6d 468 000 000 8 4 0 0 0 0 000000 1
86d 3d8 000 000 6 6 0 0 0 0 000000 1
b6d b6d 000 000 8 8 0 0 0 0 000000 1
aed d5e 000 000 8 8 0 0 0 0 000000 1
a2d 743 000 000 6 6 0 0 0 0 000000 1
a4d 5b2 000 000 6 6 0 0 0 0 000000 1
a7d 231 000 000 8 4 0 0 0 0 000000 1
a65 8f4 000 000 6 6 0 0 0 0 000000 1
a69 efb 000 000 6 a 0 0 0 0 000000 1
a6f f95 000 000 8 8 0 0 0 0 000000 1
a6c e26 000 000 6 6 0 0 0 0 000000 1
46d eb0 000 000 6 6 0 0 0 0 000000 1
76d 605 000 000 8 4 0 0 0 0 000000 1
6ed 036 000 000 8 4 0 0 0 0 000000 1
62d a2b 000 000 6 6 0 0 0 0 000000 1
64d 8da 000 000 6 6 0 0 0 0 000000 1
67d f59 000 000 8 8 0 0 0 0 000000 1
665 59c 000 000 6 6 0 0 0 0 000000 1
669 393 000 000 6 6 0 0 0 0 000000 1
66f 2fd 000 000 8 8 0 0 0 0 000000 1
66c 34e 000 000 6 6 0 0 0 0 000000 1
16d 1b5 000 000 6 6 0 0 0 0 000000 1
0ed 786 000 000 6 6 0 0 0 0 000000 1
02d d9b 000 000 4 8 0 0 0 0 000000 1
04d f6a 000 000 4 8 0 0 0 0 000000 1
07d 8e9 000 000 6 6 0 0 0 0 000000 1
065 22c 000 000 4 4 0 0 0 0 000000 1
069 423 000 000 4 4 0 0 0 0 000000 1
06f 54d 000 000 6 6 0 0 0 0 000000 1
06c 4fe 000 000 4 8 0 0 0 0 000000 1
3ed f33 000 000 8 8 0 0 0 0 000000 1
32d 52e 000 000 6 6 0 0 0 0 000000 1
34d 7df 000 000 6 a 0 0 0 0 000000 1
37d 05c 000 000 8 4 0 0 0 0 000000 1
365 a99 000 000 6 6 0 0 0 0 000000 1
369 c96 000 000 6 6 0 0 0 0 000000 1
36f df8 000 000 8 8 0 0 0 0 000000 1
36c c4b 000 000 6 6 0 0 0 0 000000 1
2ad 31d 000 000 6 6 0 0 0 0 000000 1
2cd 1ec 000 000 6 6 0 0 0 0 000000 1
2fd 66f 000 000 8 8 0 0 0 0 000000 1
2e5 caa 000 000 6 6 0 0 0 0 000000 1
2e9 aa5 000 000 6 6 0 0 0 0 000000 1
2ef bcb 000 000 8 8 0 0 0 0 000000 1
2ec a78 000 000 6 6 0 0 0 0 000000 1
20d bf1 000 000 4 8 0 0 0 0 000000 1
23d c72 000 000 6 6 0 0 0 0 000000 1
225 6b7 000 000 4 8 0 0 0 0 000000 1
229 0b8 000 000 4 4 0 0 0 0 000000 1
22f 1d6 000 000 6 6 0 0 0 0 000000 1
22c 065 000 000 4 4 0 0 0 0 000000 1
25d e83 000 000 6 6 0 0 0 0 000000 1
245 446 000 000 4 4 0 0 0 0 000000 1
249 249 000 000 4 4 0 0 0 0 000000 1
24f 327 000 000 6 6 0 0 0 0 000000 1
24c 294 000 000 4 4 0 0 0 0 000000 1
275 3c5 000 000 6 6 0 0 0 0 000000 1
279 5ca 000 000 6 6 0 0 0 0 000000 1
27f 4a4 000 000 8 4 0 0 0 0 000000 1
27c 517 000 000 6 6 0 0 0 0 000000 1
261 f0f 000 000 4 8 0 0 0 0 000000 1
267 e61 000 000 6 6 0 0 0 0 000000 1
264 fd2 000 000 4 8 0 0 0 0 000000 1
26b 86e 000 000 6 6 0 0 0 0 000000 1
268 9dd 000 000 4 8 0 0 0 0 000000 1
26e 8b3 000 000 6 6 0 0 0 0 000000 1
6af 8e0 000 000 8 4 0 0 0 0 000000 1
12c 8d0 000 000 4 4 0 0 0 0 000000 1
be9 8c8 000 000 8 4 0 0 0 0 000000 1
de6 8c4 000 000 8 4 0 0 0 0 000000 1
c88 8c2 000 000 4 4 0 0 0 0 000000 1
d3b 8c1 000 000 8 4 0 0 0 0 000000 1
b92 14f 000 000 6 6 0 0 0 0 000000 1
792 c27 000 000 6 6 0 0 0 0 000000 1
192 b97 000 000 4 8 0 0 0 0 000000 1
292 322 000 000 4 4 0 0 0 0 000000 1
312 511 000 000 4 4 0 0 0 0 000000 1
3d2 f0c 000 000 6 6 0 0 0 0 000000 1
3b2 dfd 000 000 6 a 0 0 0 0 000000 1
382 a7e 000 000 4 8 0 0 0 0 000000 1
39a 0bb 000 000 6 6 0 0 0 0 000000 1
396 6b4 000 000 6 6 0 0 0 0 000000 1
390 7da 000 000 4 8 0 0 0 0 000000 1
393 669 000 000 6 6 0 0 0 0 000000 1
3dd 8b0 000 000 8 4 0 0 0 0 000000 1
918 8a8 000 000 4 4 0 0 0 0 000000 1
f17 8a4 000 000 8 4 0 0 0 0 000000 1
e79 8a2 000 000 8 4 0 0 0 0 000000 1
fca 8a1 000 000 8 4 0 0 0 0 000000 1
963 12f 000 000 6 6 0 0 0 0 000000 1
563 c47 000 000 6 6 0 0 0 0 000000 1
363 bf7 000 000 6 a 0 0 0 0 000000 1
063 342 000 000 4 4 0 0 0 0 000000 1
1e3 571 000 000 6 6 0 0 0 0 000000 1
123 f6c 000 000 4 8 0 0 0 0 000000 1
143 d9d 000 000 4 8 0 0 0 0 000000 1
173 a1e 000 000 6 6 0 0 0 0 000000 1
16b 0db 000 000 6 6 0 0 0 0 000000 1
167 6d4 000 000 6 6 0 0 0 0 000000 1
161 7ba 000 000 4 8 0 0 0 0 000000 1
162 609 000 000 4 4 0 0 0 0 000000 1
e9b 898 000 000 8 4 0 0 0 0 000000 1
894 894 000 000 4 4 0 0 0 0 000000 1
9fa 892 000 000 8 4 0 0 0 0 000000 1
849 891 000 000 4 4 0 0 0 0 000000 1
ee0 11f 000 000 6 6 0 0 0 0 000000 1
2e0 c77 000 000 4 8 0 0 0 0 000000 1
4e0 bc7 000 000 4 8 0 0 0 0 000000 1
7e0 372 000 000 6 6 0 0 0 0 000000 1
660 541 000 000 4 4 0 0 0 0 000000 1
6a0 f5c 000 000 4 8 0 0 0 0 000000 1
6c0 dad 000 000 4 8 0 0 0 0 000000 1
6f0 a2e 000 000 6 6 0 0 0 0 000000 1
6e8 0eb 000 000 6 6 0 0 0 0 000000 1
6e4 6e4 000 000 6 6 0 0 0 0 000000 1
6e2 78a 000 000 6 6 0 0 0 0 000000 1
6e1 639 000 000 6 6 0 0 0 0 000000 1
251 88c 000 000 4 4 0 0 0 0 000000 1
33f 88a 000 000 8 4 0 0 0 0 000000 1
28c 889 000 000 4 4 0 0 0 0 000000 1
425 107 000 000 4 4 0 0 0 0 000000 1
825 c6f 000 000 4 8 0 0 0 0 000000 1
e25 bdf 000 000 6 a 0 0 0 0 000000 1
d25 36a 000 000 6 6 0 0 0 0 000000 1
ca5 559 000 000 6 6 0 0 0 0 000000 1
c65 f44 000 000 6 6 0 0 0 0 000000 1
c05 db5 000 000 4 8 0 0 0 0 000000 1
c35 a36 000 000 6 6 0 0 0 0 000000 1
c2d 0f3 000 000 6 6 0 0 0 0 000000 1
c21 6fc 000 000 4 8 0 0 0 0 000000 1
c27 792 000 000 6 6 0 0 0 0 000000 1
c24 621 000 000 4 4 0 0 0 0 000000 1
530 886 000 000 4 4 0 0 0 0 000000 1
483 885 000 000 4 4 0 0 0 0 000000 1
22a 10b 000 000 4 4 0 0 0 0 000000 1
e2a c63 000 000 6 6 0 0 0 0 000000 1
82a bd3 000 000 4 8 0 0 0 0 000000 1
b2a 366 000 000 6 6 0 0 0 0 000000 1
aaa 555 000 000 6 6 0 0 0 0 000000 1
a6a f48 000 000 6 6 0 0 0 0 000000 1
a0a db9 000 000 4 8 0 0 0 0 000000 1
a3a a3a 000 000 6 6 0 0 0 0 000000 1
a22 0ff 000 000 4 8 0 0 0 0 000000 1
a2e 6f0 000 000 6 6 0 0 0 0 000000 1
a28 79e 000 000 4 8 0 0 0 0 000000 1
a2b 62d 000 000 6 6 0 0 0 0 000000 1
5ed 883 000 000 8 4 0 0 0 0 000000 1
344 10d 000 000 4 4 0 0 0 0 000000 1
f44 c65 000 000 6 6 0 0 0 0 000000 1
944 bd5 000 000 4 8 0 0 0 0 000000 1
a44 360 000 000 4 4 0 0 0 0 000000 1
bc4 553 000 000 6 6 0 0 0 0 000000 1
b04 f4e 000 000 4 8 0 0 0 0 000000 1
b64 dbf 000 000 6 a 0 0 0 0 000000 1
b54 a3c 000 000 6 6 0 0 0 0 000000 1
b4c 0f9 000 000 6 6 0 0 0 0 000000 1
b40 6f6 000 000 4 8 0 0 0 0 000000 1
b46 798 000 000 6 6 0 0 0 0 000000 1
b45 62b 000 000 6 6 0 0 0 0 000000 1
2f7 10e 000 000 8 4 0 0 0 0 000000 1
ef7 c66 000 000 a 6 0 0 0 0 000000 1
8f7 bd6 000 000 8 8 0 0 0 0 000000 1
bf7 363 000 000 a 6 0 0 0 0 000000 1
a77 550 000 000 8 4 0 0 0 0 000000 1
ab7 f4d 000 000 8 8 0 0 0 0 000000 1
ad7 dbc 000 000 8 8 0 0 0 0 000000 1
ae7 a3f 000 000 8 8 0 0 0 0 000000 1
aff 0fa 000 000 a 6 0 0 0 0 000000 1
af3 6f5 000 000 8 8 0 0 0 0 000000 1
af5 79b 000 000 8 8 0 0 0 0 000000 1
af6 628 000 000 8 4 0 0 0 0 000000 1
85e 5e8 000 000 6 6 0 0 0 0 000000 1
e5e 258 000 000 8 4 0 0 0 0 000000 1
d5e aed 000 000 8 8 0 0 0 0 000000 1
cde cde 000 000 8 8 0 0 0 0 000000 1
c1e 6c3 000 000 6 6 0 0 0 0 000000 1
c7e 432 000 000 8 4 0 0 0 0 000000 1
c4e 3b1 000 000 6 6 0 0 0 0 000000 1
c56 974 000 000 6 6 0 0 0 0 000000 1
c5a f7b 000 000 6 a 0 0 0 0 000000 1
c5c e15 000 000 6 6 0 0 0 0 000000 1
c5f fa6 000 000 8 8 0 0 0 0 000000 1
25e f30 000 000 6 6 0 0 0 0 000000 1
15e 785 000 000 6 6 0 0 0 0 000000 1
0de 1b6 000 000 6 6 0 0 0 0 000000 1
01e bab 000 000 4 8 0 0 0 0 000000 1
07e 95a 000 000 6 6 0 0 0 0 000000 1
04e ed9 000 000 4 8 0 0 0 0 000000 1
056 41c 000 000 4 4 0 0 0 0 000000 1
05a 213 000 000 4 4 0 0 0 0 000000 1
05c 37d 000 000 4 8 0 0 0 0 000000 1
05f 2ce 000 000 6 6 0 0 0 0 000000 1
75e 035 000 000 8 4 0 0 0 0 000000 1
6de 606 000 000 8 4 0 0 0 0 000000 1
61e c1b 000 000 6 6 0 0 0 0 000000 1
67e eea 000 000 8 8 0 0 0 0 000000 1
64e 969 000 000 6 6 0 0 0 0 000000 1
656 3ac 000 000 6 6 0 0 0 0 000000 1
65a 5a3 000 000 6 6 0 0 0 0 000000 1
65c 4cd 000 000 6 6 0 0 0 0 000000 1
65f 57e 000 000 8 8 0 0 0 0 000000 1
5de eb3 000 000 8 8 0 0 0 0 000000 1
51e 4ae 000 000 6 6 0 0 0 0 000000 1
57e 65f 000 000 8 8 0 0 0 0 000000 1
54e 1dc 000 000 6 6 0 0 0 0 000000 1
556 b19 000 000 6 6 0 0 0 0 000000 1
55a d16 000 000 6 6 0 0 0 0 000000 1
55c c78 000 000 6 6 0 0 0 0 000000 1
55f dcb 000 000 8 8 0 0 0 0 000000 1
49e 29d 000 000 6 6 0 0 0 0 000000 1
4fe 06c 000 000 8 4 0 0 0 0 000000 1
4ce 7ef 000 000 6 a 0 0 0 0 000000 1
4d6 d2a 000 000 6 6 0 0 0 0 000000 1
4da b25 000 000 6 6 0 0 0 0 000000 1
4dc a4b 000 000 6 6 0 0 0 0 000000 1
4df bf8 000 000 8 8 0 0 0 0 000000 1
43e a71 000 000 6 6 0 0 0 0 000000 1
40e df2 000 000 4 8 0 0 0 0 000000 1
416 737 000 000 4 8 0 0 0 0 000000 1
41a 138 000 000 4 4 0 0 0 0 000000 1
41c 056 000 000 4 4 0 0 0 0 000000 1
41f 1e5 000 000 6 6 0 0 0 0 000000 1
46e f03 000 000 6 6 0 0 0 0 000000 1
476 5c6 000 000 6 6 0 0 0 0 000000 1
47a 3c9 000 000 6 6 0 0 0 0 000000 1
47c 2a7 000 000 6 6 0 0 0 0 000000 1
47f 314 000 000 8 4 0 0 0 0 000000 1
446 245 000 000 4 4 0 0 0 0 000000 1
44a 44a 000 000 4 4 0 0 0 0 000000 1
44c 524 000 000 4 4 0 0 0 0 000000 1
44f 497 000 000 6 6 0 0 0 0 000000 1
452 e8f 000 000 4 8 0 0 0 0 000000 1
454 fe1 000 000 4 8 0 0 0 0 000000 1
457 e52 000 000 6 6 0 0 0 0 000000 1
458 9ee 000 000 4 8 0 0 0 0 000000 1
45b 85d 000 000 6 6 0 0 0 0 000000 1
45d 933 000 000 6 6 0 0 0 0 000000 1
9c0 870 000 000 4 4 0 0 0 0 000000 1
305 868 000 000 4 4 0 0 0 0 000000 1
50a 864 000 000 4 4 0 0 0 0 000000 1
464 862 000 000 4 4 0 0 0 0 000000 1
5d7 861 000 000 8 4 0 0 0 0 000000 1
37e 1ef 000 000 8 8 0 0 0 0 000000 1
f7e c87 000 000 a 6 0 0 0 0 000000 1
97e b37 000 000 8 8 0 0 0 0 000000 1
a7e 382 000 000 8 4 0 0 0 0 000000 1
bfe 5b1 000 000 a 6 0 0 0 0 000000 1
b3e fac 000 000 8 8 0 0 0 0 000000 1
b5e d5d 000 000 8 8 0 0 0 0 000000 1
b6e ade 000 000 8 8 0 0 0 0 000000 1
b76 01b 000 000 8 4 0 0 0 0 000000 1
b7a 614 000 000 8 4 0 0 0 0 000000 1
b7c 77a 000 000 8 8 0 0 0 0 000000 1
b7f 6c9 000 000 a 6 0 0 0 0 000000 1
486 858 000 000 4 4 0 0 0 0 000000 1
289 854 000 000 4 4 0 0 0 0 000000 1
3e7 852 000 000 8 4 0 0 0 0 000000 1
254 851 000 000 4 4 0 0 0 0 000000 1
4fd 1df 000 000 8 8 0 0 0 0 000000 1
8fd cb7 000 000 8 8 0 0 0 0 000000 1
efd b07 000 000 a 6 0 0 0 0 000000 1
dfd 3b2 000 000 a 6 0 0 0 0 000000 1
c7d 581 000 000 8 4 0 0 0 0 000000 1
cbd f9c 000 000 8 8 0 0 0 0 000000 1
cdd d6d 000 000 8 8 0 0 0 0 000000 1
ced aee 000 000 8 8 0 0 0 0 000000 1
cf5 02b 000 000 8 4 0 0 0 0 000000 1
cf9 624 000 000 8 4 0 0 0 0 000000 1
cff 74a 000 000 a 6 0 0 0 0 000000 1
cfc 6f9 000 000 8 8 0 0 0 0 000000 1
84c 84c 000 000 4 4 0 0 0 0 000000 1
922 84a 000 000 4 4 0 0 0 0 000000 1
891 849 000 000 4 4 0 0 0 0 000000 1
e38 1c7 000 000 6 6 0 0 0 0 000000 1
238 caf 000 000 4 8 0 0 0 0 000000 1
438 b1f 000 000 4 8 0 0 0 0 000000 1
738 3aa 000 000 6 6 0 0 0 0 000000 1
6b8 599 000 000 6 6 0 0 0 0 000000 1
678 f84 000 000 6 6 0 0 0 0 000000 1
618 d75 000 000 4 8 0 0 0 0 000000 1
628 af6 000 000 4 8 0 0 0 0 000000 1
630 033 000 000 4 4 0 0 0 0 000000 1
63c 63c 000 000 6 6 0 0 0 0 000000 1
63a 752 000 000 6 6 0 0 0 0 000000 1
639 6e1 000 000 6 6 0 0 0 0 000000 1
f2d 846 000 000 8 4 0 0 0 0 000000 1
e9e 845 000 000 8 4 0 0 0 0 000000 1
837 1cb 000 000 6 6 0 0 0 0 000000 1
437 ca3 000 000 6 6 0 0 0 0 000000 1
237 b13 000 000 6 6 0 0 0 0 000000 1
137 3a6 000 000 6 6 0 0 0 0 000000 1
0b7 595 000 000 6 6 0 0 0 0 000000 1
077 f88 000 000 6 6 0 0 0 0 000000 1
017 d79 000 000 4 8 0 0 0 0 000000 1
027 afa 000 000 4 8 0 0 0 0 000000 1
03f 03f 000 000 6 6 0 0 0 0 000000 1
033 630 000 000 4 4 0 0 0 0 000000 1
035 75e 000 000 4 8 0 0 0 0 000000 1
036 6ed 000 000 4 8 0 0 0 0 000000 1
ff0 843 000 000 8 4 0 0 0 0 000000 1
959 1cd 000 000 6 6 0 0 0 0 000000 1
559 ca5 000 000 6 6 0 0 0 0 000000 1
359 b15 000 000 6 6 0 0 0 0 000000 1
059 3a0 000 000 4 4 0 0 0 0 000000 1
1d9 593 000 000 6 6 0 0 0 0 000000 1
119 f8e 000 000 4 8 0 0 0 0 000000 1
179 d7f 000 000 6 a 0 0 0 0 000000 1
149 afc 000 000 4 8 0 0 0 0 000000 1
151 039 000 000 4 4 0 0 0 0 000000 1
15d 636 000 000 6 6 0 0 0 0 000000 1
15b 758 000 000 6 6 0 0 0 0 000000 1
158 6eb 000 000 4 8 0 0 0 0 000000 1
8ea 1ce 000 000 6 6 0 0 0 0 000000 1
4ea ca6 000 000 6 6 0 0 0 0 000000 1
2ea b16 000 000 6 6 0 0 0 0 000000 1
1ea 3a3 000 000 6 6 0 0 0 0 000000 1
06a 590 000 000 4 4 0 0 0 0 000000 1
0aa f8d 000 000 4 8 0 0 0 0 000000 1
0ca d7c 000 000 4 8 0 0 0 0 000000 1
0fa aff 000 000 6 a 0 0 0 0 000000 1
0e2 03a 000 000 4 4 0 0 0 0 000000 1
0ee 635 000 000 6 6 0 0 0 0 000000 1
0e8 75b 000 000 4 8 0 0 0 0 000000 1
0eb 6e8 000 000 6 6 0 0 0 0 000000 1
243 528 000 000 4 4 0 0 0 0 000000 1
443 298 000 000 4 4 0 0 0 0 000000 1
743 a2d 000 000 6 6 0 0 0 0 000000 1
6c3 c1e 000 000 6 6 0 0 0 0 000000 1
603 603 000 000 4 4 0 0 0 0 000000 1
663 4f2 000 000 6 6 0 0 0 0 000000 1
653 371 000 000 6 6 0 0 0 0 000000 1
64b 9b4 000 000 6 6 0 0 0 0 000000 1
647 fbb 000 000 6 a 0 0 0 0 000000 1
641 ed5 000 000 4 8 0 0 0 0 000000 1
642 f66 000 000 4 8 0 0 0 0 000000 1
843 ff0 000 000 4 8 0 0 0 0 000000 1
b43 745 000 000 6 6 0 0 0 0 000000 1
ac3 176 000 000 6 6 0 0 0 0 000000 1
a03 b6b 000 000 4 8 0 0 0 0 000000 1
a63 99a 000 000 6 6 0 0 0 0 000000 1
a53 e19 000 000 6 6 0 0 0 0 000000 1
a4b 4dc 000 000 6 6 0 0 0 0 000000 1
a47 2d3 000 000 6 6 0 0 0 0 000000 1
a41 3bd 000 000 4 8 0 0 0 0 000000 1
a42 20e 000 000 4 4 0 0 0 0 000000 1
d43 0f5 000 000 6 6 0 0 0 0 000000 1
cc3 6c6 000 000 6 6 0 0 0 0 000000 1
c03 cdb 000 000 4 8 0 0 0 0 000000 1
c63 e2a 000 000 6 6 0 0 0 0 000000 1
c53 9a9 000 000 6 6 0 0 0 0 000000 1
c4b 36c 000 000 6 6 0 0 0 0 000000 1
c47 563 000 000 6 6 0 0 0 0 000000 1
c41 40d 000 000 4 4 0 0 0 0 000000 1
c42 5be 000 000 4 8 0 0 0 0 000000 1
fc3 e73 000 000 8 8 0 0 0 0 000000 1
f03 46e 000 000 6 6 0 0 0 0 000000 1
f63 69f 000 000 8 8 0 0 0 0 000000 1
f53 11c 000 000 8 4 0 0 0 0 000000 1
f4b bd9 000 000 8 8 0 0 0 0 000000 1
f47 dd6 000 000 8 8 0 0 0 0 000000 1
f41 cb8 000 000 6 6 0 0 0 0 000000 1
f42 d0b 000 000 6 6 0 0 0 0 000000 1
e83 25d 000 000 6 6 0 0 0 0 000000 1
ee3 0ac 000 000 8 4 0 0 0 0 000000 1
ed3 72f 000 000 8 8 0 0 0 0 000000 1
ecb dea 000 000 8 8 0 0 0 0 000000 1
ec7 be5 000 000 8 8 0 0 0 0 000000 1
ec1 a8b 000 000 6 6 0 0 0 0 000000 1
ec2 b38 000 000 6 6 0 0 0 0 000000 1
e23 ab1 000 000 6 6 0 0 0 0 000000 1
e13 d32 000 000 6 6 0 0 0 0 000000 1
e0b 7f7 000 000 6 a 0 0 0 0 000000 1
e07 1f8 000 000 6 6 0 0 0 0 000000 1
e01 096 000 000 4 4 0 0 0 0 000000 1
e02 125 000 000 4 4 0 0 0 0 000000 1
e73 fc3 000 000 8 8 0 0 0 0 000000 1
e6b 506 000 000 8 4 0 0 0 0 000000 1
e67 309 000 000 8 4 0 0 0 0 000000 1
e61 267 000 000 6 6 0 0 0 0 000000 1
e62 3d4 000 000 6 6 0 0 0 0 000000 1
e5b 285 000 000 8 4 0 0 0 0 000000 1
e57 48a 000 000 8 4 0 0 0 0 000000 1
e51 5e4 000 000 6 6 0 0 0 0 000000 1
e52 457 000 000 6 6 0 0 0 0 000000 1
e4f e4f 000 000 8 8 0 0 0 0 000000 1
e49 f21 000 000 6 6 0 0 0 0 000000 1
e4a e92 000 000 6 6 0 0 0 0 000000 1
e45 92e 000 000 6 6 0 0 0 0 000000 1
e46 89d 000 000 6 6 0 0 0 0 000000 1
e40 9f3 000 000 4 8 0 0 0 0 000000 1
677 838 000 000 8 4 0 0 0 0 000000 1
078 834 000 000 4 4 0 0 0 0 000000 1
116 832 000 000 4 4 0 0 0 0 000000 1
0a5 831 000 000 4 4 0 0 0 0 000000 1
60c 1bf 000 000 4 8 0 0 0 0 000000 1
a0c cd7 000 000 4 8 0 0 0 0 000000 1
c0c b67 000 000 4 8 0 0 0 0 000000 1
f0c 3d2 000 000 6 6 0 0 0 0 000000 1
e8c 5e1 000 000 6 6 0 0 0 0 000000 1
e4c ffc 000 000 6 a 0 0 0 0 000000 1
e2c d0d 000 000 6 6 0 0 0 0 000000 1
e1c a8e 000 000 6 6 0 0 0 0 000000 1
e04 04b 000 000 4 4 0 0 0 0 000000 1
e08 644 000 000 4 4 0 0 0 0 000000 1
e0e 72a 000 000 6 6 0 0 0 0 000000 1
e0d 699 000 000 6 6 0 0 0 0 000000 1
abd 82c 000 000 8 4 0 0 0 0 000000 1
bd3 82a 000 000 8 4 0 0 0 0 000000 1
a60 829 000 000 4 4 0 0 0 0 000000 1
cc9 1a7 000 000 6 6 0 0 0 0 000000 1
0c9 ccf 000 000 4 8 0 0 0 0 000000 1
6c9 b7f 000 000 6 a 0 0 0 0 000000 1
5c9 3ca 000 000 6 6 0 0 0 0 000000 1
449 5f9 000 000 4 8 0 0 0 0 000000 1
489 fe4 000 000 4 8 0 0 0 0 000000 1
4e9 d15 000 000 6 6 0 0 0 0 000000 1
4d9 a96 000 000 6 6 0 0 0 0 000000 1
4c1 053 000 000 4 4 0 0 0 0 000000 1
4cd 65c 000 000 6 6 0 0 0 0 000000 1
4cb 732 000 000 6 6 0 0 0 0 000000 1
4c8 681 000 000 4 4 0 0 0 0 000000 1
ddc 826 000 000 8 4 0 0 0 0 000000 1
c6f 825 000 000 8 4 0 0 0 0 000000 1
ac6 1ab 000 000 6 6 0 0 0 0 000000 1
6c6 cc3 000 000 6 6 0 0 0 0 000000 1
0c6 b73 000 000 4 8 0 0 0 0 000000 1
3c6 3c6 000 000 6 6 0 0 0 0 000000 1
246 5f5 000 000 4 8 0 0 0 0 000000 1
286 fe8 000 000 4 8 0 0 0 0 000000 1
2e6 d19 000 000 6 6 0 0 0 0 000000 1
2d6 a9a 000 000 6 6 0 0 0 0 000000 1
2ce 05f 000 000 6 6 0 0 0 0 000000 1
2c2 650 000 000 4 4 0 0 0 0 000000 1
2c4 73e 000 000 4 8 0 0 0 0 000000 1
2c7 68d 000 000 6 6 0 0 0 0 000000 1
d01 823 000 000 4 4 0 0 0 0 000000 1
ba8 1ad 000 000 6 6 0 0 0 0 000000 1
7a8 cc5 000 000 6 6 0 0 0 0 000000 1
1a8 b75 000 000 4 8 0 0 0 0 000000 1
2a8 3c0 000 000 4 4 0 0 0 0 000000 1
328 5f3 000 000 4 8 0 0 0 0 000000 1
3e8 fee 000 000 6 a 0 0 0 0 000000 1
388 d1f 000 000 4 8 0 0 0 0 000000 1
3b8 a9c 000 000 6 6 0 0 0 0 000000 1
3a0 059 000 000 4 4 0 0 0 0 000000 1
3ac 656 000 000 6 6 0 0 0 0 000000 1
3aa 738 000 000 6 6 0 0 0 0 000000 1
3a9 68b 000 000 6 6 0 0 0 0 000000 1
a1b 1ae 000 000 6 6 0 0 0 0 000000 1
61b cc6 000 000 6 6 0 0 0 0 000000 1
01b b76 000 000 4 8 0 0 0 0 000000 1
31b 3c3 000 000 6 6 0 0 0 0 000000 1
29b 5f0 000 000 6 6 0 0 0 0 000000 1
25b fed 000 000 6 a 0 0 0 0 000000 1
23b d1c 000 000 6 6 0 0 0 0 000000 1
20b a9f 000 000 4 8 0 0 0 0 000000 1
213 05a 000 000 4 4 0 0 0 0 000000 1
21f 655 000 000 6 6 0 0 0 0 000000 1
219 73b 000 000 4 8 0 0 0 0 000000 1
21a 688 000 000 4 4 0 0 0 0 000000 1
0b2 548 000 000 4 4 0 0 0 0 000000 1
6b2 2f8 000 000 6 6 0 0 0 0 000000 1
5b2 a4d 000 000 6 6 0 0 0 0 000000 1
432 c7e 000 000 4 8 0 0 0 0 000000 1
4f2 663 000 000 6 6 0 0 0 0 000000 1
492 492 000 000 4 4 0 0 0 0 000000 1
4a2 311 000 000 4 4 0 0 0 0 000000 1
4ba 9d4 000 000 6 6 0 0 0 0 000000 1
4b6 fdb 000 000 6 a 0 0 0 0 000000 1
4b0 eb5 000 000 4 8 0 0 0 0 000000 1
4b3 f06 000 000 6 6 0 0 0 0 000000 1
ab2 f90 000 000 6 6 0 0 0 0 000000 1
9b2 725 000 000 6 6 0 0 0 0 000000 1
832 116 000 000 4 4 0 0 0 0 000000 1
8f2 b0b 000 000 6 6 0 0 0 0 000000 1
892 9fa 000 000 4 8 0 0 0 0 000000 1
8a2 e79 000 000 4 8 0 0 0 0 000000 1
8ba 4bc 000 000 6 6 0 0 0 0 000000 1
8b6 2b3 000 000 6 6 0 0 0 0 000000 1
8b0 3dd 000 000 4 8 0 0 0 0 000000 1
8b3 26e 000 000 6 6 0 0 0 0 000000 1
fb2 095 000 000 8 4 0 0 0 0 000000 1
e32 6a6 000 000 6 6 0 0 0 0 000000 1
ef2 cbb 000 000 8 8 0 0 0 0 000000 1
e92 e4a 000 000 6 6 0 0 0 0 000000 1
ea2 9c9 000 000 6 6 0 0 0 0 000000 1
eba 30c 000 000 8 4 0 0 0 0 000000 1
eb6 503 000 000 8 4 0 0 0 0 000000 1
eb0 46d 000 000 6 6 0 0 0 0 000000 1
eb3 5de 000 000 8 8 0 0 0 0 000000 1
d32 e13 000 000 6 6 0 0 0 0 000000 1
df2 40e 000 000 8 4 0 0 0 0 000000 1
d92 6ff 000 000 6 a 0 0 0 0 000000 1
da2 17c 000 000 6 6 0 0 0 0 000000 1
dba bb9 000 000 8 8 0 0 0 0 000000 1
db6 db6 000 000 8 8 0 0 0 0 000000 1
db0 cd8 000 000 6 6 0 0 0 0 000000 1
db3 d6b 000 000 8 8 0 0 0 0 000000 1
c72 23d 000 000 6 6 0 0 0 0 000000 1
c12 0cc 000 000 4 4 0 0 0 0 000000 1
c22 74f 000 000 4 8 0 0 0 0 000000 1
c3a d8a 000 000 6 6 0 0 0 0 000000 1
c36 b85 000 000 6 6 0 0 0 0 000000 1
c30 aeb 000 000 4 8 0 0 0 0 000000 1
c33 b58 000 000 6 6 0 0 0 0 000000 1
cd2 ad1 000 000 6 6 0 0 0 0 000000 1
ce2 d52 000 000 6 6 0 0 0 0 000000 1
cfa 797 000 000 8 8 0 0 0 0 000000 1
cf6 198 000 000 8 4 0 0 0 0 000000 1
cf0 0f6 000 000 6 6 0 0 0 0 000000 1
cf3 145 000 000 8 4 0 0 0 0 000000 1
c82 fa3 000 000 4 8 0 0 0 0 000000 1
c9a 566 000 000 6 6 0 0 0 0 000000 1
c96 369 000 000 6 6 0 0 0 0 000000 1
c90 207 000 000 4 4 0 0 0 0 000000 1
c93 3b4 000 000 6 6 0 0 0 0 000000 1
caa 2e5 000 000 6 6 0 0 0 0 000000 1
ca6 4ea 000 000 6 6 0 0 0 0 000000 1
ca0 584 000 000 4 4 0 0 0 0 000000 1
ca3 437 000 000 6 6 0 0 0 0 000000 1
cbe e2f 000 000 8 8 0 0 0 0 000000 1
cb8 f41 000 000 6 6 0 0 0 0 000000 1
cbb ef2 000 000 8 8 0 0 0 0 000000 1
cb4 94e 000 000 6 6 0 0 0 0 000000 1
cb7 8fd 000 000 8 8 0 0 0 0 000000 1
cb1 993 000 000 6 6 0 0 0 0 000000 1
d3e 81c 000 000 8 4 0 0 0 0 000000 1
c50 81a 000 000 4 4 0 0 0 0 000000 1
de3 819 000 000 8 4 0 0 0 0 000000 1
b4a 197 000 000 6 6 0 0 0 0 000000 1
74a cff 000 000 6 a 0 0 0 0 000000 1
14a b4f 000 000 4 8 0 0 0 0 000000 1
24a 3fa 000 000 4 8 0 0 0 0 000000 1
3ca 5c9 000 000 6 6 0 0 0 0 000000 1
30a fd4 000 000 4 8 0 0 0 0 000000 1
36a d25 000 000 6 6 0 0 0 0 000000 1
35a aa6 000 000 6 6 0 0 0 0 000000 1
342 063 000 000 4 4 0 0 0 0 000000 1
34e 66c 000 000 6 6 0 0 0 0 000000 1
348 702 000 000 4 4 0 0 0 0 000000 1
34b 6b1 000 000 6 6 0 0 0 0 000000 1
a5f 816 000 000 8 4 0 0 0 0 000000 1
bec 815 000 000 8 4 0 0 0 0 000000 1
d45 19b 000 000 6 6 0 0 0 0 000000 1
145 cf3 000 000 4 8 0 0 0 0 000000 1
745 b43 000 000 6 6 0 0 0 0 000000 1
445 3f6 000 000 4 8 0 0 0 0 000000 1
5c5 5c5 000 000 6 6 0 0 0 0 000000 1
505 fd8 000 000 4 8 0 0 0 0 000000 1
565 d29 000 000 6 6 0 0 0 0 000000 1
555 aaa 000 000 6 6 0 0 0 0 000000 1
54d 06f 000 000 6 6 0 0 0 0 000000 1
541 660 000 000 4 4 0 0 0 0 000000 1
547 70e 000 000 6 6 0 0 0 0 000000 1
544 6bd 000 000 4 8 0 0 0 0 000000 1
a82 813 000 000 4 4 0 0 0 0 000000 1
c2b 19d 000 000 6 6 0 0 0 0 000000 1
02b cf5 000 000 4 8 0 0 0 0 000000 1
62b b45 000 000 6 6 0 0 0 0 000000 1
52b 3f0 000 000 6 6 0 0 0 0 000000 1
4ab 5c3 000 000 6 6 0 0 0 0 000000 1
46b fde 000 000 6 a 0 0 0 0 000000 1
40b d2f 000 000 4 8 0 0 0 0 000000 1
43b aac 000 000 6 6 0 0 0 0 000000 1
423 069 000 000 4 4 0 0 0 0 000000 1
42f 666 000 000 6 6 0 0 0 0 000000 1
429 708 000 000 4 4 0 0 0 0 000000 1
42a 6bb 000 000 4 8 0 0 0 0 000000 1
d98 19e 000 000 6 6 0 0 0 0 000000 1
198 cf6 000 000 4 8 0 0 0 0 000000 1
798 b46 000 000 6 6 0 0 0 0 000000 1
498 3f3 000 000 4 8 0 0 0 0 000000 1
518 5c0 000 000 4 4 0 0 0 0 000000 1
5d8 fdd 000 000 6 a 0 0 0 0 000000 1
5b8 d2c 000 000 6 6 0 0 0 0 000000 1
588 aaf 000 000 4 8 0 0 0 0 000000 1
590 06a 000 000 4 4 0 0 0 0 000000 1
59c 665 000 000 6 6 0 0 0 0 000000 1
59a 70b 000 000 6 6 0 0 0 0 000000 1
599 6b8 000 000 6 6 0 0 0 0 000000 1
731 578 000 000 6 6 0 0 0 0 000000 1
131 2c8 000 000 4 4 0 0 0 0 000000 1
231 a7d 000 000 4 8 0 0 0 0 000000 1
3b1 c4e 000 000 6 6 0 0 0 0 000000 1
371 653 000 000 6 6 0 0 0 0 000000 1
311 4a2 000 000 4 4 0 0 0 0 000000 1
321 321 000 000 4 4 0 0 0 0 000000 1
339 9e4 000 000 6 6 0 0 0 0 000000 1
335 feb 000 000 6 a 0 0 0 0 000000 1
333 e85 000 000 6 6 0 0 0 0 000000 1
330 f36 000 000 4 8 0 0 0 0 000000 1
d31 fa0 000 000 6 6 0 0 0 0 000000 1
e31 715 000 000 6 6 0 0 0 0 000000 1
fb1 126 000 000 8 4 0 0 0 0 000000 1
f71 b3b 000 000 8 8 0 0 0 0 000000 1
f11 9ca 000 000 6 6 0 0 0 0 000000 1
f21 e49 000 000 6 6 0 0 0 0 000000 1
f39 48c 000 000 8 4 0 0 0 0 000000 1
f35 283 000 000 8 4 0 0 0 0 000000 1
f33 3ed 000 000 8 8 0 0 0 0 000000 1
f30 25e 000 000 6 6 0 0 0 0 000000 1
831 0a5 000 000 4 4 0 0 0 0 000000 1
9b1 696 000 000 6 6 0 0 0 0 000000 1
971 c8b 000 000 6 6 0 0 0 0 000000 1
911 e7a 000 000 4 8 0 0 0 0 000000 1
921 9f9 000 000 4 8 0 0 0 0 000000 1
939 33c 000 000 6 6 0 0 0 0 000000 1
935 533 000 000 6 6 0 0 0 0 000000 1
933 45d 000 000 6 6 0 0 0 0 000000 1
930 5ee 000 000 4 8 0 0 0 0 000000 1
ab1 e23 000 000 6 6 0 0 0 0 000000 1
a71 43e 000 000 6 6 0 0 0 0 000000 1
a11 6cf 000 000 4 8 0 0 0 0 000000 1
a21 14c 000 000 4 4 0 0 0 0 000000 1
a39 b89 000 000 6 6 0 0 0 0 000000 1
a35 d86 000 000 6 6 0 0 0 0 000000 1
a33 ce8 000 000 6 6 0 0 0 0 000000 1
a30 d5b 000 000 4 8 0 0 0 0 000000 1
bf1 20d 000 000 8 4 0 0 0 0 000000 1
b91 0fc 000 000 6 6 0 0 0 0 000000 1
ba1 77f 000 000 6 a 0 0 0 0 000000 1
bb9 dba 000 000 8 8 0 0 0 0 000000 1
bb5 bb5 000 000 8 8 0 0 0 0 000000 1
bb3 adb 000 000 8 8 0 0 0 0 000000 1
bb0 b68 000 000 6 6 0 0 0 0 000000 1
b51 ae1 000 000 6 6 0 0 0 0 000000 1
b61 d62 000 000 6 6 0 0 0 0 000000 1
b79 7a7 000 000 8 8 0 0 0 0 000000 1
b75 1a8 000 000 8 4 0 0 0 0 000000 1
b73 0c6 000 000 8 4 0 0 0 0 000000 1
b70 175 000 000 6 6 0 0 0 0 000000 1
b01 f93 000 000 4 8 0 0 0 0 000000 1
b19 556 000 000 6 6 0 0 0 0 000000 1
b15 359 000 000 6 6 0 0 0 0 000000 1
b13 237 000 000 6 6 0 0 0 0 000000 1
b10 384 000 000 4 4 0 0 0 0 000000 1
b29 2d5 000 000 6 6 0 0 0 0 000000 1
b25 4da 000 000 6 6 0 0 0 0 000000 1
b23 5b4 000 000 6 6 0 0 0 0 000000 1
b20 407 000 000 4 4 0 0 0 0 000000 1
b3d e1f 000 000 8 8 0 0 0 0 000000 1
b3b f71 000 000 8 8 0 0 0 0 000000 1
b38 ec2 000 000 6 6 0 0 0 0 000000 1
b37 97e 000 000 8 8 0 0 0 0 000000 1
b34 8cd 000 000 6 6 0 0 0 0 000000 1
b32 9a3 000 000 6 6 0 0 0 0 000000 1
09a 80e 000 000 4 4 0 0 0 0 000000 1
129 80d 000 000 4 4 0 0 0 0 000000 1
780 183 000 000 4 4 0 0 0 0 000000 1
b80 ceb 000 000 4 8 0 0 0 0 000000 1
d80 b5b 000 000 4 8 0 0 0 0 000000 1
e80 3ee 000 000 4 8 0 0 0 0 000000 1
f00 5dd 000 000 4 8 0 0 0 0 000000 1
fc0 fc0 000 000 6 6 0 0 0 0 000000 1
fa0 d31 000 000 6 6 0 0 0 0 000000 1
f90 ab2 000 000 6 6 0 0 0 0 000000 1
f88 077 000 000 6 6 0 0 0 0 000000 1
f84 678 000 000 6 6 0 0 0 0 000000 1
f82 716 000 000 6 6 0 0 0 0 000000 1
f81 6a5 000 000 6 6 0 0 0 0 000000 1
047 80b 000 000 4 4 0 0 0 0 000000 1
6ee 185 000 000 8 4 0 0 0 0 000000 1
aee ced 000 000 8 8 0 0 0 0 000000 1
cee b5d 000 000 8 8 0 0 0 0 000000 1
fee 3e8 000 000 a 6 0 0 0 0 000000 1
e6e 5db 000 000 8 8 0 0 0 0 000000 1
eae fc6 000 000 8 8 0 0 0 0 000000 1
ece d37 000 000 8 8 0 0 0 0 000000 1
efe ab4 000 000 a 6 0 0 0 0 000000 1
ee6 071 000 000 8 4 0 0 0 0 000000 1
eea 67e 000 000 8 8 0 0 0 0 000000 1
eec 710 000 000 8 4 0 0 0 0 000000 1
eef 6a3 000 000 a 6 0 0 0 0 000000 1
75d 186 000 000 8 4 0 0 0 0 000000 1
b5d cee 000 000 8 8 0 0 0 0 000000 1
d5d b5e 000 000 8 8 0 0 0 0 000000 1
e5d 3eb 000 000 8 8 0 0 0 0 000000 1
fdd 5d8 000 000 a 6 0 0 0 0 000000 1
f1d fc5 000 000 8 8 0 0 0 0 000000 1
f7d d34 000 000 a 6 0 0 0 0 000000 1
f4d ab7 000 000 8 8 0 0 0 0 000000 1
f55 072 000 000 8 4 0 0 0 0 000000 1
f59 67d 000 000 8 8 0 0 0 0 000000 1
f5f 713 000 000 a 6 0 0 0 0 000000 1
f5c 6a0 000 000 8 4 0 0 0 0 000000 1
df4 560 000 000 8 4 0 0 0 0 000000 1
bf4 2d0 000 000 8 4 0 0 0 0 000000 1
8f4 a65 000 000 6 6 0 0 0 0 000000 1
974 c56 000 000 6 6 0 0 0 0 000000 1
9b4 64b 000 000 6 6 0 0 0 0 000000 1
9d4 4ba 000 000 6 6 0 0 0 0 000000 1
9e4 339 000 000 6 6 0 0 0 0 000000 1
9fc 9fc 000 000 8 8 0 0 0 0 000000 1
9f0 ff3 000 000 6 a 0 0 0 0 000000 1
9f6 e9d 000 000 8 8 0 0 0 0 000000 1
9f5 f2e 000 000 8 8 0 0 0 0 000000 1
7f4 fb8 000 000 8 8 0 0 0 0 000000 1
4f4 70d 000 000 6 6 0 0 0 0 000000 1
574 13e 000 000 6 6 0 0 0 0 000000 1
5b4 b23 000 000 6 6 0 0 0 0 000000 1
5d4 9d2 000 000 6 6 0 0 0 0 000000 1
5e4 e51 000 000 6 6 0 0 0 0 000000 1
5fc 494 000 000 8 4 0 0 0 0 000000 1
5f0 29b 000 000 6 6 0 0 0 0 000000 1
5f6 3f5 000 000 8 8 0 0 0 0 000000 1
5f5 246 000 000 8 4 0 0 0 0 000000 1
2f4 0bd 000 000 6 6 0 0 0 0 000000 1
374 68e 000 000 6 6 0 0 0 0 000000 1
3b4 c93 000 000 6 6 0 0 0 0 000000 1
3d4 e62 000 000 6 6 0 0 0 0 000000 1
3e4 9e1 000 000 6 6 0 0 0 0 000000 1
3fc 324 000 000 8 4 0 0 0 0 000000 1
3f0 52b 000 000 6 6 0 0 0 0 000000 1
3f6 445 000 000 8 4 0 0 0 0 000000 1
3f5 5f6 000 000 8 8 0 0 0 0 000000 1
074 e3b 000 000 4 8 0 0 0 0 000000 1
0b4 426 000 000 4 4 0 0 0 0 000000 1
0d4 6d7 000 000 4 8 0 0 0 0 000000 1
0e4 154 000 000 4 4 0 0 0 0 000000 1
0fc b91 000 000 6 6 0 0 0 0 000000 1
0f0 d9e 000 000 4 8 0 0 0 0 000000 1
0f6 cf0 000 000 6 6 0 0 0 0 000000 1
0f5 d43 000 000 6 6 0 0 0 0 000000 1
134 215 000 000 4 4 0 0 0 0 000000 1
154 0e4 000 000 4 4 0 0 0 0 000000 1
164 767 000 000 4 8 0 0 0 0 000000 1
17c da2 000 000 6 6 0 0 0 0 000000 1
170 bad 000 000 4 8 0 0 0 0 000000 1
176 ac3 000 000 6 6 0 0 0 0 000000 1
175 b70 000 000 6 6 0 0 0 0 000000 1
194 af9 000 000 4 8 0 0 0 0 000000 1
1a4 d7a 000 000 4 8 0 0 0 0 000000 1
1bc 7bf 000 000 6 a 0 0 0 0 000000 1
1b0 1b0 000 000 4 4 0 0 0 0 000000 1
1b6 0de 000 000 6 6 0 0 0 0 000000 1
1b5 16d 000 000 6 6 0 0 0 0 000000 1
1c4 f8b 000 000 4 8 0 0 0 0 000000 1
1dc 54e 000 000 6 6 0 0 0 0 000000 1
1d0 341 000 000 4 4 0 0 0 0 000000 1
1d6 22f 000 000 6 6 0 0 0 0 000000 1
1d5 39c 000 000 6 6 0 0 0 0 000000 1
1ec 2cd 000 000 6 6 0 0 0 0 000000 1
1e0 4c2 000 000 4 4 0 0 0 0 000000 1
1e6 5ac 000 000 6 6 0 0 0 0 000000 1
1e5 41f 000 000 6 6 0 0 0 0 000000 1
1f8 e07 000 000 6 6 0 0 0 0 000000 1
1fe f69 000 000 8 8 0 0 0 0 000000 1
1fd eda 000 000 8 8 0 0 0 0 000000 1
1f2 966 000 000 6 6 0 0 0 0 000000 1
1f1 8d5 000 000 6 6 0 0 0 0 000000 1
1f7 9bb 000 000 8 8 0 0 0 0 000000 1
648 807 000 000 4 4 0 0 0 0 000000 1
0e1 189 000 000 4 4 0 0 0 0 000000 1
ce1 ce1 000 000 6 6 0 0 0 0 000000 1
ae1 b51 000 000 6 6 0 0 0 0 000000 1
9e1 3e4 000 000 6 6 0 0 0 0 000000 1
861 5d7 000 000 4 8 0 0 0 0 000000 1
8a1 fca 000 000 4 8 0 0 0 0 000000 1
8c1 d3b 000 000 4 8 0 0 0 0 000000 1
8f1 ab8 000 000 6 6 0 0 0 0 000000 1
8e9 07d 000 000 6 6 0 0 0 0 000000 1
8e5 672 000 000 6 6 0 0 0 0 000000 1
8e3 71c 000 000 6 6 0 0 0 0 000000 1
8e0 6af 000 000 4 8 0 0 0 0 000000 1
152 18a 000 000 4 4 0 0 0 0 000000 1
d52 ce2 000 000 6 6 0 0 0 0 000000 1
b52 b52 000 000 6 6 0 0 0 0 000000 1
852 3e7 000 000 4 8 0 0 0 0 000000 1
9d2 5d4 000 000 6 6 0 0 0 0 000000 1
912 fc9 000 000 4 8 0 0 0 0 000000 1
972 d38 000 000 6 6 0 0 0 0 000000 1
942 abb 000 000 4 8 0 0 0 0 000000 1
95a 07e 000 000 6 6 0 0 0 0 000000 1
956 671 000 000 6 6 0 0 0 0 000000 1
950 71f 000 000 4 8 0 0 0 0 000000 1
953 6ac 000 000 6 6 0 0 0 0 000000 1
bfb 56c 000 000 a 6 0 0 0 0 000000 1
dfb 2dc 000 000 a 6 0 0 0 0 000000 1
efb a69 000 000 a 6 0 0 0 0 000000 1
f7b c5a 000 000 a 6 0 0 0 0 000000 1
fbb 647 000 000 a 6 0 0 0 0 000000 1
fdb 4b6 000 000 a 6 0 0 0 0 000000 1
feb 335 000 000 a 6 0 0 0 0 000000 1
ff3 9f0 000 000 a 6 0 0 0 0 000000 1
fff fff 000 000 c c 0 0 0 0 000000 1
ff9 e91 000 000 a 6 0 0 0 0 000000 1
ffa f22 000 000 a 6 0 0 0 0 000000 1
1fb fb4 000 000 8 8 0 0 0 0 000000 1
2fb 701 000 000 8 4 0 0 0 0 000000 1
37b 132 000 000 8 4 0 0 0 0 000000 1
3bb b2f 000 000 8 8 0 0 0 0 000000 1
3db 9de 000 000 8 8 0 0 0 0 000000 1
3eb e5d 000 000 8 8 0 0 0 0 000000 1
3f3 498 000 000 8 4 0 0 0 0 000000 1
3ff 297 000 000 a 6 0 0 0 0 000000 1
3f9 3f9 000 000 8 8 0 0 0 0 000000 1
3fa 24a 000 000 8 4 0 0 0 0 000000 1
4fb 0b1 000 000 8 4 0 0 0 0 000000 1
57b 682 000 000 8 4 0 0 0 0 000000 1
5bb c9f 000 000 8 8 0 0 0 0 000000 1
5db e6e 000 000 8 8 0 0 0 0 000000 1
5eb 9ed 000 000 8 8 0 0 0 0 000000 1
5f3 328 000 000 8 4 0 0 0 0 000000 1
5ff 527 000 000 a 6 0 0 0 0 000000 1
5f9 449 000 000 8 4 0 0 0 0 000000 1
5fa 5fa 000 000 8 8 0 0 0 0 000000 1
67b e37 000 000 8 8 0 0 0 0 000000 1
6bb 42a 000 000 8 4 0 0 0 0 000000 1
6db 6db 000 000 8 8 0 0 0 0 000000 1
6eb 158 000 000 8 4 0 0 0 0 000000 1
6f3 b9d 000 000 8 8 0 0 0 0 000000 1
6ff d92 000 000 a 6 0 0 0 0 000000 1
6f9 cfc 000 000 8 8 0 0 0 0 000000 1
6fa d4f 000 000 8 8 0 0 0 0 000000 1
73b 219 000 000 8 4 0 0 0 0 000000 1
75b 0e8 000 000 8 4 0 0 0 0 000000 1
76b 76b 000 000 8 8 0 0 0 0 000000 1
773 dae 000 000 8 8 0 0 0 0 000000 1
77f ba1 000 000 a 6 0 0 0 0 000000 1
779 acf 000 000 8 8 0 0 0 0 000000 1
77a b7c 000 000 8 8 0 0 0 0 000000 1
79b af5 000 000 8 8 0 0 0 0 000000 1
7ab d76 000 000 8 8 0 0 0 0 000000 1
7b3 7b3 000 000 8 8 0 0 0 0 000000 1
7bf 1bc 000 000 a 6 0 0 0 0 000000 1
7b9 0d2 000 000 8 4 0 0 0 0 000000 1
7ba 161 000 000 8 4 0 0 0 0 000000 1
7cb f87 000 000 8 8 0 0 0 0 000000 1
7d3 542 000 000 8 4 0 0 0 0 000000 1
7df 34d 000 000 a 6 0 0 0 0 000000 1
7d9 223 000 000 8 4 0 0 0 0 000000 1
7da 390 000 000 8 4 0 0 0 0 000000 1
7e3 2c1 000 000 8 4 0 0 0 0 000000 1
7ef 4ce 000 000 a 6 0 0 0 0 000000 1
7e9 5a0 000 000 8 4 0 0 0 0 000000 1
7ea 413 000 000 8 4 0 0 0 0 000000 1
7f7 e0b 000 000 a 6 0 0 0 0 000000 1
7f1 f65 000 000 8 8 0 0 0 0 000000 1
7f2 ed6 000 000 8 8 0 0 0 0 000000 1
7fd 96a 000 000 a 6 0 0 0 0 000000 1
7fe 8d9 000 000 a 6 0 0 0 0 000000 1
7f8 9b7 000 000 8 8 0 0 0 0 000000 1
03c 18c 000 000 4 4 0 0 0 0 000000 1
c3c ce4 000 000 6 6 0 0 0 0 000000 1
a3c b54 000 000 6 6 0 0 0 0 000000 1
93c 3e1 000 000 6 6 0 0 0 0 000000 1
8bc 5d2 000 000 6 6 0 0 0 0 000000 1
87c fcf 000 000 6 a 0 0 0 0 000000 1
81c d3e 000 000 4 8 0 0 0 0 000000 1
82c abd 000 000 4 8 0 0 0 0 000000 1
834 078 000 000 4 4 0 0 0 0 000000 1
838 677 000 000 4 8 0 0 0 0 000000 1
83e 719 000 000 6 6 0 0 0 0 000000 1
83d 6aa 000 000 6 6 0 0 0 0 000000 1
a95 56a 000 000 6 6 0 0 0 0 000000 1
c95 2da 000 000 6 6 0 0 0 0 000000 1
f95 a6f 000 000 8 8 0 0 0 0 000000 1
e15 c5c 000 000 6 6 0 0 0 0 000000 1
ed5 641 000 000 8 4 0 0 0 0 000000 1
eb5 4b0 000 000 8 4 0 0 0 0 000000 1
e85 333 000 000 6 6 0 0 0 0 000000 1
e9d 9f6 000 000 8 8 0 0 0 0 000000 1
e91 ff9 000 000 6 a 0 0 0 0 000000 1
e97 e97 000 000 8 8 0 0 0 0 000000 1
e94 f24 000 000 6 6 0 0 0 0 000000 1
095 fb2 000 000 4 8 0 0 0 0 000000 1
395 707 000 000 6 6 0 0 0 0 000000 1
215 134 000 000 4 4 0 0 0 0 000000 1
2d5 b29 000 000 6 6 0 0 0 0 000000 1
2b5 9d8 000 000 6 6 0 0 0 0 000000 1
285 e5b 000 000 4 8 0 0 0 0 000000 1
29d 49e 000 000 6 6 0 0 0 0 000000 1
291 291 000 000 4 4 0 0 0 0 000000 1
297 3ff 000 000 6 a 0 0 0 0 000000 1
294 24c 000 000 4 4 0 0 0 0 000000 1
595 0b7 000 000 6 6 0 0 0 0 000000 1
415 684 000 000 4 4 0 0 0 0 000000 1
4d5 c99 000 000 6 6 0 0 0 0 000000 1
4b5 e68 000 000 6 6 0 0 0 0 000000 1
485 9eb 000 000 4 8 0 0 0 0 000000 1
49d 32e 000 000 6 6 0 0 0 0 000000 1
491 521 000 000 4 4 0 0 0 0 000000 1
497 44f 000 000 6 6 0 0 0 0 000000 1
494 5fc 000 000 4 8 0 0 0 0 000000 1
715 e31 000 000 6 6 0 0 0 0 000000 1
7d5 42c 000 000 8 4 0 0 0 0 000000 1
7b5 6dd 000 000 8 8 0 0 0 0 000000 1
785 15e 000 000 6 6 0 0 0 0 000000 1
79d b9b 000 000 8 8 0 0 0 0 000000 1
791 d94 000 000 6 6 0 0 0 0 000000 1
797 cfa 000 000 8 8 0 0 0 0 000000 1
794 d49 000 000 6 6 0 0 0 0 000000 1
655 21f 000 000 6 6 0 0 0 0 000000 1
635 0ee 000 000 6 6 0 0 0 0 000000 1
605 76d 000 000 4 8 0 0 0 0 000000 1
61d da8 000 000 6 6 0 0 0 0 000000 1
611 ba7 000 000 4 8 0 0 0 0 000000 1
617 ac9 000 000 6 6 0 0 0 0 000000 1
614 b7a 000 000 4 8 0 0 0 0 000000 1
6f5 af3 000 000 8 8 0 0 0 0 000000 1
6c5 d70 000 000 6 6 0 0 0 0 000000 1
6dd 7b5 000 000 8 8 0 0 0 0 000000 1
6d1 1ba 000 000 6 6 0 0 0 0 000000 1
6d7 0d4 000 000 8 4 0 0 0 0 000000 1
6d4 167 000 000 6 6 0 0 0 0 000000 1
6a5 f81 000 000 6 6 0 0 0 0 000000 1
6bd 544 000 000 8 4 0 0 0 0 000000 1
6b1 34b 000 000 6 6 0 0 0 0 000000 1
6b7 225 000 000 8 4 0 0 0 0 000000 1
6b4 396 000 000 6 6 0 0 0 0 000000 1
68d 2c7 000 000 6 6 0 0 0 0 000000 1
681 4c8 000 000 4 4 0 0 0 0 000000 1
687 5a6 000 000 6 6 0 0 0 0 000000 1
684 415 000 000 4 4 0 0 0 0 000000 1
699 e0d 000 000 6 6 0 0 0 0 000000 1
69f f63 000 000 8 8 0 0 0 0 000000 1
69c ed0 000 000 6 6 0 0 0 0 000000 1
693 96c 000 000 6 6 0 0 0 0 000000 1
690 8df 000 000 4 8 0 0 0 0 000000 1
696 9b1 000 000 6 6 0 0 0 0 000000 1
b26 569 000 000 6 6 0 0 0 0 000000 1
d26 2d9 000 000 6 6 0 0 0 0 000000 1
e26 a6c 000 000 6 6 0 0 0 0 000000 1
fa6 c5f 000 000 8 8 0 0 0 0 000000 1
f66 642 000 000 8 4 0 0 0 0 000000 1
f06 4b3 000 000 6 6 0 0 0 0 000000 1
f36 330 000 000 8 4 0 0 0 0 000000 1
f2e 9f5 000 000 8 8 0 0 0 0 000000 1
f22 ffa 000 000 6 a 0 0 0 0 000000 1
f24 e94 000 000 6 6 0 0 0 0 000000 1
f27 f27 000 000 8 8 0 0 0 0 000000 1
126 fb1 000 000 4 8 0 0 0 0 000000 1
226 704 000 000 4 4 0 0 0 0 000000 1
3a6 137 000 000 6 6 0 0 0 0 000000 1
366 b2a 000 000 6 6 0 0 0 0 000000 1
306 9db 000 000 4 8 0 0 0 0 000000 1
336 e58 000 000 6 6 0 0 0 0 000000 1
32e 49d 000 000 6 6 0 0 0 0 000000 1
322 292 000 000 4 4 0 0 0 0 000000 1
324 3fc 000 000 4 8 0 0 0 0 000000 1
327 24f 000 000 6 6 0 0 0 0 000000 1
426 0b4 000 000 4 4 0 0 0 0 000000 1
5a6 687 000 000 6 6 0 0 0 0 000000 1
566 c9a 000 000 6 6 0 0 0 0 000000 1
506 e6b 000 000 4 8 0 0 0 0 000000 1
536 9e8 000 000 6 6 0 0 0 0 000000 1
52e 32d 000 000 6 6 0 0 0 0 000000 1
522 522 000 000 4 4 0 0 0 0 000000 1
524 44c 000 000 4 4 0 0 0 0 000000 1
527 5ff 000 000 6 a 0 0 0 0 000000 1
6a6 e32 000 000 6 6 0 0 0 0 000000 1
666 42f 000 000 6 6 0 0 0 0 000000 1
606 6de 000 000 4 8 0 0 0 0 000000 1
636 15d 000 000 6 6 0 0 0 0 000000 1
62e b98 000 000 6 6 0 0 0 0 000000 1
622 d97 000 000 4 8 0 0 0 0 000000 1
624 cf9 000 000 4 8 0 0 0 0 000000 1
627 d4a 000 000 6 6 0 0 0 0 000000 1
7e6 21c 000 000 8 4 0 0 0 0 000000 1
786 0ed 000 000 6 6 0 0 0 0 000000 1
7b6 76e 000 000 8 8 0 0 0 0 000000 1
7ae dab 000 000 8 8 0 0 0 0 000000 1
7a2 ba4 000 000 6 6 0 0 0 0 000000 1
7a4 aca 000 000 6 6 0 0 0 0 000000 1
7a7 b79 000 000 8 8 0 0 0 0 000000 1
746 af0 000 000 6 6 0 0 0 0 000000 1
776 d73 000 000 8 8 0 0 0 0 000000 1
76e 7b6 000 000 8 8 0 0 0 0 000000 1
762 1b9 000 000 6 6 0 0 0 0 000000 1
764 0d7 000 000 6 6 0 0 0 0 000000 1
767 164 000 000 8 4 0 0 0 0 000000 1
716 f82 000 000 6 6 0 0 0 0 000000 1
70e 547 000 000 6 6 0 0 0 0 000000 1
702 348 000 000 4 4 0 0 0 0 000000 1
704 226 000 000 4 4 0 0 0 0 000000 1
707 395 000 000 6 6 0 0 0 0 000000 1
73e 2c4 000 000 8 4 0 0 0 0 000000 1
732 4cb 000 000 6 6 0 0 0 0 000000 1
734 5a5 000 000 6 6 0 0 0 0 000000 1
737 416 000 000 8 4 0 0 0 0 000000 1
72a e0e 000 000 6 6 0 0 0 0 000000 1
72c f60 000 000 6 6 0 0 0 0 000000 1
72f ed3 000 000 8 8 0 0 0 0 000000 1
720 96f 000 000 4 8 0 0 0 0 000000 1
723 8dc 000 000 6 6 0 0 0 0 000000 1
725 9b2 000 000 6 6 0 0 0 0 000000 1
78f 63f 000 000 8 8 0 0 0 0 000000 1
48f e8a 000 000 6 6 0 0 0 0 000000 1
50f 8b9 000 000 6 6 0 0 0 0 000000 1
5cf 2a4 000 000 8 4 0 0 0 0 000000 1
5af 055 000 000 8 4 0 0 0 0 000000 1
59f 7d6 000 000 8 8 0 0 0 0 000000 1
587 d13 000 000 6 6 0 0 0 0 000000 1
58b b1c 000 000 6 6 0 0 0 0 000000 1
58d a72 000 000 6 6 0 0 0 0 000000 1
58e bc1 000 000 6 6 0 0 0 0 000000 1
28f 93a 000 000 6 6 0 0 0 0 000000 1
30f f09 000 000 6 6 0 0 0 0 000000 1
3cf 514 000 000 8 4 0 0 0 0 000000 1
3af 7e5 000 000 8 8 0 0 0 0 000000 1
39f 066 000 000 8 4 0 0 0 0 000000 1
387 aa3 000 000 6 6 0 0 0 0 000000 1
38b cac 000 000 6 6 0 0 0 0 000000 1
38d dc2 000 000 6 6 0 0 0 0 000000 1
38e c71 000 000 6 6 0 0 0 0 000000 1
00f 7bc 000 000 4 8 0 0 0 0 000000 1
0cf da1 000 000 6 6 0 0 0 0 000000 1
0af f50 000 000 6 6 0 0 0 0 000000 1
09f 8d3 000 000 6 6 0 0 0 0 000000 1
087 216 000 000 4 4 0 0 0 0 000000 1
08b 419 000 000 4 4 0 0 0 0 000000 1
08d 577 000 000 4 8 0 0 0 0 000000 1
08e 4c4 000 000 4 4 0 0 0 0 000000 1
14f b92 000 000 6 6 0 0 0 0 000000 1
12f 963 000 000 6 6 0 0 0 0 000000 1
11f ee0 000 000 6 6 0 0 0 0 000000 1
107 425 000 000 4 4 0 0 0 0 000000 1
10b 22a 000 000 4 4 0 0 0 0 000000 1
10d 344 000 000 4 4 0 0 0 0 000000 1
10e 2f7 000 000 4 8 0 0 0 0 000000 1
1ef 37e 000 000 8 8 0 0 0 0 000000 1
1df 4fd 000 000 8 8 0 0 0 0 000000 1
1c7 e38 000 000 6 6 0 0 0 0 000000 1
1cb 837 000 000 6 6 0 0 0 0 000000 1
1cd 959 000 000 6 6 0 0 0 0 000000 1
1ce 8ea 000 000 6 6 0 0 0 0 000000 1
1bf 60c 000 000 8 4 0 0 0 0 000000 1
1a7 cc9 000 000 6 6 0 0 0 0 000000 1
1ab ac6 000 000 6 6 0 0 0 0 000000 1
1ad ba8 000 000 6 6 0 0 0 0 000000 1
1ae a1b 000 000 6 6 0 0 0 0 000000 1
197 b4a 000 000 6 6 0 0 0 0 000000 1
19b d45 000 000 6 6 0 0 0 0 000000 1
19d c2b 000 000 6 6 0 0 0 0 000000 1
19e d98 000 000 6 6 0 0 0 0 000000 1
183 780 000 000 4 4 0 0 0 0 000000 1
185 6ee 000 000 4 8 0 0 0 0 000000 1
186 75d 000 000 4 8 0 0 0 0 000000 1
189 0e1 000 000 4 4 0 0 0 0 000000 1
18a 152 000 000 4 4 0 0 0 0 000000 1
18c 03c 000 000 4 4 0 0 0 0 000000 1
e8f 452 000 000 8 4 0 0 0 0 000000 1
f0f 261 000 000 8 4 0 0 0 0 000000 1
fcf 87c 000 000 a 6 0 0 0 0 000000 1
faf a8d 000 000 a 6 0 0 0 0 000000 1
f9f d0e 000 000 a 6 0 0 0 0 000000 1
f87 7cb 000 000 8 8 0 0 0 0 000000 1
f8b 1c4 000 000 8 4 0 0 0 0 000000 1
f8d 0aa 000 000 8 4 0 0 0 0 000000 1
f8e 119 000 000 8 4 0 0 0 0 000000 1
c0f ad4 000 000 6 6 0 0 0 0 000000 1
ccf 0c9 000 000 8 4 0 0 0 0 000000 1
caf 238 000 000 8 4 0 0 0 0 000000 1
c9f 5bb 000 000 8 8 0 0 0 0 000000 1
c87 f7e 000 000 6 a 0 0 0 0 000000 1
c8b 971 000 000 6 6 0 0 0 0 000000 1
c8d 81f 000 000 6 6 0 0 0 0 000000 1
c8e 9ac 000 000 6 6 0 0 0 0 000000 1
d4f 6fa 000 000 8 8 0 0 0 0 000000 1
d2f 40b 000 000 8 4 0 0 0 0 000000 1
d1f 388 000 000 8 4 0 0 0 0 000000 1
d07 94d 000 000 6 6 0 0 0 0 000000 1
d0b f42 000 000 6 6 0 0 0 0 000000 1
d0d e2c 000 000 6 6 0 0 0 0 000000 1
d0e f9f 000 000 6 a 0 0 0 0 000000 1
def e16 000 000 a 6 0 0 0 0 000000 1
ddf 995 000 000 a 6 0 0 0 0 000000 1
dc7 350 000 000 8 4 0 0 0 0 000000 1
dcb 55f 000 000 8 8 0 0 0 0 000000 1
dcd 431 000 000 8 4 0 0 0 0 000000 1
dce 582 000 000 8 4 0 0 0 0 000000 1
dbf b64 000 000 a 6 0 0 0 0 000000 1
da7 1a1 000 000 8 4 0 0 0 0 000000 1
dab 7ae 000 000 8 8 0 0 0 0 000000 1
dad 6c0 000 000 8 4 0 0 0 0 000000 1
dae 773 000 000 8 8 0 0 0 0 000000 1
d97 622 000 000 8 4 0 0 0 0 000000 1
d9b 02d 000 000 8 4 0 0 0 0 000000 1
d9d 143 000 000 8 4 0 0 0 0 000000 1
d9e 0f0 000 000 8 4 0 0 0 0 000000 1
d83 ae8 000 000 6 6 0 0 0 0 000000 1
d85 b86 000 000 6 6 0 0 0 0 000000 1
d86 a35 000 000 6 6 0 0 0 0 000000 1
d89 d89 000 000 6 6 0 0 0 0 000000 1
d8a c3a 000 000 6 6 0 0 0 0 000000 1
d8c d54 000 000 6 6 0 0 0 0 000000 1
a0f d64 000 000 6 6 0 0 0 0 000000 1
acf 779 000 000 8 8 0 0 0 0 000000 1
aaf 588 000 000 8 4 0 0 0 0 000000 1
a9f 20b 000 000 8 4 0 0 0 0 000000 1
a87 8ce 000 000 6 6 0 0 0 0 000000 1
a8b ec1 000 000 6 6 0 0 0 0 000000 1
a8d faf 000 000 6 a 0 0 0 0 000000 1
a8e e1c 000 000 6 6 0 0 0 0 000000 1
b4f 14a 000 000 8 4 0 0 0 0 000000 1
b2f 3bb 000 000 8 8 0 0 0 0 000000 1
b1f 438 000 000 8 4 0 0 0 0 000000 1
b07 efd 000 000 6 a 0 0 0 0 000000 1
b0b 8f2 000 000 6 6 0 0 0 0 000000 1
b0d 99c 000 000 6 6 0 0 0 0 000000 1
b0e 82f 000 000 6 6 0 0 0 0 000000 1
bef 9a6 000 000 a 6 0 0 0 0 000000 1
bdf e25 000 000 a 6 0 0 0 0 000000 1
bc7 4e0 000 000 8 4 0 0 0 0 000000 1
bcb 2ef 000 000 8 8 0 0 0 0 000000 1
bcd 381 000 000 8 4 0 0 0 0 000000 1
bce 232 000 000 8 4 0 0 0 0 000000 1
bbf cd4 000 000 a 6 0 0 0 0 000000 1
ba7 611 000 000 8 4 0 0 0 0 000000 1
bab 01e 000 000 8 4 0 0 0 0 000000 1
bad 170 000 000 8 4 0 0 0 0 000000 1
bae 0c3 000 000 8 4 0 0 0 0 000000 1
b97 192 000 000 8 4 0 0 0 0 000000 1
b9b 79d 000 000 8 8 0 0 0 0 000000 1
b9d 6f3 000 000 8 8 0 0 0 0 000000 1
b9e 740 000 000 8 4 0 0 0 0 000000 1
b83 d58 000 000 6 6 0 0 0 0 000000 1
b85 c36 000 000 6 6 0 0 0 0 000000 1
b86 d85 000 000 6 6 0 0 0 0 000000 1
b89 a39 000 000 6 6 0 0 0 0 000000 1
b8a b8a 000 000 6 6 0 0 0 0 000000 1
b8c ae4 000 000 6 6 0 0 0 0 000000 1
84f 9ff 000 000 6 a 0 0 0 0 000000 1
82f b0e 000 000 6 6 0 0 0 0 000000 1
81f c8d 000 000 6 6 0 0 0 0 000000 1
807 648 000 000 4 4 0 0 0 0 000000 1
80b 047 000 000 4 4 0 0 0 0 000000 1
80d 129 000 000 4 4 0 0 0 0 000000 1
80e 09a 000 000 4 4 0 0 0 0 000000 1
8ef 113 000 000 8 4 0 0 0 0 000000 1
8df 690 000 000 8 4 0 0 0 0 000000 1
8c7 c55 000 000 6 6 0 0 0 0 000000 1
8cb a5a 000 000 6 6 0 0 0 0 000000 1
8cd b34 000 000 6 6 0 0 0 0 000000 1
8ce a87 000 000 6 6 0 0 0 0 000000 1
8bf 461 000 000 8 4 0 0 0 0 000000 1
8a7 ea4 000 000 6 6 0 0 0 0 000000 1
8ab 8ab 000 000 6 6 0 0 0 0 000000 1
8ad 9c5 000 000 6 6 0 0 0 0 000000 1
8ae 876 000 000 6 6 0 0 0 0 000000 1
897 927 000 000 6 6 0 0 0 0 000000 1
89b f28 000 000 6 6 0 0 0 0 000000 1
89d e46 000 000 6 6 0 0 0 0 000000 1
89e ff5 000 000 6 a 0 0 0 0 000000 1
883 5ed 000 000 4 8 0 0 0 0 000000 1
885 483 000 000 4 4 0 0 0 0 000000 1
886 530 000 000 4 4 0 0 0 0 000000 1
889 28c 000 000 4 4 0 0 0 0 000000 1
88a 33f 000 000 4 8 0 0 0 0 000000 1
88c 251 000 000 4 4 0 0 0 0 000000 1
96f 720 000 000 8 4 0 0 0 0 000000 1
95f 0a3 000 000 8 4 0 0 0 0 000000 1
947 a66 000 000 6 6 0 0 0 0 000000 1
94b c69 000 000 6 6 0 0 0 0 000000 1
94d d07 000 000 6 6 0 0 0 0 000000 1
94e cb4 000 000 6 6 0 0 0 0 000000 1
93f 252 000 000 8 4 0 0 0 0 000000 1
927 897 000 000 6 6 0 0 0 0 000000 1
92b e98 000 000 6 6 0 0 0 0 000000 1
92d ff6 000 000 6 a 0 0 0 0 000000 1
92e e45 000 000 6 6 0 0 0 0 000000 1
917 f14 000 000 6 6 0 0 0 0 000000 1
91b 91b 000 000 6 6 0 0 0 0 000000 1
91d 875 000 000 6 6 0 0 0 0 000000 1
91e 9c6 000 000 6 6 0 0 0 0 000000 1
903 3de 000 000 4 8 0 0 0 0 000000 1
905 2b0 000 000 4 4 0 0 0 0 000000 1
906 303 000 000 4 4 0 0 0 0 000000 1
909 4bf 000 000 4 8 0 0 0 0 000000 1
90a 50c 000 000 4 4 0 0 0 0 000000 1
90c 462 000 000 4 4 0 0 0 0 000000 1
9ff 84f 000 000 a 6 0 0 0 0 000000 1
9e7 28a 000 000 8 4 0 0 0 0 000000 1
9eb 485 000 000 8 4 0 0 0 0 000000 1
9ed 5eb 000 000 8 8 0 0 0 0 000000 1
9ee 458 000 000 8 4 0 0 0 0 000000 1
9d7 509 000 000 8 4 0 0 0 0 000000 1
9db 306 000 000 8 4 0 0 0 0 000000 1
9dd 268 000 000 8 4 0 0 0 0 000000 1
9de 3db 000 000 8 8 0 0 0 0 000000 1
9c3 9c3 000 000 6 6 0 0 0 0 000000 1
9c5 8ad 000 000 6 6 0 0 0 0 000000 1
9c6 91e 000 000 6 6 0 0 0 0 000000 1
9c9 ea2 000 000 6 6 0 0 0 0 000000 1
9ca f11 000 000 6 6 0 0 0 0 000000 1
9cc e7f 000 000 6 a 0 0 0 0 000000 1
9b7 7f8 000 000 8 8 0 0 0 0 000000 1
9bb 1f7 000 000 8 8 0 0 0 0 000000 1
9bd 099 000 000 8 4 0 0 0 0 000000 1
9be 12a 000 000 8 4 0 0 0 0 000000 1
9a3 b32 000 000 6 6 0 0 0 0 000000 1
9a5 a5c 000 000 6 6 0 0 0 0 000000 1
9a6 bef 000 000 6 a 0 0 0 0 000000 1
9a9 c53 000 000 6 6 0 0 0 0 000000 1
9aa de0 000 000 6 6 0 0 0 0 000000 1
9ac c8e 000 000 6 6 0 0 0 0 000000 1
993 cb1 000 000 6 6 0 0 0 0 000000 1
995 ddf 000 000 6 a 0 0 0 0 000000 1
996 c6c 000 000 6 6 0 0 0 0 000000 1
999 bd0 000 000 6 6 0 0 0 0 000000 1
99a a63 000 000 6 6 0 0 0 0 000000 1
99c b0d 000 000 6 6 0 0 0 0 000000 1
981 115 000 000 4 4 0 0 0 0 000000 1
982 0a6 000 000 4 4 0 0 0 0 000000 1
984 1c8 000 000 4 4 0 0 0 0 000000 1
988 7c7 000 000 4 8 0 0 0 0 000000 1
183 780 000 000 4 4 0 0 0 0 000000 1
b9e 740 000 000 8 4 0 0 0 0 000000 1
96f 720 000 000 8 4 0 0 0 0 000000 1
eec 710 000 000 8 4 0 0 0 0 000000 1
429 708 000 000 4 4 0 0 0 0 000000 1
226 704 000 000 4 4 0 0 0 0 000000 1
348 702 000 000 4 4 0 0 0 0 000000 1
2fb 701 000 000 8 4 0 0 0 0 000000 1
452 e8f 000 000 4 8 0 0 0 0 000000 1
852 3e7 000 000 4 8 0 0 0 0 000000 1
e52 457 000 000 6 6 0 0 0 0 000000 1
d52 ce2 000 000 6 6 0 0 0 0 000000 1
cd2 ad1 000 000 6 6 0 0 0 0 000000 1
c12 0cc 000 000 4 4 0 0 0 0 000000 1
c72 23d 000 000 6 6 0 0 0 0 000000 1
c42 5be 000 000 4 8 0 0 0 0 000000 1
c5a f7b 000 000 6 a 0 0 0 0 000000 1
c56 974 000 000 6 6 0 0 0 0 000000 1
c50 81a 000 000 4 4 0 0 0 0 000000 1
c53 9a9 000 000 6 6 0 0 0 0 000000 1
dad 6c0 000 000 8 4 0 0 0 0 000000 1
f5c 6a0 000 000 8 4 0 0 0 0 000000 1
8df 690 000 000 8 4 0 0 0 0 000000 1
21a 688 000 000 4 4 0 0 0 0 000000 1
415 684 000 000 4 4 0 0 0 0 000000 1
57b 682 000 000 8 4 0 0 0 0 000000 1
4c8 681 000 000 4 4 0 0 0 0 000000 1
261 f0f 000 000 4 8 0 0 0 0 000000 1
e61 267 000 000 6 6 0 0 0 0 000000 1
861 5d7 000 000 4 8 0 0 0 0 000000 1
b61 d62 000 000 6 6 0 0 0 0 000000 1
ae1 b51 000 000 6 6 0 0 0 0 000000 1
a21 14c 000 000 4 4 0 0 0 0 000000 1
a41 3bd 000 000 4 8 0 0 0 0 000000 1
a71 43e 000 000 6 6 0 0 0 0 000000 1
a69 efb 000 000 6 a 0 0 0 0 000000 1
a65 8f4 000 000 6 6 0 0 0 0 000000 1
a63 99a 000 000 6 6 0 0 0 0 000000 1
a60 829 000 000 4 4 0 0 0 0 000000 1
541 660 000 000 4 4 0 0 0 0 000000 1
2c2 650 000 000 4 4 0 0 0 0 000000 1
807 648 000 000 4 4 0 0 0 0 000000 1
e08 644 000 000 4 4 0 0 0 0 000000 1
f66 642 000 000 8 4 0 0 0 0 000000 1
ed5 641 000 000 8 4 0 0 0 0 000000 1
87c fcf 000 000 6 a 0 0 0 0 000000 1
47c 2a7 000 000 6 6 0 0 0 0 000000 1
27c 517 000 000 6 6 0 0 0 0 000000 1
17c da2 000 000 6 6 0 0 0 0 000000 1
0fc b91 000 000 6 6 0 0 0 0 000000 1
03c 18c 000 000 4 4 0 0 0 0 000000 1
05c 37d 000 000 4 8 0 0 0 0 000000 1
06c 4fe 000 000 4 8 0 0 0 0 000000 1
074 e3b 000 000 4 8 0 0 0 0 000000 1
078 834 000 000 4 4 0 0 0 0 000000 1
07e 95a 000 000 6 6 0 0 0 0 000000 1
07d 8e9 000 000 6 6 0 0 0 0 000000 1
033 630 000 000 4 4 0 0 0 0 000000 1
af6 628 000 000 8 4 0 0 0 0 000000 1
cf9 624 000 000 8 4 0 0 0 0 000000 1
d97 622 000 000 8 4 0 0 0 0 000000 1
c24 621 000 000 4 4 0 0 0 0 000000 1
a8d faf 000 000 6 a 0 0 0 0 000000 1
68d 2c7 000 000 6 6 0 0 0 0 000000 1
08d 577 000 000 4 8 0 0 0 0 000000 1
38d dc2 000 000 6 6 0 0 0 0 000000 1
20d bf1 000 000 4 8 0 0 0 0 000000 1
2cd 1ec 000 000 6 6 0 0 0 0 000000 1
2ad 31d 000 000 6 6 0 0 0 0 000000 1
29d 49e 000 000 6 6 0 0 0 0 000000 1
285 e5b 000 000 4 8 0 0 0 0 000000 1
289 854 000 000 4 4 0 0 0 0 000000 1
28f 93a 000 000 6 6 0 0 0 0 000000 1
28c 889 000 000 4 4 0 0 0 0 000000 1
d75 618 000 000 8 4 0 0 0 0 000000 1
b7a 614 000 000 8 4 0 0 0 0 000000 1
a14 612 000 000 4 4 0 0 0 0 000000 1
ba7 611 000 000 8 4 0 0 0 0 000000 1
d0e f9f 000 000 6 a 0 0 0 0 000000 1
10e 2f7 000 000 4 8 0 0 0 0 000000 1
70e 547 000 000 6 6 0 0 0 0 000000 1
40e df2 000 000 4 8 0 0 0 0 000000 1
58e bc1 000 000 6 6 0 0 0 0 000000 1
54e 1dc 000 000 6 6 0 0 0 0 000000 1
52e 32d 000 000 6 6 0 0 0 0 000000 1
51e 4ae 000 000 6 6 0 0 0 0 000000 1
506 e6b 000 000 4 8 0 0 0 0 000000 1
50a 864 000 000 4 4 0 0 0 0 000000 1
50c 90a 000 000 4 4 0 0 0 0 000000 1
50f 8b9 000 000 6 6 0 0 0 0 000000 1
1bf 60c 000 000 8 4 0 0 0 0 000000 1
0d1 60a 000 000 4 4 0 0 0 0 000000 1
162 609 000 000 4 4 0 0 0 0 000000 1
7cb f87 000 000 8 8 0 0 0 0 000000 1
bcb 2ef 000 000 8 8 0 0 0 0 000000 1
dcb 55f 000 000 8 8 0 0 0 0 000000 1
ecb dea 000 000 8 8 0 0 0 0 000000 1
f4b bd9 000 000 8 8 0 0 0 0 000000 1
f8b 1c4 000 000 8 4 0 0 0 0 000000 1
feb 335 000 000 a 6 0 0 0 0 000000 1
fdb 4b6 000 000 a 6 0 0 0 0 000000 1
fc3 e73 000 000 8 8 0 0 0 0 000000 1
fcf 87c 000 000 a 6 0 0 0 0 000000 1
fc9 912 000 000 8 4 0 0 0 0 000000 1
fca 8a1 000 000 8 4 0 0 0 0 000000 1
6de 606 000 000 8 4 0 0 0 0 000000 1
76d 605 000 000 8 4 0 0 0 0 000000 1
1c4 f8b 000 000 4 8 0 0 0 0 000000 1
dc4 2e3 000 000 6 6 0 0 0 0 000000 1
bc4 553 000 000 6 6 0 0 0 0 000000 1
8c4 de6 000 000 4 8 0 0 0 0 000000 1
944 bd5 000 000 4 8 0 0 0 0 000000 1
984 1c8 000 000 4 4 0 0 0 0 000000 1
9e4 339 000 000 6 6 0 0 0 0 000000 1
9d4 4ba 000 000 6 6 0 0 0 0 000000 1
9cc e7f 000 000 6 a 0 0 0 0 000000 1
9c0 870 000 000 4 4 0 0 0 0 000000 1
9c6 91e 000 000 6 6 0 0 0 0 000000 1
9c5 8ad 000 000 6 6 0 0 0 0 000000 1
603 603 000 000 4 4 0 0 0 0 000000 1
0aa f8d 000 000 4 8 0 0 0 0 000000 1
caa 2e5 000 000 6 6 0 0 0 0 000000 1
aaa 555 000 000 6 6 0 0 0 0 000000 1
9aa de0 000 000 6 6 0 0 0 0 000000 1
82a bd3 000 000 4 8 0 0 0 0 000000 1
8ea 1ce 000 000 6 6 0 0 0 0 000000 1
88a 33f 000 000 4 8 0 0 0 0 000000 1
8ba 4bc 000 000 6 6 0 0 0 0 000000 1
8a2 e79 000 000 4 8 0 0 0 0 000000 1
8ae 876 000 000 6 6 0 0 0 0 000000 1
8a8 918 000 000 4 4 0 0 0 0 000000 1
8ab 8ab 000 000 6 6 0 0 0 0 000000 1
119 f8e 000 000 4 8 0 0 0 0 000000 1
d19 2e6 000 000 6 6 0 0 0 0 000000 1
b19 556 000 000 6 6 0 0 0 0 000000 1
819 de3 000 000 4 8 0 0 0 0 000000 1
999 bd0 000 000 6 6 0 0 0 0 000000 1
959 1cd 000 000 6 6 0 0 0 0 000000 1
939 33c 000 000 6 6 0 0 0 0 000000 1
909 4bf 000 000 4 8 0 0 0 0 000000 1
911 e7a 000 000 4 8 0 0 0 0 000000 1
91d 875 000 000 6 6 0 0 0 0 000000 1
91b 91b 000 000 6 6 0 0 0 0 000000 1
918 8a8 000 000 4 4 0 0 0 0 000000 1
bb0 b68 000 000 6 6 0 0 0 0 000000 1
db0 cd8 000 000 6 6 0 0 0 0 000000 1
eb0 46d 000 000 6 6 0 0 0 0 000000 1
f30 25e 000 000 6 6 0 0 0 0 000000 1
ff0 843 000 000 8 4 0 0 0 0 000000 1
f90 ab2 000 000 6 6 0 0 0 0 000000 1
fa0 d31 000 000 6 6 0 0 0 0 000000 1
fb8 7f4 000 000 8 8 0 0 0 0 000000 1
fb4 1fb 000 000 8 8 0 0 0 0 000000 1
fb2 095 000 000 8 4 0 0 0 0 000000 1
fb1 126 000 000 8 4 0 0 0 0 000000 1
1b0 1b0 000 000 4 4 0 0 0 0 000000 1
2b0 905 000 000 4 4 0 0 0 0 000000 1
330 f36 000 000 4 8 0 0 0 0 000000 1
3f0 52b 000 000 6 6 0 0 0 0 000000 1
390 7da 000 000 4 8 0 0 0 0 000000 1
3a0 059 000 000 4 4 0 0 0 0 000000 1
3b8 a9c 000 000 6 6 0 0 0 0 000000 1
3b4 c93 000 000 6 6 0 0 0 0 000000 1
3b2 dfd 000 000 6 a 0 0 0 0 000000 1
3b1 c4e 000 000 6 6 0 0 0 0 000000 1
4b0 eb5 000 000 4 8 0 0 0 0 000000 1
530 886 000 000 4 4 0 0 0 0 000000 1
5f0 29b 000 000 6 6 0 0 0 0 000000 1
590 06a 000 000 4 4 0 0 0 0 000000 1
5a0 7e9 000 000 4 8 0 0 0 0 000000 1
5b8 d2c 000 000 6 6 0 0 0 0 000000 1
5b4 b23 000 000 6 6 0 0 0 0 000000 1
5b2 a4d 000 000 6 6 0 0 0 0 000000 1
5b1 bfe 000 000 6 a 0 0 0 0 000000 1
630 033 000 000 4 4 0 0 0 0 000000 1
6f0 a2e 000 000 6 6 0 0 0 0 000000 1
690 8df 000 000 4 8 0 0 0 0 000000 1
6a0 f5c 000 000 4 8 0 0 0 0 000000 1
6b8 599 000 000 6 6 0 0 0 0 000000 1
6b4 396 000 000 6 6 0 0 0 0 000000 1
6b2 2f8 000 000 6 6 0 0 0 0 000000 1
6b1 34b 000 000 6 6 0 0 0 0 000000 1
770 c1d 000 000 6 6 0 0 0 0 000000 1
710 eec 000 000 4 8 0 0 0 0 000000 1
720 96f 000 000 4 8 0 0 0 0 000000 1
738 3aa 000 000 6 6 0 0 0 0 000000 1
734 5a5 000 000 6 6 0 0 0 0 000000 1
732 4cb 000 000 6 6 0 0 0 0 000000 1
731 578 000 000 6 6 0 0 0 0 000000 1
7d0 4f1 000 000 6 6 0 0 0 0 000000 1
7e0 372 000 000 6 6 0 0 0 0 000000 1
7f8 9b7 000 000 8 8 0 0 0 0 000000 1
7f4 fb8 000 000 8 8 0 0 0 0 000000 1
7f2 ed6 000 000 8 8 0 0 0 0 000000 1
7f1 f65 000 000 8 8 0 0 0 0 000000 1
780 183 000 000 4 4 0 0 0 0 000000 1
798 b46 000 000 6 6 0 0 0 0 000000 1
794 d49 000 000 6 6 0 0 0 0 000000 1
792 c27 000 000 6 6 0 0 0 0 000000 1
791 d94 000 000 6 6 0 0 0 0 000000 1
7a8 cc5 000 000 6 6 0 0 0 0 000000 1
7a4 aca 000 000 6 6 0 0 0 0 000000 1
7a2 ba4 000 000 6 6 0 0 0 0 000000 1
7a1 a17 000 000 6 6 0 0 0 0 000000 1
7bc 00f 000 000 8 4 0 0 0 0 000000 1
7ba 161 000 000 8 4 0 0 0 0 000000 1
7b9 0d2 000 000 8 4 0 0 0 0 000000 1
7b6 76e 000 000 8 8 0 0 0 0 000000 1
7b5 6dd 000 000 8 8 0 0 0 0 000000 1
7b3 7b3 000 000 8 8 0 0 0 0 000000 1
518 5c0 000 000 4 4 0 0 0 0 000000 1
7e9 5a0 000 000 8 4 0 0 0 0 000000 1
06a 590 000 000 4 4 0 0 0 0 000000 1
aaf 588 000 000 8 4 0 0 0 0 000000 1
ca0 584 000 000 4 4 0 0 0 0 000000 1
dce 582 000 000 8 4 0 0 0 0 000000 1
c7d 581 000 000 8 4 0 0 0 0 000000 1
ad4 c0f 000 000 6 6 0 0 0 0 000000 1
6d4 167 000 000 6 6 0 0 0 0 000000 1
0d4 6d7 000 000 4 8 0 0 0 0 000000 1
3d4 e62 000 000 6 6 0 0 0 0 000000 1
254 851 000 000 4 4 0 0 0 0 000000 1
294 24c 000 000 4 4 0 0 0 0 000000 1
2f4 0bd 000 000 6 6 0 0 0 0 000000 1
2c4 73e 000 000 4 8 0 0 0 0 000000 1
2dc dfb 000 000 6 a 0 0 0 0 000000 1
2d0 bf4 000 000 4 8 0 0 0 0 000000 1
2d6 a9a 000 000 6 6 0 0 0 0 000000 1
2d5 b29 000 000 6 6 0 0 0 0 000000 1
df4 560 000 000 8 4 0 0 0 0 000000 1
a77 550 000 000 8 4 0 0 0 0 000000 1
0b2 548 000 000 4 4 0 0 0 0 000000 1
6bd 544 000 000 8 4 0 0 0 0 000000 1
7d3 542 000 000 8 4 0 0 0 0 000000 1
660 541 000 000 4 4 0 0 0 0 000000 1
0c9 ccf 000 000 4 8 0 0 0 0 000000 1
cc9 1a7 000 000 6 6 0 0 0 0 000000 1
ac9 617 000 000 6 6 0 0 0 0 000000 1
9c9 ea2 000 000 6 6 0 0 0 0 000000 1
849 891 000 000 4 4 0 0 0 0 000000 1
889 28c 000 000 4 4 0 0 0 0 000000 1
8e9 07d 000 000 6 6 0 0 0 0 000000 1
8d9 7fe 000 000 6 a 0 0 0 0 000000 1
8c1 d3b 000 000 4 8 0 0 0 0 000000 1
8cd b34 000 000 6 6 0 0 0 0 000000 1
8cb a5a 000 000 6 6 0 0 0 0 000000 1
8c8 be9 000 000 4 8 0 0 0 0 000000 1
886 530 000 000 4 4 0 0 0 0 000000 1
243 528 000 000 4 4 0 0 0 0 000000 1
44c 524 000 000 4 4 0 0 0 0 000000 1
522 522 000 000 4 4 0 0 0 0 000000 1
491 521 000 000 4 4 0 0 0 0 000000 1
238 caf 000 000 4 8 0 0 0 0 000000 1
e38 1c7 000 000 6 6 0 0 0 0 000000 1
838 677 000 000 4 8 0 0 0 0 000000 1
b38 ec2 000 000 6 6 0 0 0 0 000000 1
ab8 8f1 000 000 6 6 0 0 0 0 000000 1
a78 2ec 000 000 6 6 0 0 0 0 000000 1
a18 01d 000 000 4 4 0 0 0 0 000000 1
a28 79e 000 000 4 8 0 0 0 0 000000 1
a30 d5b 000 000 4 8 0 0 0 0 000000 1
a3c b54 000 000 6 6 0 0 0 0 000000 1
a3a a3a 000 000 6 6 0 0 0 0 000000 1
a39 b89 000 000 6 6 0 0 0 0 000000 1
5c0 518 000 000 4 4 0 0 0 0 000000 1
3cf 514 000 000 8 4 0 0 0 0 000000 1
2a1 512 000 000 4 4 0 0 0 0 000000 1
312 511 000 000 4 4 0 0 0 0 000000 1
5bb c9f 000 000 8 8 0 0 0 0 000000 1
9bb 1f7 000 000 8 8 0 0 0 0 000000 1
fbb 647 000 000 a 6 0 0 0 0 000000 1
cbb ef2 000 000 8 8 0 0 0 0 000000 1
d3b 8c1 000 000 8 4 0 0 0 0 000000 1
dfb 2dc 000 000 a 6 0 0 0 0 000000 1
d9b 02d 000 000 8 4 0 0 0 0 000000 1
dab 7ae 000 000 8 8 0 0 0 0 000000 1
db3 d6b 000 000 8 8 0 0 0 0 000000 1
dbf b64 000 000 a 6 0 0 0 0 000000 1
db9 a0a 000 000 8 4 0 0 0 0 000000 1
dba bb9 000 000 8 8 0 0 0 0 000000 1
90a 50c 000 000 4 4 0 0 0 0 000000 1
864 50a 000 000 4 4 0 0 0 0 000000 1
9d7 509 000 000 8 4 0 0 0 0 000000 1
f7e c87 000 000 a 6 0 0 0 0 000000 1
37e 1ef 000 000 8 8 0 0 0 0 000000 1
57e 65f 000 000 8 8 0 0 0 0 000000 1
67e eea 000 000 8 8 0 0 0 0 000000 1
7fe 8d9 000 000 a 6 0 0 0 0 000000 1
73e 2c4 000 000 8 4 0 0 0 0 000000 1
75e 035 000 000 8 4 0 0 0 0 000000 1
76e 7b6 000 000 8 8 0 0 0 0 000000 1
776 d73 000 000 8 8 0 0 0 0 000000 1
77a b7c 000 000 8 8 0 0 0 0 000000 1
77c a12 000 000 8 4 0 0 0 0 000000 1
77f ba1 000 000 a 6 0 0 0 0 000000 1
e6b 506 000 000 8 4 0 0 0 0 000000 1
fd8 505 000 000 8 4 0 0 0 0 000000 1
971 c8b 000 000 6 6 0 0 0 0 000000 1
571 1e3 000 000 6 6 0 0 0 0 000000 1
371 653 000 000 6 6 0 0 0 0 000000 1
071 ee6 000 000 4 8 0 0 0 0 000000 1
1f1 8d5 000 000 6 6 0 0 0 0 000000 1
131 2c8 000 000 4 4 0 0 0 0 000000 1
151 039 000 000 4 4 0 0 0 0 000000 1
161 7ba 000 000 4 8 0 0 0 0 000000 1
179 d7f 000 000 6 a 0 0 0 0 000000 1
175 b70 000 000 6 6 0 0 0 0 000000 1
173 a1e 000 000 6 6 0 0 0 0 000000 1
170 bad 000 000 4 8 0 0 0 0 000000 1
eb6 503 000 000 8 4 0 0 0 0 000000 1
81f c8d 000 000 6 6 0 0 0 0 000000 1
41f 1e5 000 000 6 6 0 0 0 0 000000 1
21f 655 000 000 6 6 0 0 0 0 000000 1
11f ee0 000 000 6 6 0 0 0 0 000000 1
09f 8d3 000 000 6 6 0 0 0 0 000000 1
05f 2ce 000 000 6 6 0 0 0 0 000000 1
03f 03f 000 000 6 6 0 0 0 0 000000 1
00f 7bc 000 000 4 8 0 0 0 0 000000 1
017 d79 000 000 4 8 0 0 0 0 000000 1
01b b76 000 000 4 8 0 0 0 0 000000 1
01d a18 000 000 4 4 0 0 0 0 000000 1
01e bab 000 000 4 8 0 0 0 0 000000 1
9ac c8e 000 000 6 6 0 0 0 0 000000 1
5ac 1e6 000 000 6 6 0 0 0 0 000000 1
3ac 656 000 000 6 6 0 0 0 0 000000 1
0ac ee3 000 000 4 8 0 0 0 0 000000 1
12c 8d0 000 000 4 4 0 0 0 0 000000 1
1ec 2cd 000 000 6 6 0 0 0 0 000000 1
18c 03c 000 000 4 4 0 0 0 0 000000 1
1bc 7bf 000 000 6 a 0 0 0 0 000000 1
1a4 d7a 000 000 4 8 0 0 0 0 000000 1
1a8 b75 000 000 4 8 0 0 0 0 000000 1
1ae a1b 000 000 6 6 0 0 0 0 000000 1
1ad ba8 000 000 6 6 0 0 0 0 000000 1
305 868 000 000 4 4 0 0 0 0 000000 1
505 fd8 000 000 4 8 0 0 0 0 000000 1
605 76d 000 000 4 8 0 0 0 0 000000 1
785 15e 000 000 6 6 0 0 0 0 000000 1
745 b43 000 000 6 6 0 0 0 0 000000 1
725 9b2 000 000 6 6 0 0 0 0 000000 1
715 e31 000 000 6 6 0 0 0 0 000000 1
70d 4f4 000 000 6 6 0 0 0 0 000000 1
701 2fb 000 000 4 8 0 0 0 0 000000 1
707 395 000 000 6 6 0 0 0 0 000000 1
704 226 000 000 4 4 0 0 0 0 000000 1
905 2b0 000 000 4 4 0 0 0 0 000000 1
a05 a05 000 000 4 4 0 0 0 0 000000 1
b85 c36 000 000 6 6 0 0 0 0 000000 1
b45 62b 000 000 6 6 0 0 0 0 000000 1
b25 4da 000 000 6 6 0 0 0 0 000000 1
b15 359 000 000 6 6 0 0 0 0 000000 1
b0d 99c 000 000 6 6 0 0 0 0 000000 1
b01 f93 000 000 4 8 0 0 0 0 000000 1
b07 efd 000 000 6 a 0 0 0 0 000000 1
b04 f4e 000 000 4 8 0 0 0 0 000000 1
c05 db5 000 000 4 8 0 0 0 0 000000 1
d85 b86 000 000 6 6 0 0 0 0 000000 1
d45 19b 000 000 6 6 0 0 0 0 000000 1
d25 36a 000 000 6 6 0 0 0 0 000000 1
d15 4e9 000 000 6 6 0 0 0 0 000000 1
d0d e2c 000 000 6 6 0 0 0 0 000000 1
d01 823 000 000 4 4 0 0 0 0 000000 1
d07 94d 000 000 6 6 0 0 0 0 000000 1
d04 8fe 000 000 4 8 0 0 0 0 000000 1
e85 333 000 000 6 6 0 0 0 0 000000 1
e45 92e 000 000 6 6 0 0 0 0 000000 1
e25 bdf 000 000 6 a 0 0 0 0 000000 1
e15 c5c 000 000 6 6 0 0 0 0 000000 1
e0d 699 000 000 6 6 0 0 0 0 000000 1
e01 096 000 000 4 4 0 0 0 0 000000 1
e07 1f8 000 000 6 6 0 0 0 0 000000 1
e04 04b 000 000 4 4 0 0 0 0 000000 1
fc5 f1d 000 000 8 8 0 0 0 0 000000 1
fa5 dec 000 000 8 8 0 0 0 0 000000 1
f95 a6f 000 000 8 8 0 0 0 0 000000 1
f8d 0aa 000 000 8 4 0 0 0 0 000000 1
f81 6a5 000 000 6 6 0 0 0 0 000000 1
f87 7cb 000 000 8 8 0 0 0 0 000000 1
f84 678 000 000 6 6 0 0 0 0 000000 1
f65 7f1 000 000 8 8 0 0 0 0 000000 1
f55 072 000 000 8 4 0 0 0 0 000000 1
f4d ab7 000 000 8 8 0 0 0 0 000000 1
f41 cb8 000 000 6 6 0 0 0 0 000000 1
f47 dd6 000 000 8 8 0 0 0 0 000000 1
f44 c65 000 000 6 6 0 0 0 0 000000 1
f35 283 000 000 8 4 0 0 0 0 000000 1
f2d 846 000 000 8 4 0 0 0 0 000000 1
f21 e49 000 000 6 6 0 0 0 0 000000 1
f27 f27 000 000 8 8 0 0 0 0 000000 1
f24 e94 000 000 6 6 0 0 0 0 000000 1
f1d fc5 000 000 8 8 0 0 0 0 000000 1
f11 9ca 000 000 6 6 0 0 0 0 000000 1
f17 8a4 000 000 8 4 0 0 0 0 000000 1
f14 917 000 000 6 6 0 0 0 0 000000 1
f09 30f 000 000 6 6 0 0 0 0 000000 1
f0f 261 000 000 8 4 0 0 0 0 000000 1
f0c 3d2 000 000 6 6 0 0 0 0 000000 1
f03 46e 000 000 6 6 0 0 0 0 000000 1
f00 5dd 000 000 4 8 0 0 0 0 000000 1
f06 4b3 000 000 6 6 0 0 0 0 000000 1
bc7 4e0 000 000 8 4 0 0 0 0 000000 1
c44 4d0 000 000 4 4 0 0 0 0 000000 1
681 4c8 000 000 4 4 0 0 0 0 000000 1
08e 4c4 000 000 4 4 0 0 0 0 000000 1
1e0 4c2 000 000 4 4 0 0 0 0 000000 1
053 4c1 000 000 4 4 0 0 0 0 000000 1
6fa d4f 000 000 8 8 0 0 0 0 000000 1
afa 027 000 000 8 4 0 0 0 0 000000 1
cfa 797 000 000 8 8 0 0 0 0 000000 1
ffa f22 000 000 a 6 0 0 0 0 000000 1
e7a 911 000 000 8 4 0 0 0 0 000000 1
eba 30c 000 000 8 4 0 0 0 0 000000 1
eda 1fd 000 000 8 8 0 0 0 0 000000 1
eea 67e 000 000 8 8 0 0 0 0 000000 1
ef2 cbb 000 000 8 8 0 0 0 0 000000 1
efe ab4 000 000 a 6 0 0 0 0 000000 1
ef8 bda 000 000 8 8 0 0 0 0 000000 1
efb a69 000 000 a 6 0 0 0 0 000000 1
eb5 4b0 000 000 8 4 0 0 0 0 000000 1
470 4a8 000 000 4 4 0 0 0 0 000000 1
27f 4a4 000 000 8 4 0 0 0 0 000000 1
311 4a2 000 000 4 4 0 0 0 0 000000 1
2a2 4a1 000 000 4 4 0 0 0 0 000000 1
40b d2f 000 000 4 8 0 0 0 0 000000 1
80b 047 000 000 4 4 0 0 0 0 000000 1
e0b 7f7 000 000 6 a 0 0 0 0 000000 1
d0b f42 000 000 6 6 0 0 0 0 000000 1
c8b 971 000 000 6 6 0 0 0 0 000000 1
c4b 36c 000 000 6 6 0 0 0 0 000000 1
c2b 19d 000 000 6 6 0 0 0 0 000000 1
c1b 61e 000 000 6 6 0 0 0 0 000000 1
c03 cdb 000 000 4 8 0 0 0 0 000000 1
c0f ad4 000 000 6 6 0 0 0 0 000000 1
c09 bba 000 000 4 8 0 0 0 0 000000 1
c0a a09 000 000 4 4 0 0 0 0 000000 1
3f3 498 000 000 8 4 0 0 0 0 000000 1
5fc 494 000 000 8 4 0 0 0 0 000000 1
492 492 000 000 4 4 0 0 0 0 000000 1
521 491 000 000 4 4 0 0 0 0 000000 1
388 d1f 000 000 4 8 0 0 0 0 000000 1
f88 077 000 000 6 6 0 0 0 0 000000 1
988 7c7 000 000 4 8 0 0 0 0 000000 1
a88 f72 000 000 4 8 0 0 0 0 000000 1
b08 941 000 000 4 4 0 0 0 0 000000 1
bc8 35c 000 000 6 6 0 0 0 0 000000 1
ba8 1ad 000 000 6 6 0 0 0 0 000000 1
b98 62e 000 000 6 6 0 0 0 0 000000 1
b80 ceb 000 000 4 8 0 0 0 0 000000 1
b8c ae4 000 000 6 6 0 0 0 0 000000 1
b8a b8a 000 000 6 6 0 0 0 0 000000 1
b89 a39 000 000 6 6 0 0 0 0 000000 1
f39 48c 000 000 8 4 0 0 0 0 000000 1
e57 48a 000 000 8 4 0 0 0 0 000000 1
fe4 489 000 000 8 4 0 0 0 0 000000 1
94d d07 000 000 6 6 0 0 0 0 000000 1
54d 06f 000 000 6 6 0 0 0 0 000000 1
34d 7df 000 000 6 a 0 0 0 0 000000 1
04d f6a 000 000 4 8 0 0 0 0 000000 1
1cd 959 000 000 6 6 0 0 0 0 000000 1
10d 344 000 000 4 4 0 0 0 0 000000 1
16d 1b5 000 000 6 6 0 0 0 0 000000 1
15d 636 000 000 6 6 0 0 0 0 000000 1
145 cf3 000 000 4 8 0 0 0 0 000000 1
149 afc 000 000 4 8 0 0 0 0 000000 1
14f b92 000 000 6 6 0 0 0 0 000000 1
14c a21 000 000 4 4 0 0 0 0 000000 1
858 486 000 000 4 4 0 0 0 0 000000 1
9eb 485 000 000 8 4 0 0 0 0 000000 1
f42 d0b 000 000 6 6 0 0 0 0 000000 1
342 063 000 000 4 4 0 0 0 0 000000 1
542 7d3 000 000 4 8 0 0 0 0 000000 1
642 f66 000 000 4 8 0 0 0 0 000000 1
7c2 955 000 000 6 6 0 0 0 0 000000 1
702 348 000 000 4 4 0 0 0 0 000000 1
762 1b9 000 000 6 6 0 0 0 0 000000 1
752 63a 000 000 6 6 0 0 0 0 000000 1
74a cff 000 000 6 a 0 0 0 0 000000 1
746 af0 000 000 6 6 0 0 0 0 000000 1
740 b9e 000 000 4 8 0 0 0 0 000000 1
743 a2d 000 000 6 6 0 0 0 0 000000 1
885 483 000 000 4 4 0 0 0 0 000000 1
e2c d0d 000 000 6 6 0 0 0 0 000000 1
22c 065 000 000 4 4 0 0 0 0 000000 1
42c 7d5 000 000 4 8 0 0 0 0 000000 1
72c f60 000 000 6 6 0 0 0 0 000000 1
6ac 953 000 000 6 6 0 0 0 0 000000 1
66c 34e 000 000 6 6 0 0 0 0 000000 1
60c 1bf 000 000 4 8 0 0 0 0 000000 1
63c 63c 000 000 6 6 0 0 0 0 000000 1
624 cf9 000 000 4 8 0 0 0 0 000000 1
628 af6 000 000 4 8 0 0 0 0 000000 1
62e b98 000 000 6 6 0 0 0 0 000000 1
62d a2b 000 000 6 6 0 0 0 0 000000 1
f9f d0e 000 000 a 6 0 0 0 0 000000 1
39f 066 000 000 8 4 0 0 0 0 000000 1
59f 7d6 000 000 8 8 0 0 0 0 000000 1
69f f63 000 000 8 8 0 0 0 0 000000 1
71f 950 000 000 8 4 0 0 0 0 000000 1
7df 34d 000 000 a 6 0 0 0 0 000000 1
7bf 1bc 000 000 a 6 0 0 0 0 000000 1
78f 63f 000 000 8 8 0 0 0 0 000000 1
797 cfa 000 000 8 8 0 0 0 0 000000 1
79b af5 000 000 8 8 0 0 0 0 000000 1
79d b9b 000 000 8 8 0 0 0 0 000000 1
79e a28 000 000 8 4 0 0 0 0 000000 1
536 9e8 000 000 6 6 0 0 0 0 000000 1
336 e58 000 000 6 6 0 0 0 0 000000 1
036 6ed 000 000 4 8 0 0 0 0 000000 1
1b6 0de 000 000 6 6 0 0 0 0 000000 1
176 ac3 000 000 6 6 0 0 0 0 000000 1
116 832 000 000 4 4 0 0 0 0 000000 1
126 fb1 000 000 4 8 0 0 0 0 000000 1
13e 574 000 000 6 6 0 0 0 0 000000 1
132 37b 000 000 4 8 0 0 0 0 000000 1
134 215 000 000 4 4 0 0 0 0 000000 1
137 3a6 000 000 6 6 0 0 0 0 000000 1
f36 330 000 000 8 4 0 0 0 0 000000 1
c36 b85 000 000 6 6 0 0 0 0 000000 1
db6 db6 000 000 8 8 0 0 0 0 000000 1
d76 7ab 000 000 8 8 0 0 0 0 000000 1
d16 55a 000 000 6 6 0 0 0 0 000000 1
d26 2d9 000 000 6 6 0 0 0 0 000000 1
d3e 81c 000 000 8 4 0 0 0 0 000000 1
d32 e13 000 000 6 6 0 0 0 0 000000 1
d34 f7d 000 000 6 a 0 0 0 0 000000 1
d37 ece 000 000 8 8 0 0 0 0 000000 1
a36 c35 000 000 6 6 0 0 0 0 000000 1
bb6 a06 000 000 8 4 0 0 0 0 000000 1
b76 01b 000 000 8 4 0 0 0 0 000000 1
b16 2ea 000 000 6 6 0 0 0 0 000000 1
b26 569 000 000 6 6 0 0 0 0 000000 1
b3e fac 000 000 8 8 0 0 0 0 000000 1
b32 9a3 000 000 6 6 0 0 0 0 000000 1
b34 8cd 000 000 6 6 0 0 0 0 000000 1
b37 97e 000 000 8 8 0 0 0 0 000000 1
8b6 2b3 000 000 6 6 0 0 0 0 000000 1
876 8ae 000 000 6 6 0 0 0 0 000000 1
816 a5f 000 000 4 8 0 0 0 0 000000 1
826 ddc 000 000 4 8 0 0 0 0 000000 1
83e 719 000 000 6 6 0 0 0 0 000000 1
832 116 000 000 4 4 0 0 0 0 000000 1
834 078 000 000 4 4 0 0 0 0 000000 1
837 1cb 000 000 6 6 0 0 0 0 000000 1
9f6 e9d 000 000 8 8 0 0 0 0 000000 1
996 c6c 000 000 6 6 0 0 0 0 000000 1
9a6 bef 000 000 6 a 0 0 0 0 000000 1
9be 12a 000 000 8 4 0 0 0 0 000000 1
9b2 725 000 000 6 6 0 0 0 0 000000 1
9b4 64b 000 000 6 6 0 0 0 0 000000 1
9b7 7f8 000 000 8 8 0 0 0 0 000000 1
956 671 000 000 6 6 0 0 0 0 000000 1
966 1f2 000 000 6 6 0 0 0 0 000000 1
97e b37 000 000 8 8 0 0 0 0 000000 1
972 d38 000 000 6 6 0 0 0 0 000000 1
974 c56 000 000 6 6 0 0 0 0 000000 1
977 de5 000 000 8 8 0 0 0 0 000000 1
906 303 000 000 4 4 0 0 0 0 000000 1
91e 9c6 000 000 6 6 0 0 0 0 000000 1
912 fc9 000 000 4 8 0 0 0 0 000000 1
914 ea7 000 000 4 8 0 0 0 0 000000 1
917 f14 000 000 6 6 0 0 0 0 000000 1
92e e45 000 000 6 6 0 0 0 0 000000 1
922 84a 000 000 4 4 0 0 0 0 000000 1
924 924 000 000 4 4 0 0 0 0 000000 1
927 897 000 000 6 6 0 0 0 0 000000 1
93a 28f 000 000 6 6 0 0 0 0 000000 1
93c 3e1 000 000 6 6 0 0 0 0 000000 1
93f 252 000 000 8 4 0 0 0 0 000000 1
930 5ee 000 000 4 8 0 0 0 0 000000 1
933 45d 000 000 6 6 0 0 0 0 000000 1
935 533 000 000 6 6 0 0 0 0 000000 1
4a8 470 000 000 4 4 0 0 0 0 000000 1
e6d 468 000 000 8 4 0 0 0 0 000000 1
862 464 000 000 4 4 0 0 0 0 000000 1
90c 462 000 000 4 4 0 0 0 0 000000 1
8bf 461 000 000 8 4 0 0 0 0 000000 1
e16 def 000 000 6 a 0 0 0 0 000000 1
216 087 000 000 4 4 0 0 0 0 000000 1
416 737 000 000 4 8 0 0 0 0 000000 1
716 f82 000 000 6 6 0 0 0 0 000000 1
696 9b1 000 000 6 6 0 0 0 0 000000 1
656 3ac 000 000 6 6 0 0 0 0 000000 1
636 15d 000 000 6 6 0 0 0 0 000000 1
606 6de 000 000 4 8 0 0 0 0 000000 1
61e c1b 000 000 6 6 0 0 0 0 000000 1
612 a14 000 000 4 4 0 0 0 0 000000 1
614 b7a 000 000 4 8 0 0 0 0 000000 1
617 ac9 000 000 6 6 0 0 0 0 000000 1
9ee 458 000 000 8 4 0 0 0 0 000000 1
fe1 454 000 000 8 4 0 0 0 0 000000 1
e8f 452 000 000 8 4 0 0 0 0 000000 1
f3c 451 000 000 8 4 0 0 0 0 000000 1
995 ddf 000 000 6 a 0 0 0 0 000000 1
595 0b7 000 000 6 6 0 0 0 0 000000 1
395 707 000 000 6 6 0 0 0 0 000000 1
095 fb2 000 000 4 8 0 0 0 0 000000 1
115 981 000 000 4 4 0 0 0 0 000000 1
1d5 39c 000 000 6 6 0 0 0 0 000000 1
1b5 16d 000 000 6 6 0 0 0 0 000000 1
185 6ee 000 000 4 8 0 0 0 0 000000 1
19d c2b 000 000 6 6 0 0 0 0 000000 1
191 a24 000 000 4 4 0 0 0 0 000000 1
197 b4a 000 000 6 6 0 0 0 0 000000 1
194 af9 000 000 4 8 0 0 0 0 000000 1
524 44c 000 000 4 4 0 0 0 0 000000 1
44a 44a 000 000 4 4 0 0 0 0 000000 1
5f9 449 000 000 8 4 0 0 0 0 000000 1
350 dc7 000 000 4 8 0 0 0 0 000000 1
f50 0af 000 000 6 6 0 0 0 0 000000 1
950 71f 000 000 4 8 0 0 0 0 000000 1
a50 faa 000 000 4 8 0 0 0 0 000000 1
bd0 999 000 000 6 6 0 0 0 0 000000 1
b10 384 000 000 4 4 0 0 0 0 000000 1
b70 175 000 000 6 6 0 0 0 0 000000 1
b40 6f6 000 000 4 8 0 0 0 0 000000 1
b58 c33 000 000 6 6 0 0 0 0 000000 1
b54 a3c 000 000 6 6 0 0 0 0 000000 1
b52 b52 000 000 6 6 0 0 0 0 000000 1
b51 ae1 000 000 6 6 0 0 0 0 000000 1
245 446 000 000 4 4 0 0 0 0 000000 1
3f6 445 000 000 8 4 0 0 0 0 000000 1
55f dcb 000 000 8 8 0 0 0 0 000000 1
95f 0a3 000 000 8 4 0 0 0 0 000000 1
f5f 713 000 000 a 6 0 0 0 0 000000 1
c5f fa6 000 000 8 8 0 0 0 0 000000 1
ddf 995 000 000 a 6 0 0 0 0 000000 1
d1f 388 000 000 8 4 0 0 0 0 000000 1
d7f 179 000 000 a 6 0 0 0 0 000000 1
d4f 6fa 000 000 8 8 0 0 0 0 000000 1
d57 c3f 000 000 8 8 0 0 0 0 000000 1
d5b a30 000 000 8 4 0 0 0 0 000000 1
d5d b5e 000 000 8 8 0 0 0 0 000000 1
d5e aed 000 000 8 8 0 0 0 0 000000 1
298 443 000 000 4 4 0 0 0 0 000000 1
431 dcd 000 000 4 8 0 0 0 0 000000 1
831 0a5 000 000 4 4 0 0 0 0 000000 1
e31 715 000 000 6 6 0 0 0 0 000000 1
d31 fa0 000 000 6 6 0 0 0 0 000000 1
cb1 993 000 000 6 6 0 0 0 0 000000 1
c71 38e 000 000 6 6 0 0 0 0 000000 1
c11 17f 000 000 4 8 0 0 0 0 000000 1
c21 6fc 000 000 4 8 0 0 0 0 000000 1
c39 c39 000 000 6 6 0 0 0 0 000000 1
c35 a36 000 000 6 6 0 0 0 0 000000 1
c33 b58 000 000 6 6 0 0 0 0 000000 1
c30 aeb 000 000 4 8 0 0 0 0 000000 1
582 dce 000 000 4 8 0 0 0 0 000000 1
982 0a6 000 000 4 4 0 0 0 0 000000 1
f82 716 000 000 6 6 0 0 0 0 000000 1
c82 fa3 000 000 4 8 0 0 0 0 000000 1
d02 990 000 000 4 4 0 0 0 0 000000 1
dc2 38d 000 000 6 6 0 0 0 0 000000 1
da2 17c 000 000 6 6 0 0 0 0 000000 1
d92 6ff 000 000 6 a 0 0 0 0 000000 1
d8a c3a 000 000 6 6 0 0 0 0 000000 1
d86 a35 000 000 6 6 0 0 0 0 000000 1
d80 b5b 000 000 4 8 0 0 0 0 000000 1
d83 ae8 000 000 6 6 0 0 0 0 000000 1
f2b 928 000 000 8 4 0 0 0 0 000000 1
92b e98 000 000 6 6 0 0 0 0 000000 1
a2b 62d 000 000 6 6 0 0 0 0 000000 1
bab 01e 000 000 8 4 0 0 0 0 000000 1
b6b a03 000 000 8 4 0 0 0 0 000000 1
b0b 8f2 000 000 6 6 0 0 0 0 000000 1
b3b f71 000 000 8 8 0 0 0 0 000000 1
b23 5b4 000 000 6 6 0 0 0 0 000000 1
b2f 3bb 000 000 8 8 0 0 0 0 000000 1
b29 2d5 000 000 6 6 0 0 0 0 000000 1
b2a 366 000 000 6 6 0 0 0 0 000000 1
52b 3f0 000 000 6 6 0 0 0 0 000000 1
62b b45 000 000 6 6 0 0 0 0 000000 1
7ab d76 000 000 8 8 0 0 0 0 000000 1
76b 76b 000 000 8 8 0 0 0 0 000000 1
70b 59a 000 000 6 6 0 0 0 0 000000 1
73b 219 000 000 8 4 0 0 0 0 000000 1
723 8dc 000 000 6 6 0 0 0 0 000000 1
72f ed3 000 000 8 8 0 0 0 0 000000 1
729 fbd 000 000 6 a 0 0 0 0 000000 1
72a e0e 000 000 6 6 0 0 0 0 000000 1
02b cf5 000 000 4 8 0 0 0 0 000000 1
1ab ac6 000 000 6 6 0 0 0 0 000000 1
16b 0db 000 000 6 6 0 0 0 0 000000 1
10b 22a 000 000 4 4 0 0 0 0 000000 1
13b 5a9 000 000 6 6 0 0 0 0 000000 1
123 f6c 000 000 4 8 0 0 0 0 000000 1
12f 963 000 000 6 6 0 0 0 0 000000 1
129 80d 000 000 4 4 0 0 0 0 000000 1
12a 9be 000 000 4 8 0 0 0 0 000000 1
2ab 273 000 000 6 6 0 0 0 0 000000 1
26b 86e 000 000 6 6 0 0 0 0 000000 1
20b a9f 000 000 4 8 0 0 0 0 000000 1
23b d1c 000 000 6 6 0 0 0 0 000000 1
223 7d9 000 000 4 8 0 0 0 0 000000 1
22f 1d6 000 000 6 6 0 0 0 0 000000 1
229 0b8 000 000 4 4 0 0 0 0 000000 1
22a 10b 000 000 4 4 0 0 0 0 000000 1
3eb e5d 000 000 8 8 0 0 0 0 000000 1
38b cac 000 000 6 6 0 0 0 0 000000 1
3bb b2f 000 000 8 8 0 0 0 0 000000 1
3a3 1ea 000 000 6 6 0 0 0 0 000000 1
3af 7e5 000 000 8 8 0 0 0 0 000000 1
3a9 68b 000 000 6 6 0 0 0 0 000000 1
3aa 738 000 000 6 6 0 0 0 0 000000 1
34b 6b1 000 000 6 6 0 0 0 0 000000 1
37b 132 000 000 8 4 0 0 0 0 000000 1
363 bf7 000 000 6 a 0 0 0 0 000000 1
36f df8 000 000 8 8 0 0 0 0 000000 1
369 c96 000 000 6 6 0 0 0 0 000000 1
36a d25 000 000 6 6 0 0 0 0 000000 1
31b 3c3 000 000 6 6 0 0 0 0 000000 1
303 906 000 000 4 4 0 0 0 0 000000 1
30f f09 000 000 6 6 0 0 0 0 000000 1
309 e67 000 000 4 8 0 0 0 0 000000 1
30a fd4 000 000 4 8 0 0 0 0 000000 1
333 e85 000 000 6 6 0 0 0 0 000000 1
33f 88a 000 000 8 4 0 0 0 0 000000 1
339 9e4 000 000 6 6 0 0 0 0 000000 1
33a 857 000 000 6 6 0 0 0 0 000000 1
327 24f 000 000 6 6 0 0 0 0 000000 1
321 321 000 000 4 4 0 0 0 0 000000 1
322 292 000 000 4 4 0 0 0 0 000000 1
32d 52e 000 000 6 6 0 0 0 0 000000 1
32e 49d 000 000 6 6 0 0 0 0 000000 1
328 5f3 000 000 4 8 0 0 0 0 000000 1
b1f 438 000 000 8 4 0 0 0 0 000000 1
d10 434 000 000 4 4 0 0 0 0 000000 1
c7e 432 000 000 8 4 0 0 0 0 000000 1
dcd 431 000 000 8 4 0 0 0 0 000000 1
b64 dbf 000 000 6 a 0 0 0 0 000000 1
764 0d7 000 000 6 6 0 0 0 0 000000 1
164 767 000 000 4 8 0 0 0 0 000000 1
264 fd2 000 000 4 8 0 0 0 0 000000 1
3e4 9e1 000 000 6 6 0 0 0 0 000000 1
324 3fc 000 000 4 8 0 0 0 0 000000 1
344 10d 000 000 4 4 0 0 0 0 000000 1
374 68e 000 000 6 6 0 0 0 0 000000 1
36c c4b 000 000 6 6 0 0 0 0 000000 1
360 a44 000 000 4 4 0 0 0 0 000000 1
366 b2a 000 000 6 6 0 0 0 0 000000 1
365 a99 000 000 6 6 0 0 0 0 000000 1
7d5 42c 000 000 8 4 0 0 0 0 000000 1
6bb 42a 000 000 8 4 0 0 0 0 000000 1
708 429 000 000 4 4 0 0 0 0 000000 1
1a1 da7 000 000 4 8 0 0 0 0 000000 1
da1 0cf 000 000 6 6 0 0 0 0 000000 1
ba1 77f 000 000 6 a 0 0 0 0 000000 1
8a1 fca 000 000 4 8 0 0 0 0 000000 1
921 9f9 000 000 4 8 0 0 0 0 000000 1
9e1 3e4 000 000 6 6 0 0 0 0 000000 1
981 115 000 000 4 4 0 0 0 0 000000 1
9b1 696 000 000 6 6 0 0 0 0 000000 1
9a9 c53 000 000 6 6 0 0 0 0 000000 1
9a5 a5c 000 000 6 6 0 0 0 0 000000 1
9a3 b32 000 000 6 6 0 0 0 0 000000 1
9a0 a81 000 000 4 4 0 0 0 0 000000 1
0b4 426 000 000 4 4 0 0 0 0 000000 1
107 425 000 000 4 4 0 0 0 0 000000 1
7ae dab 000 000 8 8 0 0 0 0 000000 1
bae 0c3 000 000 8 4 0 0 0 0 000000 1
dae 773 000 000 8 8 0 0 0 0 000000 1
eae fc6 000 000 8 8 0 0 0 0 000000 1
f2e 9f5 000 000 8 8 0 0 0 0 000000 1
fee 3e8 000 000 a 6 0 0 0 0 000000 1
f8e 119 000 000 8 4 0 0 0 0 000000 1
fbe 69a 000 000 a 6 0 0 0 0 000000 1
fa6 c5f 000 000 8 8 0 0 0 0 000000 1
faa a50 000 000 8 4 0 0 0 0 000000 1
fac b3e 000 000 8 8 0 0 0 0 000000 1
faf a8d 000 000 a 6 0 0 0 0 000000 1
069 423 000 000 4 4 0 0 0 0 000000 1
6c0 dad 000 000 4 8 0 0 0 0 000000 1
ac0 0c5 000 000 4 4 0 0 0 0 000000 1
cc0 775 000 000 4 8 0 0 0 0 000000 1
fc0 fc0 000 000 6 6 0 0 0 0 000000 1
e40 9f3 000 000 4 8 0 0 0 0 000000 1
e80 3ee 000 000 4 8 0 0 0 0 000000 1
ee0 11f 000 000 6 6 0 0 0 0 000000 1
ed0 69c 000 000 6 6 0 0 0 0 000000 1
ec8 c59 000 000 6 6 0 0 0 0 000000 1
ec4 a56 000 000 6 6 0 0 0 0 000000 1
ec2 b38 000 000 6 6 0 0 0 0 000000 1
ec1 a8b 000 000 6 6 0 0 0 0 000000 1
773 dae 000 000 8 8 0 0 0 0 000000 1
b73 0c6 000 000 8 4 0 0 0 0 000000 1
d73 776 000 000 8 8 0 0 0 0 000000 1
e73 fc3 000 000 8 8 0 0 0 0 000000 1
ff3 9f0 000 000 a 6 0 0 0 0 000000 1
f33 3ed 000 000 8 8 0 0 0 0 000000 1
f53 11c 000 000 8 4 0 0 0 0 000000 1
f63 69f 000 000 8 8 0 0 0 0 000000 1
f7b c5a 000 000 a 6 0 0 0 0 000000 1
f77 a55 000 000 a 6 0 0 0 0 000000 1
f71 b3b 000 000 8 8 0 0 0 0 000000 1
f72 a88 000 000 8 4 0 0 0 0 000000 1
dda 948 000 000 8 4 0 0 0 0 000000 1
bda ef8 000 000 8 8 0 0 0 0 000000 1
8da 64d 000 000 6 6 0 0 0 0 000000 1
95a 07e 000 000 6 6 0 0 0 0 000000 1
99a a63 000 000 6 6 0 0 0 0 000000 1
9fa 892 000 000 8 4 0 0 0 0 000000 1
9ca f11 000 000 6 6 0 0 0 0 000000 1
9d2 5d4 000 000 6 6 0 0 0 0 000000 1
9de 3db 000 000 8 8 0 0 0 0 000000 1
9d8 2b5 000 000 6 6 0 0 0 0 000000 1
9db 306 000 000 8 4 0 0 0 0 000000 1
7da 390 000 000 8 4 0 0 0 0 000000 1
4da b25 000 000 6 6 0 0 0 0 000000 1
55a d16 000 000 6 6 0 0 0 0 000000 1
59a 70b 000 000 6 6 0 0 0 0 000000 1
5fa 5fa 000 000 8 8 0 0 0 0 000000 1
5ca 279 000 000 6 6 0 0 0 0 000000 1
5d2 8bc 000 000 6 6 0 0 0 0 000000 1
5de eb3 000 000 8 8 0 0 0 0 000000 1
5d8 fdd 000 000 6 a 0 0 0 0 000000 1
5db e6e 000 000 8 8 0 0 0 0 000000 1
2da c95 000 000 6 6 0 0 0 0 000000 1
35a aa6 000 000 6 6 0 0 0 0 000000 1
39a 0bb 000 000 6 6 0 0 0 0 000000 1
3fa 24a 000 000 8 4 0 0 0 0 000000 1
3ca 5c9 000 000 6 6 0 0 0 0 000000 1
3d2 f0c 000 000 6 6 0 0 0 0 000000 1
3de 903 000 000 8 4 0 0 0 0 000000 1
3d8 86d 000 000 6 6 0 0 0 0 000000 1
3db 9de 000 000 8 8 0 0 0 0 000000 1
05a 213 000 000 4 4 0 0 0 0 000000 1
09a 80e 000 000 4 4 0 0 0 0 000000 1
0fa aff 000 000 6 a 0 0 0 0 000000 1
0ca d7c 000 000 4 8 0 0 0 0 000000 1
0d2 7b9 000 000 4 8 0 0 0 0 000000 1
0de 1b6 000 000 6 6 0 0 0 0 000000 1
0d8 0d8 000 000 4 4 0 0 0 0 000000 1
0db 16b 000 000 6 6 0 0 0 0 000000 1
11a e3d 000 000 4 8 0 0 0 0 000000 1
17a ccc 000 000 6 6 0 0 0 0 000000 1
14a b4f 000 000 4 8 0 0 0 0 000000 1
152 18a 000 000 4 4 0 0 0 0 000000 1
15e 785 000 000 6 6 0 0 0 0 000000 1
158 6eb 000 000 4 8 0 0 0 0 000000 1
15b 758 000 000 6 6 0 0 0 0 000000 1
1ba 6d1 000 000 6 6 0 0 0 0 000000 1
18a 152 000 000 4 4 0 0 0 0 000000 1
192 b97 000 000 4 8 0 0 0 0 000000 1
19e d98 000 000 6 6 0 0 0 0 000000 1
198 cf6 000 000 4 8 0 0 0 0 000000 1
19b d45 000 000 6 6 0 0 0 0 000000 1
1ea 3a3 000 000 6 6 0 0 0 0 000000 1
1f2 966 000 000 6 6 0 0 0 0 000000 1
1fe f69 000 000 8 8 0 0 0 0 000000 1
1f8 e07 000 000 6 6 0 0 0 0 000000 1
1fb fb4 000 000 8 8 0 0 0 0 000000 1
1c2 ee5 000 000 4 8 0 0 0 0 000000 1
1ce 8ea 000 000 6 6 0 0 0 0 000000 1
1c8 984 000 000 4 4 0 0 0 0 000000 1
1cb 837 000 000 6 6 0 0 0 0 000000 1
1d6 22f 000 000 6 6 0 0 0 0 000000 1
1d0 341 000 000 4 4 0 0 0 0 000000 1
1d3 2f2 000 000 6 6 0 0 0 0 000000 1
1dc 54e 000 000 6 6 0 0 0 0 000000 1
1df 4fd 000 000 8 8 0 0 0 0 000000 1
1d9 593 000 000 6 6 0 0 0 0 000000 1
056 41c 000 000 4 4 0 0 0 0 000000 1
138 41a 000 000 4 4 0 0 0 0 000000 1
08b 419 000 000 4 4 0 0 0 0 000000 1
622 d97 000 000 4 8 0 0 0 0 000000 1
a22 0ff 000 000 4 8 0 0 0 0 000000 1
c22 74f 000 000 4 8 0 0 0 0 000000 1
f22 ffa 000 000 6 a 0 0 0 0 000000 1
ea2 9c9 000 000 6 6 0 0 0 0 000000 1
e62 3d4 000 000 6 6 0 0 0 0 000000 1
e02 125 000 000 4 4 0 0 0 0 000000 1
e32 6a6 000 000 6 6 0 0 0 0 000000 1
e2a c63 000 000 6 6 0 0 0 0 000000 1
e26 a6c 000 000 6 6 0 0 0 0 000000 1
e20 b02 000 000 4 4 0 0 0 0 000000 1
e23 ab1 000 000 6 6 0 0 0 0 000000 1
737 416 000 000 8 4 0 0 0 0 000000 1
684 415 000 000 4 4 0 0 0 0 000000 1
02d d9b 000 000 4 8 0 0 0 0 000000 1
c2d 0f3 000 000 6 6 0 0 0 0 000000 1
a2d 743 000 000 6 6 0 0 0 0 000000 1
92d ff6 000 000 6 a 0 0 0 0 000000 1
8ad 9c5 000 000 6 6 0 0 0 0 000000 1
86d 3d8 000 000 6 6 0 0 0 0 000000 1
80d 129 000 000 4 4 0 0 0 0 000000 1
83d 6aa 000 000 6 6 0 0 0 0 000000 1
825 c6f 000 000 4 8 0 0 0 0 000000 1
829 a60 000 000 4 4 0 0 0 0 000000 1
82f b0e 000 000 6 6 0 0 0 0 000000 1
82c abd 000 000 4 8 0 0 0 0 000000 1
7ea 413 000 000 8 4 0 0 0 0 000000 1
143 d9d 000 000 4 8 0 0 0 0 000000 1
d43 0f5 000 000 6 6 0 0 0 0 000000 1
b43 745 000 000 6 6 0 0 0 0 000000 1
843 ff0 000 000 4 8 0 0 0 0 000000 1
9c3 9c3 000 000 6 6 0 0 0 0 000000 1
903 3de 000 000 4 8 0 0 0 0 000000 1
963 12f 000 000 6 6 0 0 0 0 000000 1
953 6ac 000 000 6 6 0 0 0 0 000000 1
94b c69 000 000 6 6 0 0 0 0 000000 1
947 a66 000 000 6 6 0 0 0 0 000000 1
941 b08 000 000 4 4 0 0 0 0 000000 1
942 abb 000 000 4 8 0 0 0 0 000000 1
0f0 d9e 000 000 4 8 0 0 0 0 000000 1
cf0 0f6 000 000 6 6 0 0 0 0 000000 1
af0 746 000 000 6 6 0 0 0 0 000000 1
9f0 ff3 000 000 6 a 0 0 0 0 000000 1
870 9c0 000 000 4 4 0 0 0 0 000000 1
8b0 3dd 000 000 4 8 0 0 0 0 000000 1
8d0 12c 000 000 4 4 0 0 0 0 000000 1
8e0 6af 000 000 4 8 0 0 0 0 000000 1
8f8 c6a 000 000 6 6 0 0 0 0 000000 1
8f4 a65 000 000 6 6 0 0 0 0 000000 1
8f2 b0b 000 000 6 6 0 0 0 0 000000 1
8f1 ab8 000 000 6 6 0 0 0 0 000000 1
a59 978 000 000 6 6 0 0 0 0 000000 1
c59 ec8 000 000 6 6 0 0 0 0 000000 1
f59 67d 000 000 8 8 0 0 0 0 000000 1
ed9 04e 000 000 8 4 0 0 0 0 000000 1
e19 a53 000 000 6 6 0 0 0 0 000000 1
e79 8a2 000 000 8 4 0 0 0 0 000000 1
e49 f21 000 000 6 6 0 0 0 0 000000 1
e51 5e4 000 000 6 6 0 0 0 0 000000 1
e5d 3eb 000 000 8 8 0 0 0 0 000000 1
e5b 285 000 000 8 4 0 0 0 0 000000 1
e58 336 000 000 6 6 0 0 0 0 000000 1
059 3a0 000 000 4 4 0 0 0 0 000000 1
359 b15 000 000 6 6 0 0 0 0 000000 1
2d9 d26 000 000 6 6 0 0 0 0 000000 1
219 73b 000 000 4 8 0 0 0 0 000000 1
279 5ca 000 000 6 6 0 0 0 0 000000 1
249 249 000 000 4 4 0 0 0 0 000000 1
251 88c 000 000 4 4 0 0 0 0 000000 1
25d e83 000 000 6 6 0 0 0 0 000000 1
25b fed 000 000 6 a 0 0 0 0 000000 1
258 e5e 000 000 4 8 0 0 0 0 000000 1
559 ca5 000 000 6 6 0 0 0 0 000000 1
4d9 a96 000 000 6 6 0 0 0 0 000000 1
419 08b 000 000 4 4 0 0 0 0 000000 1
479 27a 000 000 6 6 0 0 0 0 000000 1
449 5f9 000 000 4 8 0 0 0 0 000000 1
451 f3c 000 000 4 8 0 0 0 0 000000 1
45d 933 000 000 6 6 0 0 0 0 000000 1
45b 85d 000 000 6 6 0 0 0 0 000000 1
458 9ee 000 000 4 8 0 0 0 0 000000 1
7d9 223 000 000 8 4 0 0 0 0 000000 1
719 83e 000 000 6 6 0 0 0 0 000000 1
779 acf 000 000 8 8 0 0 0 0 000000 1
749 d4c 000 000 6 6 0 0 0 0 000000 1
751 789 000 000 6 6 0 0 0 0 000000 1
75d 186 000 000 8 4 0 0 0 0 000000 1
75b 0e8 000 000 8 4 0 0 0 0 000000 1
758 15b 000 000 6 6 0 0 0 0 000000 1
699 e0d 000 000 6 6 0 0 0 0 000000 1
6f9 cfc 000 000 8 8 0 0 0 0 000000 1
6c9 b7f 000 000 6 a 0 0 0 0 000000 1
6d1 1ba 000 000 6 6 0 0 0 0 000000 1
6dd 7b5 000 000 8 8 0 0 0 0 000000 1
6db 6db 000 000 8 8 0 0 0 0 000000 1
6d8 768 000 000 6 6 0 0 0 0 000000 1
639 6e1 000 000 6 6 0 0 0 0 000000 1
609 162 000 000 4 4 0 0 0 0 000000 1
611 ba7 000 000 4 8 0 0 0 0 000000 1
61d da8 000 000 6 6 0 0 0 0 000000 1
61b cc6 000 000 6 6 0 0 0 0 000000 1
618 d75 000 000 4 8 0 0 0 0 000000 1
669 393 000 000 6 6 0 0 0 0 000000 1
671 956 000 000 6 6 0 0 0 0 000000 1
67d f59 000 000 8 8 0 0 0 0 000000 1
67b e37 000 000 8 8 0 0 0 0 000000 1
678 f84 000 000 6 6 0 0 0 0 000000 1
641 ed5 000 000 4 8 0 0 0 0 000000 1
64d 8da 000 000 6 6 0 0 0 0 000000 1
64b 9b4 000 000 6 6 0 0 0 0 000000 1
648 807 000 000 4 4 0 0 0 0 000000 1
655 21f 000 000 6 6 0 0 0 0 000000 1
653 371 000 000 6 6 0 0 0 0 000000 1
650 2c2 000 000 4 4 0 0 0 0 000000 1
65f 57e 000 000 8 8 0 0 0 0 000000 1
65c 4cd 000 000 6 6 0 0 0 0 000000 1
65a 5a3 000 000 6 6 0 0 0 0 000000 1
df2 40e 000 000 8 4 0 0 0 0 000000 1
c41 40d 000 000 4 4 0 0 0 0 000000 1
ae8 d83 000 000 6 6 0 0 0 0 000000 1
6e8 0eb 000 000 6 6 0 0 0 0 000000 1
0e8 75b 000 000 4 8 0 0 0 0 000000 1
3e8 fee 000 000 6 a 0 0 0 0 000000 1
268 9dd 000 000 4 8 0 0 0 0 000000 1
2a8 3c0 000 000 4 4 0 0 0 0 000000 1
2c8 131 000 000 4 4 0 0 0 0 000000 1
2f8 6b2 000 000 6 6 0 0 0 0 000000 1
2e0 c77 000 000 4 8 0 0 0 0 000000 1
2ec a78 000 000 6 6 0 0 0 0 000000 1
2ea b16 000 000 6 6 0 0 0 0 000000 1
2e9 aa5 000 000 6 6 0 0 0 0 000000 1
d2f 40b 000 000 8 4 0 0 0 0 000000 1
b86 d85 000 000 6 6 0 0 0 0 000000 1
786 0ed 000 000 6 6 0 0 0 0 000000 1
186 75d 000 000 4 8 0 0 0 0 000000 1
286 fe8 000 000 4 8 0 0 0 0 000000 1
306 9db 000 000 4 8 0 0 0 0 000000 1
3c6 3c6 000 000 6 6 0 0 0 0 000000 1
3a6 137 000 000 6 6 0 0 0 0 000000 1
396 6b4 000 000 6 6 0 0 0 0 000000 1
38e c71 000 000 6 6 0 0 0 0 000000 1
382 a7e 000 000 4 8 0 0 0 0 000000 1
384 b10 000 000 4 4 0 0 0 0 000000 1
387 aa3 000 000 6 6 0 0 0 0 000000 1
a35 d86 000 000 6 6 0 0 0 0 000000 1
635 0ee 000 000 6 6 0 0 0 0 000000 1
035 75e 000 000 4 8 0 0 0 0 000000 1
335 feb 000 000 6 a 0 0 0 0 000000 1
2b5 9d8 000 000 6 6 0 0 0 0 000000 1
275 3c5 000 000 6 6 0 0 0 0 000000 1
215 134 000 000 4 4 0 0 0 0 000000 1
225 6b7 000 000 4 8 0 0 0 0 000000 1
23d c72 000 000 6 6 0 0 0 0 000000 1
231 a7d 000 000 4 8 0 0 0 0 000000 1
237 b13 000 000 6 6 0 0 0 0 000000 1
234 aa0 000 000 4 4 0 0 0 0 000000 1
09c 960 000 000 4 4 0 0 0 0 000000 1
69c ed0 000 000 6 6 0 0 0 0 000000 1
59c 665 000 000 6 6 0 0 0 0 000000 1
41c 056 000 000 4 4 0 0 0 0 000000 1
4dc a4b 000 000 6 6 0 0 0 0 000000 1
4bc 8ba 000 000 6 6 0 0 0 0 000000 1
48c f39 000 000 4 8 0 0 0 0 000000 1
494 5fc 000 000 4 8 0 0 0 0 000000 1
498 3f3 000 000 4 8 0 0 0 0 000000 1
49e 29d 000 000 6 6 0 0 0 0 000000 1
49d 32e 000 000 6 6 0 0 0 0 000000 1
a9c 3b8 000 000 6 6 0 0 0 0 000000 1
99c b0d 000 000 6 6 0 0 0 0 000000 1
81c d3e 000 000 4 8 0 0 0 0 000000 1
8dc 723 000 000 6 6 0 0 0 0 000000 1
8bc 5d2 000 000 6 6 0 0 0 0 000000 1
88c 251 000 000 4 4 0 0 0 0 000000 1
894 894 000 000 4 4 0 0 0 0 000000 1
898 e9b 000 000 4 8 0 0 0 0 000000 1
89e ff5 000 000 6 a 0 0 0 0 000000 1
89d e46 000 000 6 6 0 0 0 0 000000 1
f9c cbd 000 000 8 8 0 0 0 0 000000 1
e1c a8e 000 000 6 6 0 0 0 0 000000 1
edc 093 000 000 8 4 0 0 0 0 000000 1
ebc 262 000 000 8 4 0 0 0 0 000000 1
e8c 5e1 000 000 6 6 0 0 0 0 000000 1
e94 f24 000 000 6 6 0 0 0 0 000000 1
e98 92b 000 000 6 6 0 0 0 0 000000 1
e9e 845 000 000 8 4 0 0 0 0 000000 1
e9d 9f6 000 000 8 8 0 0 0 0 000000 1
d1c 23b 000 000 6 6 0 0 0 0 000000 1
ddc 826 000 000 8 4 0 0 0 0 000000 1
dbc ad7 000 000 8 8 0 0 0 0 000000 1
d8c d54 000 000 6 6 0 0 0 0 000000 1
d94 791 000 000 6 6 0 0 0 0 000000 1
d98 19e 000 000 6 6 0 0 0 0 000000 1
d9e 0f0 000 000 8 4 0 0 0 0 000000 1
d9d 143 000 000 8 4 0 0 0 0 000000 1
c5c e15 000 000 6 6 0 0 0 0 000000 1
c3c ce4 000 000 6 6 0 0 0 0 000000 1
c0c b67 000 000 4 8 0 0 0 0 000000 1
c14 1a2 000 000 4 4 0 0 0 0 000000 1
c18 7ad 000 000 4 8 0 0 0 0 000000 1
c1e 6c3 000 000 6 6 0 0 0 0 000000 1
c1d 770 000 000 6 6 0 0 0 0 000000 1
cfc 6f9 000 000 8 8 0 0 0 0 000000 1
ccc 17a 000 000 6 6 0 0 0 0 000000 1
cd4 bbf 000 000 6 a 0 0 0 0 000000 1
cd8 db0 000 000 6 6 0 0 0 0 000000 1
cde cde 000 000 8 8 0 0 0 0 000000 1
cdd d6d 000 000 8 8 0 0 0 0 000000 1
cac 38b 000 000 6 6 0 0 0 0 000000 1
cb4 94e 000 000 6 6 0 0 0 0 000000 1
cb8 f41 000 000 6 6 0 0 0 0 000000 1
cbe e2f 000 000 8 8 0 0 0 0 000000 1
cbd f9c 000 000 8 8 0 0 0 0 000000 1
c84 ecd 000 000 4 8 0 0 0 0 000000 1
c88 8c2 000 000 4 4 0 0 0 0 000000 1
c8e 9ac 000 000 6 6 0 0 0 0 000000 1
c8d 81f 000 000 6 6 0 0 0 0 000000 1
c90 207 000 000 4 4 0 0 0 0 000000 1
c96 369 000 000 6 6 0 0 0 0 000000 1
c95 2da 000 000 6 6 0 0 0 0 000000 1
c9a 566 000 000 6 6 0 0 0 0 000000 1
c99 4d5 000 000 6 6 0 0 0 0 000000 1
c9f 5bb 000 000 8 8 0 0 0 0 000000 1
b20 407 000 000 4 4 0 0 0 0 000000 1
d89 d89 000 000 6 6 0 0 0 0 000000 1
189 0e1 000 000 4 4 0 0 0 0 000000 1
789 751 000 000 6 6 0 0 0 0 000000 1
489 fe4 000 000 4 8 0 0 0 0 000000 1
509 9d7 000 000 4 8 0 0 0 0 000000 1
5c9 3ca 000 000 6 6 0 0 0 0 000000 1
5a9 13b 000 000 6 6 0 0 0 0 000000 1
599 6b8 000 000 6 6 0 0 0 0 000000 1
581 c7d 000 000 4 8 0 0 0 0 000000 1
58d a72 000 000 6 6 0 0 0 0 000000 1
58b b1c 000 000 6 6 0 0 0 0 000000 1
588 aaf 000 000 4 8 0 0 0 0 000000 1
c3a d8a 000 000 6 6 0 0 0 0 000000 1
03a 0e2 000 000 4 4 0 0 0 0 000000 1
63a 752 000 000 6 6 0 0 0 0 000000 1
53a fe7 000 000 6 a 0 0 0 0 000000 1
4ba 9d4 000 000 6 6 0 0 0 0 000000 1
47a 3c9 000 000 6 6 0 0 0 0 000000 1
41a 138 000 000 4 4 0 0 0 0 000000 1
42a 6bb 000 000 4 8 0 0 0 0 000000 1
432 c7e 000 000 4 8 0 0 0 0 000000 1
43e a71 000 000 6 6 0 0 0 0 000000 1
438 b1f 000 000 4 8 0 0 0 0 000000 1
43b aac 000 000 6 6 0 0 0 0 000000 1
693 96c 000 000 6 6 0 0 0 0 000000 1
093 edc 000 000 4 8 0 0 0 0 000000 1
393 669 000 000 6 6 0 0 0 0 000000 1
213 05a 000 000 4 4 0 0 0 0 000000 1
2d3 a47 000 000 6 6 0 0 0 0 000000 1
2b3 8b6 000 000 6 6 0 0 0 0 000000 1
283 f35 000 000 4 8 0 0 0 0 000000 1
29b 5f0 000 000 6 6 0 0 0 0 000000 1
297 3ff 000 000 6 a 0 0 0 0 000000 1
291 291 000 000 4 4 0 0 0 0 000000 1
292 322 000 000 4 4 0 0 0 0 000000 1
c93 3b4 000 000 6 6 0 0 0 0 000000 1
f93 b01 000 000 8 4 0 0 0 0 000000 1
e13 d32 000 000 6 6 0 0 0 0 000000 1
ed3 72f 000 000 8 8 0 0 0 0 000000 1
eb3 5de 000 000 8 8 0 0 0 0 000000 1
e83 25d 000 000 6 6 0 0 0 0 000000 1
e9b 898 000 000 8 4 0 0 0 0 000000 1
e97 e97 000 000 8 8 0 0 0 0 000000 1
e91 ff9 000 000 6 a 0 0 0 0 000000 1
e92 e4a 000 000 6 6 0 0 0 0 000000 1
993 cb1 000 000 6 6 0 0 0 0 000000 1
813 a82 000 000 4 4 0 0 0 0 000000 1
8d3 09f 000 000 6 6 0 0 0 0 000000 1
8b3 26e 000 000 6 6 0 0 0 0 000000 1
883 5ed 000 000 4 8 0 0 0 0 000000 1
89b f28 000 000 6 6 0 0 0 0 000000 1
897 927 000 000 6 6 0 0 0 0 000000 1
891 849 000 000 4 4 0 0 0 0 000000 1
892 9fa 000 000 4 8 0 0 0 0 000000 1
b13 237 000 000 6 6 0 0 0 0 000000 1
bd3 82a 000 000 8 4 0 0 0 0 000000 1
bb3 adb 000 000 8 8 0 0 0 0 000000 1
b83 d58 000 000 6 6 0 0 0 0 000000 1
b9b 79d 000 000 8 8 0 0 0 0 000000 1
b97 192 000 000 8 4 0 0 0 0 000000 1
b91 0fc 000 000 6 6 0 0 0 0 000000 1
b92 14f 000 000 6 6 0 0 0 0 000000 1
a53 e19 000 000 6 6 0 0 0 0 000000 1
a33 ce8 000 000 6 6 0 0 0 0 000000 1
a03 b6b 000 000 4 8 0 0 0 0 000000 1
a1b 1ae 000 000 6 6 0 0 0 0 000000 1
a17 7a1 000 000 6 6 0 0 0 0 000000 1
a11 6cf 000 000 4 8 0 0 0 0 000000 1
a12 77c 000 000 4 8 0 0 0 0 000000 1
af3 6f5 000 000 8 8 0 0 0 0 000000 1
ac3 176 000 000 6 6 0 0 0 0 000000 1
adb bb3 000 000 8 8 0 0 0 0 000000 1
ad7 dbc 000 000 8 8 0 0 0 0 000000 1
ad1 cd2 000 000 6 6 0 0 0 0 000000 1
ad2 d61 000 000 6 6 0 0 0 0 000000 1
aa3 387 000 000 6 6 0 0 0 0 000000 1
abb 942 000 000 8 4 0 0 0 0 000000 1
ab7 f4d 000 000 8 8 0 0 0 0 000000 1
ab1 e23 000 000 6 6 0 0 0 0 000000 1
ab2 f90 000 000 6 6 0 0 0 0 000000 1
a8b ec1 000 000 6 6 0 0 0 0 000000 1
a87 8ce 000 000 6 6 0 0 0 0 000000 1
a81 9a0 000 000 4 4 0 0 0 0 000000 1
a82 813 000 000 4 4 0 0 0 0 000000 1
a9f 20b 000 000 8 4 0 0 0 0 000000 1
a99 365 000 000 6 6 0 0 0 0 000000 1
a9a 2d6 000 000 6 6 0 0 0 0 000000 1
a95 56a 000 000 6 6 0 0 0 0 000000 1
a96 4d9 000 000 6 6 0 0 0 0 000000 1
a90 5b7 000 000 4 8 0 0 0 0 000000 1
d54 d8c 000 000 6 6 0 0 0 0 000000 1
154 0e4 000 000 4 4 0 0 0 0 000000 1
754 754 000 000 6 6 0 0 0 0 000000 1
454 fe1 000 000 4 8 0 0 0 0 000000 1
5d4 9d2 000 000 6 6 0 0 0 0 000000 1
514 3cf 000 000 4 8 0 0 0 0 000000 1
574 13e 000 000 6 6 0 0 0 0 000000 1
544 6bd 000 000 4 8 0 0 0 0 000000 1
55c c78 000 000 6 6 0 0 0 0 000000 1
550 a77 000 000 4 8 0 0 0 0 000000 1
556 b19 000 000 6 6 0 0 0 0 000000 1
555 aaa 000 000 6 6 0 0 0 0 000000 1
7fd 96a 000 000 a 6 0 0 0 0 000000 1
1fd eda 000 000 8 8 0 0 0 0 000000 1
2fd 66f 000 000 8 8 0 0 0 0 000000 1
37d 05c 000 000 8 4 0 0 0 0 000000 1
3bd a41 000 000 8 4 0 0 0 0 000000 1
3dd 8b0 000 000 8 4 0 0 0 0 000000 1
3ed f33 000 000 8 8 0 0 0 0 000000 1
3f5 5f6 000 000 8 8 0 0 0 0 000000 1
3f9 3f9 000 000 8 8 0 0 0 0 000000 1
3ff 297 000 000 a 6 0 0 0 0 000000 1
3fc 324 000 000 8 4 0 0 0 0 000000 1
dfd 3b2 000 000 a 6 0 0 0 0 000000 1
efd b07 000 000 a 6 0 0 0 0 000000 1
f7d d34 000 000 a 6 0 0 0 0 000000 1
fbd 729 000 000 a 6 0 0 0 0 000000 1
fdd 5d8 000 000 a 6 0 0 0 0 000000 1
fed 25b 000 000 a 6 0 0 0 0 000000 1
ff5 89e 000 000 a 6 0 0 0 0 000000 1
ff9 e91 000 000 a 6 0 0 0 0 000000 1
fff fff 000 000 c c 0 0 0 0 000000 1
ffc e4c 000 000 a 6 0 0 0 0 000000 1
8fd cb7 000 000 8 8 0 0 0 0 000000 1
97d a84 000 000 8 4 0 0 0 0 000000 1
9bd 099 000 000 8 4 0 0 0 0 000000 1
9dd 268 000 000 8 4 0 0 0 0 000000 1
9ed 5eb 000 000 8 8 0 0 0 0 000000 1
9f5 f2e 000 000 8 8 0 0 0 0 000000 1
9f9 921 000 000 8 4 0 0 0 0 000000 1
9ff 84f 000 000 a 6 0 0 0 0 000000 1
9fc 9fc 000 000 8 8 0 0 0 0 000000 1
a7d 231 000 000 8 4 0 0 0 0 000000 1
abd 82c 000 000 8 4 0 0 0 0 000000 1
add add 000 000 8 8 0 0 0 0 000000 1
aed d5e 000 000 8 8 0 0 0 0 000000 1
af5 79b 000 000 8 8 0 0 0 0 000000 1
af9 194 000 000 8 4 0 0 0 0 000000 1
aff 0fa 000 000 a 6 0 0 0 0 000000 1
afc 149 000 000 8 4 0 0 0 0 000000 1
b3d e1f 000 000 8 8 0 0 0 0 000000 1
b5d cee 000 000 8 8 0 0 0 0 000000 1
b6d b6d 000 000 8 8 0 0 0 0 000000 1
b75 1a8 000 000 8 4 0 0 0 0 000000 1
b79 7a7 000 000 8 8 0 0 0 0 000000 1
b7f 6c9 000 000 a 6 0 0 0 0 000000 1
b7c 77a 000 000 8 8 0 0 0 0 000000 1
b9d 6f3 000 000 8 8 0 0 0 0 000000 1
bad 170 000 000 8 4 0 0 0 0 000000 1
bb5 bb5 000 000 8 8 0 0 0 0 000000 1
bb9 dba 000 000 8 8 0 0 0 0 000000 1
bbf cd4 000 000 a 6 0 0 0 0 000000 1
bbc d67 000 000 8 8 0 0 0 0 000000 1
bcd 381 000 000 8 4 0 0 0 0 000000 1
bd5 944 000 000 8 4 0 0 0 0 000000 1
bd9 f4b 000 000 8 8 0 0 0 0 000000 1
bdf e25 000 000 a 6 0 0 0 0 000000 1
bdc f96 000 000 8 8 0 0 0 0 000000 1
be5 ec7 000 000 8 8 0 0 0 0 000000 1
be9 8c8 000 000 8 4 0 0 0 0 000000 1
bef 9a6 000 000 a 6 0 0 0 0 000000 1
bec 815 000 000 8 4 0 0 0 0 000000 1
bf1 20d 000 000 8 4 0 0 0 0 000000 1
bf7 363 000 000 a 6 0 0 0 0 000000 1
bf4 2d0 000 000 8 4 0 0 0 0 000000 1
bfb 56c 000 000 a 6 0 0 0 0 000000 1
bf8 4df 000 000 8 8 0 0 0 0 000000 1
bfe 5b1 000 000 a 6 0 0 0 0 000000 1
64e 969 000 000 6 6 0 0 0 0 000000 1
04e ed9 000 000 4 8 0 0 0 0 000000 1
34e 66c 000 000 6 6 0 0 0 0 000000 1
2ce 05f 000 000 6 6 0 0 0 0 000000 1
20e a42 000 000 4 4 0 0 0 0 000000 1
26e 8b3 000 000 6 6 0 0 0 0 000000 1
25e f30 000 000 6 6 0 0 0 0 000000 1
246 5f5 000 000 4 8 0 0 0 0 000000 1
24a 3fa 000 000 4 8 0 0 0 0 000000 1
24c 294 000 000 4 4 0 0 0 0 000000 1
24f 327 000 000 6 6 0 0 0 0 000000 1
c4e 3b1 000 000 6 6 0 0 0 0 000000 1
f4e b04 000 000 8 4 0 0 0 0 000000 1
ece d37 000 000 8 8 0 0 0 0 000000 1
e0e 72a 000 000 6 6 0 0 0 0 000000 1
e6e 5db 000 000 8 8 0 0 0 0 000000 1
e5e 258 000 000 8 4 0 0 0 0 000000 1
e46 89d 000 000 6 6 0 0 0 0 000000 1
e4a e92 000 000 6 6 0 0 0 0 000000 1
e4c ffc 000 000 6 a 0 0 0 0 000000 1
e4f e4f 000 000 8 8 0 0 0 0 000000 1
94e cb4 000 000 6 6 0 0 0 0 000000 1
8ce a87 000 000 6 6 0 0 0 0 000000 1
80e 09a 000 000 4 4 0 0 0 0 000000 1
86e 26b 000 000 6 6 0 0 0 0 000000 1
85e 5e8 000 000 6 6 0 0 0 0 000000 1
846 f2d 000 000 4 8 0 0 0 0 000000 1
84a 922 000 000 4 4 0 0 0 0 000000 1
84c 84c 000 000 4 4 0 0 0 0 000000 1
84f 9ff 000 000 6 a 0 0 0 0 000000 1
bce 232 000 000 8 4 0 0 0 0 000000 1
b0e 82f 000 000 6 6 0 0 0 0 000000 1
b6e ade 000 000 8 8 0 0 0 0 000000 1
b5e d5d 000 000 8 8 0 0 0 0 000000 1
b46 798 000 000 6 6 0 0 0 0 000000 1
b4a 197 000 000 6 6 0 0 0 0 000000 1
b4c 0f9 000 000 6 6 0 0 0 0 000000 1
b4f 14a 000 000 8 4 0 0 0 0 000000 1
a8e e1c 000 000 6 6 0 0 0 0 000000 1
aee ced 000 000 8 8 0 0 0 0 000000 1
ade b6e 000 000 8 8 0 0 0 0 000000 1
ac6 1ab 000 000 6 6 0 0 0 0 000000 1
aca 7a4 000 000 6 6 0 0 0 0 000000 1
acc 6ca 000 000 6 6 0 0 0 0 000000 1
acf 779 000 000 8 8 0 0 0 0 000000 1
a2e 6f0 000 000 6 6 0 0 0 0 000000 1
a1e 173 000 000 6 6 0 0 0 0 000000 1
a06 bb6 000 000 4 8 0 0 0 0 000000 1
a0a db9 000 000 4 8 0 0 0 0 000000 1
a0c cd7 000 000 4 8 0 0 0 0 000000 1
a0f d64 000 000 6 6 0 0 0 0 000000 1
a7e 382 000 000 8 4 0 0 0 0 000000 1
a66 947 000 000 6 6 0 0 0 0 000000 1
a6a f48 000 000 6 6 0 0 0 0 000000 1
a6c e26 000 000 6 6 0 0 0 0 000000 1
a6f f95 000 000 8 8 0 0 0 0 000000 1
a56 ec4 000 000 6 6 0 0 0 0 000000 1
a5a 8cb 000 000 6 6 0 0 0 0 000000 1
a5c 9a5 000 000 6 6 0 0 0 0 000000 1
a5f 816 000 000 8 4 0 0 0 0 000000 1
a42 20e 000 000 4 4 0 0 0 0 000000 1
a44 360 000 000 4 4 0 0 0 0 000000 1
a47 2d3 000 000 6 6 0 0 0 0 000000 1
a48 56f 000 000 4 8 0 0 0 0 000000 1
a4b 4dc 000 000 6 6 0 0 0 0 000000 1
a4d 5b2 000 000 6 6 0 0 0 0 000000 1
ae7 a3f 000 000 8 8 0 0 0 0 000000 1
9e7 28a 000 000 8 4 0 0 0 0 000000 1
867 4b9 000 000 6 6 0 0 0 0 000000 1
8a7 ea4 000 000 6 6 0 0 0 0 000000 1
8c7 c55 000 000 6 6 0 0 0 0 000000 1
8f7 bd6 000 000 8 8 0 0 0 0 000000 1
8ef 113 000 000 8 4 0 0 0 0 000000 1
8e3 71c 000 000 6 6 0 0 0 0 000000 1
8e5 672 000 000 6 6 0 0 0 0 000000 1
8e6 7c1 000 000 6 6 0 0 0 0 000000 1
fe7 53a 000 000 a 6 0 0 0 0 000000 1
e67 309 000 000 8 4 0 0 0 0 000000 1
ea7 914 000 000 8 4 0 0 0 0 000000 1
ec7 be5 000 000 8 8 0 0 0 0 000000 1
ef7 c66 000 000 a 6 0 0 0 0 000000 1
eef 6a3 000 000 a 6 0 0 0 0 000000 1
ee3 0ac 000 000 8 4 0 0 0 0 000000 1
ee5 1c2 000 000 8 4 0 0 0 0 000000 1
ee6 071 000 000 8 4 0 0 0 0 000000 1
d67 bbc 000 000 8 8 0 0 0 0 000000 1
da7 1a1 000 000 8 4 0 0 0 0 000000 1
dc7 350 000 000 8 4 0 0 0 0 000000 1
df7 4d3 000 000 a 6 0 0 0 0 000000 1
def e16 000 000 a 6 0 0 0 0 000000 1
de3 819 000 000 8 4 0 0 0 0 000000 1
de5 977 000 000 8 8 0 0 0 0 000000 1
de6 8c4 000 000 8 4 0 0 0 0 000000 1
c27 792 000 000 6 6 0 0 0 0 000000 1
c47 563 000 000 6 6 0 0 0 0 000000 1
c77 2e0 000 000 8 4 0 0 0 0 000000 1
c6f 825 000 000 8 4 0 0 0 0 000000 1
c63 e2a 000 000 6 6 0 0 0 0 000000 1
c65 f44 000 000 6 6 0 0 0 0 000000 1
c66 ef7 000 000 6 a 0 0 0 0 000000 1
c87 f7e 000 000 6 a 0 0 0 0 000000 1
cb7 8fd 000 000 8 8 0 0 0 0 000000 1
caf 238 000 000 8 4 0 0 0 0 000000 1
ca3 437 000 000 6 6 0 0 0 0 000000 1
ca5 559 000 000 6 6 0 0 0 0 000000 1
ca6 4ea 000 000 6 6 0 0 0 0 000000 1
cd7 a0c 000 000 8 4 0 0 0 0 000000 1
ccf 0c9 000 000 8 4 0 0 0 0 000000 1
cc3 6c6 000 000 6 6 0 0 0 0 000000 1
cc5 7a8 000 000 6 6 0 0 0 0 000000 1
cc6 61b 000 000 6 6 0 0 0 0 000000 1
cff 74a 000 000 a 6 0 0 0 0 000000 1
cf3 145 000 000 8 4 0 0 0 0 000000 1
cf5 02b 000 000 8 4 0 0 0 0 000000 1
cf6 198 000 000 8 4 0 0 0 0 000000 1
ceb b80 000 000 8 4 0 0 0 0 000000 1
ced aee 000 000 8 8 0 0 0 0 000000 1
cee b5d 000 000 8 8 0 0 0 0 000000 1
ce1 ce1 000 000 6 6 0 0 0 0 000000 1
ce2 d52 000 000 6 6 0 0 0 0 000000 1
ce4 c3c 000 000 6 6 0 0 0 0 000000 1
3e7 852 000 000 8 4 0 0 0 0 000000 1
267 e61 000 000 6 6 0 0 0 0 000000 1
2a7 47c 000 000 6 6 0 0 0 0 000000 1
2c7 68d 000 000 6 6 0 0 0 0 000000 1
2f7 10e 000 000 8 4 0 0 0 0 000000 1
2ef bcb 000 000 8 8 0 0 0 0 000000 1
2e3 dc4 000 000 6 6 0 0 0 0 000000 1
2e5 caa 000 000 6 6 0 0 0 0 000000 1
2e6 d19 000 000 6 6 0 0 0 0 000000 1
167 6d4 000 000 6 6 0 0 0 0 000000 1
1a7 cc9 000 000 6 6 0 0 0 0 000000 1
1c7 e38 000 000 6 6 0 0 0 0 000000 1
1f7 9bb 000 000 8 8 0 0 0 0 000000 1
1ef 37e 000 000 8 8 0 0 0 0 000000 1
1e3 571 000 000 6 6 0 0 0 0 000000 1
1e5 41f 000 000 6 6 0 0 0 0 000000 1
1e6 5ac 000 000 6 6 0 0 0 0 000000 1
027 afa 000 000 4 8 0 0 0 0 000000 1
047 80b 000 000 4 4 0 0 0 0 000000 1
077 f88 000 000 6 6 0 0 0 0 000000 1
06f 54d 000 000 6 6 0 0 0 0 000000 1
063 342 000 000 4 4 0 0 0 0 000000 1
065 22c 000 000 4 4 0 0 0 0 000000 1
066 39f 000 000 4 8 0 0 0 0 000000 1
087 216 000 000 4 4 0 0 0 0 000000 1
0b7 595 000 000 6 6 0 0 0 0 000000 1
0af f50 000 000 6 6 0 0 0 0 000000 1
0a3 95f 000 000 4 8 0 0 0 0 000000 1
0a5 831 000 000 4 4 0 0 0 0 000000 1
0a6 982 000 000 4 4 0 0 0 0 000000 1
0d7 764 000 000 6 6 0 0 0 0 000000 1
0cf da1 000 000 6 6 0 0 0 0 000000 1
0c3 bae 000 000 4 8 0 0 0 0 000000 1
0c5 ac0 000 000 4 4 0 0 0 0 000000 1
0c6 b73 000 000 4 8 0 0 0 0 000000 1
0ff a22 000 000 8 4 0 0 0 0 000000 1
0f3 c2d 000 000 6 6 0 0 0 0 000000 1
0f5 d43 000 000 6 6 0 0 0 0 000000 1
0f6 cf0 000 000 6 6 0 0 0 0 000000 1
0eb 6e8 000 000 6 6 0 0 0 0 000000 1
0ed 786 000 000 6 6 0 0 0 0 000000 1
0ee 635 000 000 6 6 0 0 0 0 000000 1
0e1 189 000 000 4 4 0 0 0 0 000000 1
0e2 03a 000 000 4 4 0 0 0 0 000000 1
0e4 154 000 000 4 4 0 0 0 0 000000 1
767 164 000 000 8 4 0 0 0 0 000000 1
7a7 b79 000 000 8 8 0 0 0 0 000000 1
7c7 988 000 000 8 4 0 0 0 0 000000 1
7f7 e0b 000 000 a 6 0 0 0 0 000000 1
7ef 4ce 000 000 a 6 0 0 0 0 000000 1
7e3 2c1 000 000 8 4 0 0 0 0 000000 1
7e5 3af 000 000 8 8 0 0 0 0 000000 1
7e6 21c 000 000 8 4 0 0 0 0 000000 1
627 d4a 000 000 6 6 0 0 0 0 000000 1
647 fbb 000 000 6 a 0 0 0 0 000000 1
677 838 000 000 8 4 0 0 0 0 000000 1
66f 2fd 000 000 8 8 0 0 0 0 000000 1
663 4f2 000 000 6 6 0 0 0 0 000000 1
665 59c 000 000 6 6 0 0 0 0 000000 1
666 42f 000 000 6 6 0 0 0 0 000000 1
687 5a6 000 000 6 6 0 0 0 0 000000 1
6b7 225 000 000 8 4 0 0 0 0 000000 1
6af 8e0 000 000 8 4 0 0 0 0 000000 1
6a3 eef 000 000 6 a 0 0 0 0 000000 1
6a5 f81 000 000 6 6 0 0 0 0 000000 1
6a6 e32 000 000 6 6 0 0 0 0 000000 1
6d7 0d4 000 000 8 4 0 0 0 0 000000 1
6cf a11 000 000 8 4 0 0 0 0 000000 1
6c3 c1e 000 000 6 6 0 0 0 0 000000 1
6c5 d70 000 000 6 6 0 0 0 0 000000 1
6c6 cc3 000 000 6 6 0 0 0 0 000000 1
6ff d92 000 000 a 6 0 0 0 0 000000 1
6f3 b9d 000 000 8 8 0 0 0 0 000000 1
6f5 af3 000 000 8 8 0 0 0 0 000000 1
6f6 b40 000 000 8 4 0 0 0 0 000000 1
6eb 158 000 000 8 4 0 0 0 0 000000 1
6ed 036 000 000 8 4 0 0 0 0 000000 1
6ee 185 000 000 8 4 0 0 0 0 000000 1
6e1 639 000 000 6 6 0 0 0 0 000000 1
6e2 78a 000 000 6 6 0 0 0 0 000000 1
6e4 6e4 000 000 6 6 0 0 0 0 000000 1
527 5ff 000 000 6 a 0 0 0 0 000000 1
547 70e 000 000 6 6 0 0 0 0 000000 1
577 08d 000 000 8 4 0 0 0 0 000000 1
56f a48 000 000 8 4 0 0 0 0 000000 1
563 c47 000 000 6 6 0 0 0 0 000000 1
565 d29 000 000 6 6 0 0 0 0 000000 1
566 c9a 000 000 6 6 0 0 0 0 000000 1
587 d13 000 000 6 6 0 0 0 0 000000 1
5b7 a90 000 000 8 4 0 0 0 0 000000 1
5af 055 000 000 8 4 0 0 0 0 000000 1
5a3 65a 000 000 6 6 0 0 0 0 000000 1
5a5 734 000 000 6 6 0 0 0 0 000000 1
5a6 687 000 000 6 6 0 0 0 0 000000 1
5d7 861 000 000 8 4 0 0 0 0 000000 1
5cf 2a4 000 000 8 4 0 0 0 0 000000 1
5c3 4ab 000 000 6 6 0 0 0 0 000000 1
5c5 5c5 000 000 6 6 0 0 0 0 000000 1
5c6 476 000 000 6 6 0 0 0 0 000000 1
5ff 527 000 000 a 6 0 0 0 0 000000 1
5f3 328 000 000 8 4 0 0 0 0 000000 1
5f5 246 000 000 8 4 0 0 0 0 000000 1
5f6 3f5 000 000 8 8 0 0 0 0 000000 1
5eb 9ed 000 000 8 8 0 0 0 0 000000 1
5ed 883 000 000 8 4 0 0 0 0 000000 1
5ee 930 000 000 8 4 0 0 0 0 000000 1
5e1 e8c 000 000 6 6 0 0 0 0 000000 1
5e2 f3f 000 000 6 a 0 0 0 0 000000 1
5e4 e51 000 000 6 6 0 0 0 0 000000 1
407 b20 000 000 4 4 0 0 0 0 000000 1
437 ca3 000 000 6 6 0 0 0 0 000000 1
42f 666 000 000 6 6 0 0 0 0 000000 1
423 069 000 000 4 4 0 0 0 0 000000 1
425 107 000 000 4 4 0 0 0 0 000000 1
426 0b4 000 000 4 4 0 0 0 0 000000 1
457 e52 000 000 6 6 0 0 0 0 000000 1
44f 497 000 000 6 6 0 0 0 0 000000 1
443 298 000 000 4 4 0 0 0 0 000000 1
445 3f6 000 000 4 8 0 0 0 0 000000 1
446 245 000 000 4 4 0 0 0 0 000000 1
47f 314 000 000 8 4 0 0 0 0 000000 1
473 51b 000 000 6 6 0 0 0 0 000000 1
475 475 000 000 6 6 0 0 0 0 000000 1
476 5c6 000 000 6 6 0 0 0 0 000000 1
46b fde 000 000 6 a 0 0 0 0 000000 1
46d eb0 000 000 6 6 0 0 0 0 000000 1
46e f03 000 000 6 6 0 0 0 0 000000 1
461 8bf 000 000 4 8 0 0 0 0 000000 1
462 90c 000 000 4 4 0 0 0 0 000000 1
464 862 000 000 4 4 0 0 0 0 000000 1
497 44f 000 000 6 6 0 0 0 0 000000 1
48f e8a 000 000 6 6 0 0 0 0 000000 1
483 885 000 000 4 4 0 0 0 0 000000 1
485 9eb 000 000 4 8 0 0 0 0 000000 1
486 858 000 000 4 4 0 0 0 0 000000 1
4bf 909 000 000 8 4 0 0 0 0 000000 1
4b3 f06 000 000 6 6 0 0 0 0 000000 1
4b5 e68 000 000 6 6 0 0 0 0 000000 1
4b6 fdb 000 000 6 a 0 0 0 0 000000 1
4ab 5c3 000 000 6 6 0 0 0 0 000000 1
4ad 4ad 000 000 6 6 0 0 0 0 000000 1
4ae 51e 000 000 6 6 0 0 0 0 000000 1
4a1 2a2 000 000 4 4 0 0 0 0 000000 1
4a2 311 000 000 4 4 0 0 0 0 000000 1
4a4 27f 000 000 4 8 0 0 0 0 000000 1
4df bf8 000 000 8 8 0 0 0 0 000000 1
4d3 df7 000 000 6 a 0 0 0 0 000000 1
4d5 c99 000 000 6 6 0 0 0 0 000000 1
4d6 d2a 000 000 6 6 0 0 0 0 000000 1
4cb 732 000 000 6 6 0 0 0 0 000000 1
4cd 65c 000 000 6 6 0 0 0 0 000000 1
4ce 7ef 000 000 6 a 0 0 0 0 000000 1
4c1 053 000 000 4 4 0 0 0 0 000000 1
4c2 1e0 000 000 4 4 0 0 0 0 000000 1
4c4 08e 000 000 4 4 0 0 0 0 000000 1
4fb 0b1 000 000 8 4 0 0 0 0 000000 1
4fd 1df 000 000 8 8 0 0 0 0 000000 1
4fe 06c 000 000 8 4 0 0 0 0 000000 1
4f1 7d0 000 000 6 6 0 0 0 0 000000 1
4f2 663 000 000 6 6 0 0 0 0 000000 1
4f4 70d 000 000 6 6 0 0 0 0 000000 1
4e9 d15 000 000 6 6 0 0 0 0 000000 1
4ea ca6 000 000 6 6 0 0 0 0 000000 1
4ec dc8 000 000 6 6 0 0 0 0 000000 1
4e0 bc7 000 000 4 8 0 0 0 0 000000 1
2a8 3c0 000 000 4 4 0 0 0 0 000000 1
059 3a0 000 000 4 4 0 0 0 0 000000 1
7da 390 000 000 8 4 0 0 0 0 000000 1
d1f 388 000 000 8 4 0 0 0 0 000000 1
b10 384 000 000 4 4 0 0 0 0 000000 1
a7e 382 000 000 8 4 0 0 0 0 000000 1
bcd 381 000 000 8 4 0 0 0 0 000000 1
d64 a0f 000 000 6 6 0 0 0 0 000000 1
164 767 000 000 4 8 0 0 0 0 000000 1
764 0d7 000 000 6 6 0 0 0 0 000000 1
464 862 000 000 4 4 0 0 0 0 000000 1
5e4 e51 000 000 6 6 0 0 0 0 000000 1
524 44c 000 000 4 4 0 0 0 0 000000 1
544 6bd 000 000 4 8 0 0 0 0 000000 1
574 13e 000 000 6 6 0 0 0 0 000000 1
56c bfb 000 000 6 a 0 0 0 0 000000 1
560 df4 000 000 4 8 0 0 0 0 000000 1
566 c9a 000 000 6 6 0 0 0 0 000000 1
565 d29 000 000 6 6 0 0 0 0 000000 1
a44 360 000 000 4 4 0 0 0 0 000000 1
dc7 350 000 000 8 4 0 0 0 0 000000 1
702 348 000 000 4 4 0 0 0 0 000000 1
10d 344 000 000 4 4 0 0 0 0 000000 1
063 342 000 000 4 4 0 0 0 0 000000 1
1d0 341 000 000 4 4 0 0 0 0 000000 1
779 acf 000 000 8 8 0 0 0 0 000000 1
b79 7a7 000 000 8 8 0 0 0 0 000000 1
d79 017 000 000 8 4 0 0 0 0 000000 1
e79 8a2 000 000 8 4 0 0 0 0 000000 1
ff9 e91 000 000 a 6 0 0 0 0 000000 1
f39 48c 000 000 8 4 0 0 0 0 000000 1
f59 67d 000 000 8 8 0 0 0 0 000000 1
f69 1fe 000 000 8 8 0 0 0 0 000000 1
f71 b3b 000 000 8 8 0 0 0 0 000000 1
f7d d34 000 000 a 6 0 0 0 0 000000 1
f7b c5a 000 000 a 6 0 0 0 0 000000 1
f78 de9 000 000 8 8 0 0 0 0 000000 1
f36 330 000 000 8 4 0 0 0 0 000000 1
5f3 328 000 000 8 4 0 0 0 0 000000 1
3fc 324 000 000 8 4 0 0 0 0 000000 1
292 322 000 000 4 4 0 0 0 0 000000 1
321 321 000 000 4 4 0 0 0 0 000000 1
588 aaf 000 000 4 8 0 0 0 0 000000 1
988 7c7 000 000 4 8 0 0 0 0 000000 1
f88 077 000 000 6 6 0 0 0 0 000000 1
c88 8c2 000 000 4 4 0 0 0 0 000000 1
d08 ef1 000 000 4 8 0 0 0 0 000000 1
dc8 4ec 000 000 6 6 0 0 0 0 000000 1
da8 61d 000 000 6 6 0 0 0 0 000000 1
d98 19e 000 000 6 6 0 0 0 0 000000 1
d80 b5b 000 000 4 8 0 0 0 0 000000 1
d8c d54 000 000 6 6 0 0 0 0 000000 1
d8a c3a 000 000 6 6 0 0 0 0 000000 1
d89 d89 000 000 6 6 0 0 0 0 000000 1
270 318 000 000 4 4 0 0 0 0 000000 1
47f 314 000 000 8 4 0 0 0 0 000000 1
511 312 000 000 4 4 0 0 0 0 000000 1
4a2 311 000 000 4 4 0 0 0 0 000000 1
20b a9f 000 000 4 8 0 0 0 0 000000 1
e0b 7f7 000 000 6 a 0 0 0 0 000000 1
80b 047 000 000 4 4 0 0 0 0 000000 1
b0b 8f2 000 000 6 6 0 0 0 0 000000 1
a8b ec1 000 000 6 6 0 0 0 0 000000 1
a4b 4dc 000 000 6 6 0 0 0 0 000000 1
a2b 62d 000 000 6 6 0 0 0 0 000000 1
a1b 1ae 000 000 6 6 0 0 0 0 000000 1
a03 b6b 000 000 4 8 0 0 0 0 000000 1
a0f d64 000 000 6 6 0 0 0 0 000000 1
a09 c0a 000 000 4 4 0 0 0 0 000000 1
a0a db9 000 000 4 8 0 0 0 0 000000 1
eba 30c 000 000 8 4 0 0 0 0 000000 1
fd4 30a 000 000 8 4 0 0 0 0 000000 1
e67 309 000 000 8 4 0 0 0 0 000000 1
8ce a87 000 000 6 6 0 0 0 0 000000 1
4ce 7ef 000 000 6 a 0 0 0 0 000000 1
2ce 05f 000 000 6 6 0 0 0 0 000000 1
1ce 8ea 000 000 6 6 0 0 0 0 000000 1
04e ed9 000 000 4 8 0 0 0 0 000000 1
08e 4c4 000 000 4 4 0 0 0 0 000000 1
0ee 635 000 000 6 6 0 0 0 0 000000 1
0de 1b6 000 000 6 6 0 0 0 0 000000 1
0c6 b73 000 000 4 8 0 0 0 0 000000 1
0ca d7c 000 000 4 8 0 0 0 0 000000 1
0cc c12 000 000 4 4 0 0 0 0 000000 1
0cf da1 000 000 6 6 0 0 0 0 000000 1
9db 306 000 000 8 4 0 0 0 0 000000 1
868 305 000 000 4 4 0 0 0 0 000000 1
ec1 a8b 000 000 6 6 0 0 0 0 000000 1
2c1 7e3 000 000 4 8 0 0 0 0 000000 1
4c1 053 000 000 4 4 0 0 0 0 000000 1
7c1 8e6 000 000 6 6 0 0 0 0 000000 1
641 ed5 000 000 4 8 0 0 0 0 000000 1
681 4c8 000 000 4 4 0 0 0 0 000000 1
6e1 639 000 000 6 6 0 0 0 0 000000 1
6d1 1ba 000 000 6 6 0 0 0 0 000000 1
6c9 b7f 000 000 6 a 0 0 0 0 000000 1
6c5 d70 000 000 6 6 0 0 0 0 000000 1
6c3 c1e 000 000 6 6 0 0 0 0 000000 1
6c0 dad 000 000 4 8 0 0 0 0 000000 1
906 303 000 000 4 4 0 0 0 0 000000 1
faf a8d 000 000 a 6 0 0 0 0 000000 1
3af 7e5 000 000 8 8 0 0 0 0 000000 1
5af 055 000 000 8 4 0 0 0 0 000000 1
6af 8e0 000 000 8 4 0 0 0 0 000000 1
72f ed3 000 000 8 8 0 0 0 0 000000 1
7ef 4ce 000 000 a 6 0 0 0 0 000000 1
78f 63f 000 000 8 8 0 0 0 0 000000 1
7bf 1bc 000 000 a 6 0 0 0 0 000000 1
7a7 b79 000 000 8 8 0 0 0 0 000000 1
7ab d76 000 000 8 8 0 0 0 0 000000 1
7ad c18 000 000 8 4 0 0 0 0 000000 1
7ae dab 000 000 8 8 0 0 0 0 000000 1
e1c a8e 000 000 6 6 0 0 0 0 000000 1
21c 7e6 000 000 4 8 0 0 0 0 000000 1
41c 056 000 000 4 4 0 0 0 0 000000 1
71c 8e3 000 000 6 6 0 0 0 0 000000 1
69c ed0 000 000 6 6 0 0 0 0 000000 1
65c 4cd 000 000 6 6 0 0 0 0 000000 1
63c 63c 000 000 6 6 0 0 0 0 000000 1
60c 1bf 000 000 4 8 0 0 0 0 000000 1
614 b7a 000 000 4 8 0 0 0 0 000000 1
618 d75 000 000 4 8 0 0 0 0 000000 1
61e c1b 000 000 6 6 0 0 0 0 000000 1
61d da8 000 000 6 6 0 0 0 0 000000 1
4b5 e68 000 000 6 6 0 0 0 0 000000 1
2b5 9d8 000 000 6 6 0 0 0 0 000000 1
1b5 16d 000 000 6 6 0 0 0 0 000000 1
035 75e 000 000 4 8 0 0 0 0 000000 1
0f5 d43 000 000 6 6 0 0 0 0 000000 1
095 fb2 000 000 4 8 0 0 0 0 000000 1
0a5 831 000 000 4 4 0 0 0 0 000000 1
0bd 2f4 000 000 6 6 0 0 0 0 000000 1
0b1 4fb 000 000 4 8 0 0 0 0 000000 1
0b7 595 000 000 6 6 0 0 0 0 000000 1
0b4 426 000 000 4 4 0 0 0 0 000000 1
eb5 4b0 000 000 8 4 0 0 0 0 000000 1
db5 c05 000 000 8 4 0 0 0 0 000000 1
c35 a36 000 000 6 6 0 0 0 0 000000 1
cf5 02b 000 000 8 4 0 0 0 0 000000 1
c95 2da 000 000 6 6 0 0 0 0 000000 1
ca5 559 000 000 6 6 0 0 0 0 000000 1
cbd f9c 000 000 8 8 0 0 0 0 000000 1
cb1 993 000 000 6 6 0 0 0 0 000000 1
cb7 8fd 000 000 8 8 0 0 0 0 000000 1
cb4 94e 000 000 6 6 0 0 0 0 000000 1
bb5 bb5 000 000 8 8 0 0 0 0 000000 1
a35 d86 000 000 6 6 0 0 0 0 000000 1
af5 79b 000 000 8 8 0 0 0 0 000000 1
a95 56a 000 000 6 6 0 0 0 0 000000 1
aa5 2e9 000 000 6 6 0 0 0 0 000000 1
abd 82c 000 000 8 4 0 0 0 0 000000 1
ab1 e23 000 000 6 6 0 0 0 0 000000 1
ab7 f4d 000 000 8 8 0 0 0 0 000000 1
ab4 efe 000 000 6 a 0 0 0 0 000000 1
935 533 000 000 6 6 0 0 0 0 000000 1
9f5 f2e 000 000 8 8 0 0 0 0 000000 1
995 ddf 000 000 6 a 0 0 0 0 000000 1
9a5 a5c 000 000 6 6 0 0 0 0 000000 1
9bd 099 000 000 8 4 0 0 0 0 000000 1
9b1 696 000 000 6 6 0 0 0 0 000000 1
9b7 7f8 000 000 8 8 0 0 0 0 000000 1
9b4 64b 000 000 6 6 0 0 0 0 000000 1
875 91d 000 000 6 6 0 0 0 0 000000 1
815 bec 000 000 4 8 0 0 0 0 000000 1
825 c6f 000 000 4 8 0 0 0 0 000000 1
83d 6aa 000 000 6 6 0 0 0 0 000000 1
831 0a5 000 000 4 4 0 0 0 0 000000 1
837 1cb 000 000 6 6 0 0 0 0 000000 1
834 078 000 000 4 4 0 0 0 0 000000 1
8d5 1f1 000 000 6 6 0 0 0 0 000000 1
8e5 672 000 000 6 6 0 0 0 0 000000 1
8fd cb7 000 000 8 8 0 0 0 0 000000 1
8f1 ab8 000 000 6 6 0 0 0 0 000000 1
8f7 bd6 000 000 8 8 0 0 0 0 000000 1
8f4 a65 000 000 6 6 0 0 0 0 000000 1
885 483 000 000 4 4 0 0 0 0 000000 1
89d e46 000 000 6 6 0 0 0 0 000000 1
891 849 000 000 4 4 0 0 0 0 000000 1
897 927 000 000 6 6 0 0 0 0 000000 1
894 894 000 000 4 4 0 0 0 0 000000 1
8ad 9c5 000 000 6 6 0 0 0 0 000000 1
8a1 fca 000 000 4 8 0 0 0 0 000000 1
8a7 ea4 000 000 6 6 0 0 0 0 000000 1
8a4 f17 000 000 4 8 0 0 0 0 000000 1
8b9 50f 000 000 6 6 0 0 0 0 000000 1
8bf 461 000 000 8 4 0 0 0 0 000000 1
8bc 5d2 000 000 6 6 0 0 0 0 000000 1
8b3 26e 000 000 6 6 0 0 0 0 000000 1
8b0 3dd 000 000 4 8 0 0 0 0 000000 1
8b6 2b3 000 000 6 6 0 0 0 0 000000 1
c77 2e0 000 000 8 4 0 0 0 0 000000 1
bf4 2d0 000 000 8 4 0 0 0 0 000000 1
131 2c8 000 000 4 4 0 0 0 0 000000 1
73e 2c4 000 000 8 4 0 0 0 0 000000 1
650 2c2 000 000 4 4 0 0 0 0 000000 1
7e3 2c1 000 000 8 4 0 0 0 0 000000 1
14a b4f 000 000 4 8 0 0 0 0 000000 1
d4a 627 000 000 6 6 0 0 0 0 000000 1
b4a 197 000 000 6 6 0 0 0 0 000000 1
84a 922 000 000 4 4 0 0 0 0 000000 1
9ca f11 000 000 6 6 0 0 0 0 000000 1
90a 50c 000 000 4 4 0 0 0 0 000000 1
96a 7fd 000 000 6 a 0 0 0 0 000000 1
95a 07e 000 000 6 6 0 0 0 0 000000 1
942 abb 000 000 4 8 0 0 0 0 000000 1
94e cb4 000 000 6 6 0 0 0 0 000000 1
948 dda 000 000 4 8 0 0 0 0 000000 1
94b c69 000 000 6 6 0 0 0 0 000000 1
905 2b0 000 000 4 4 0 0 0 0 000000 1
3c0 2a8 000 000 4 4 0 0 0 0 000000 1
5cf 2a4 000 000 8 4 0 0 0 0 000000 1
4a1 2a2 000 000 4 4 0 0 0 0 000000 1
512 2a1 000 000 4 4 0 0 0 0 000000 1
3bb b2f 000 000 8 8 0 0 0 0 000000 1
fbb 647 000 000 a 6 0 0 0 0 000000 1
9bb 1f7 000 000 8 8 0 0 0 0 000000 1
abb 942 000 000 8 4 0 0 0 0 000000 1
b3b f71 000 000 8 8 0 0 0 0 000000 1
bfb 56c 000 000 a 6 0 0 0 0 000000 1
b9b 79d 000 000 8 8 0 0 0 0 000000 1
bab 01e 000 000 8 4 0 0 0 0 000000 1
bb3 adb 000 000 8 8 0 0 0 0 000000 1
bbf cd4 000 000 a 6 0 0 0 0 000000 1
bb9 dba 000 000 8 8 0 0 0 0 000000 1
bba c09 000 000 8 4 0 0 0 0 000000 1
443 298 000 000 4 4 0 0 0 0 000000 1
24c 294 000 000 4 4 0 0 0 0 000000 1
322 292 000 000 4 4 0 0 0 0 000000 1
291 291 000 000 4 4 0 0 0 0 000000 1
438 b1f 000 000 4 8 0 0 0 0 000000 1
838 677 000 000 4 8 0 0 0 0 000000 1
e38 1c7 000 000 6 6 0 0 0 0 000000 1
d38 972 000 000 6 6 0 0 0 0 000000 1
cb8 f41 000 000 6 6 0 0 0 0 000000 1
c78 55c 000 000 6 6 0 0 0 0 000000 1
c18 7ad 000 000 4 8 0 0 0 0 000000 1
c28 02e 000 000 4 4 0 0 0 0 000000 1
c30 aeb 000 000 4 8 0 0 0 0 000000 1
c3c ce4 000 000 6 6 0 0 0 0 000000 1
c3a d8a 000 000 6 6 0 0 0 0 000000 1
c39 c39 000 000 6 6 0 0 0 0 000000 1
889 28c 000 000 4 4 0 0 0 0 000000 1
9e7 28a 000 000 8 4 0 0 0 0 000000 1
854 289 000 000 4 4 0 0 0 0 000000 1
efd b07 000 000 a 6 0 0 0 0 000000 1
2fd 66f 000 000 8 8 0 0 0 0 000000 1
4fd 1df 000 000 8 8 0 0 0 0 000000 1
7fd 96a 000 000 a 6 0 0 0 0 000000 1
67d f59 000 000 8 8 0 0 0 0 000000 1
6bd 544 000 000 8 4 0 0 0 0 000000 1
6dd 7b5 000 000 8 8 0 0 0 0 000000 1
6ed 036 000 000 8 4 0 0 0 0 000000 1
6f5 af3 000 000 8 8 0 0 0 0 000000 1
6f9 cfc 000 000 8 8 0 0 0 0 000000 1
6ff d92 000 000 a 6 0 0 0 0 000000 1
6fc c21 000 000 8 4 0 0 0 0 000000 1
fe8 286 000 000 8 4 0 0 0 0 000000 1
e5b 285 000 000 8 4 0 0 0 0 000000 1
8f2 b0b 000 000 6 6 0 0 0 0 000000 1
4f2 663 000 000 6 6 0 0 0 0 000000 1
2f2 1d3 000 000 6 6 0 0 0 0 000000 1
1f2 966 000 000 6 6 0 0 0 0 000000 1
072 f55 000 000 4 8 0 0 0 0 000000 1
0b2 548 000 000 4 4 0 0 0 0 000000 1
0d2 7b9 000 000 4 8 0 0 0 0 000000 1
0e2 03a 000 000 4 4 0 0 0 0 000000 1
0fa aff 000 000 6 a 0 0 0 0 000000 1
0f6 cf0 000 000 6 6 0 0 0 0 000000 1
0f0 d9e 000 000 4 8 0 0 0 0 000000 1
0f3 c2d 000 000 6 6 0 0 0 0 000000 1
f35 283 000 000 8 4 0 0 0 0 000000 1
99c b0d 000 000 6 6 0 0 0 0 000000 1
59c 665 000 000 6 6 0 0 0 0 000000 1
39c 1d5 000 000 6 6 0 0 0 0 000000 1
09c 960 000 000 4 4 0 0 0 0 000000 1
11c f53 000 000 4 8 0 0 0 0 000000 1
1dc 54e 000 000 6 6 0 0 0 0 000000 1
1bc 7bf 000 000 6 a 0 0 0 0 000000 1
18c 03c 000 000 4 4 0 0 0 0 000000 1
194 af9 000 000 4 8 0 0 0 0 000000 1
198 cf6 000 000 4 8 0 0 0 0 000000 1
19e d98 000 000 6 6 0 0 0 0 000000 1
19d c2b 000 000 6 6 0 0 0 0 000000 1
82f b0e 000 000 6 6 0 0 0 0 000000 1
42f 666 000 000 6 6 0 0 0 0 000000 1
22f 1d6 000 000 6 6 0 0 0 0 000000 1
12f 963 000 000 6 6 0 0 0 0 000000 1
0af f50 000 000 6 6 0 0 0 0 000000 1
06f 54d 000 000 6 6 0 0 0 0 000000 1
00f 7bc 000 000 4 8 0 0 0 0 000000 1
03f 03f 000 000 6 6 0 0 0 0 000000 1
027 afa 000 000 4 8 0 0 0 0 000000 1
02b cf5 000 000 4 8 0 0 0 0 000000 1
02d d9b 000 000 4 8 0 0 0 0 000000 1
02e c28 000 000 4 4 0 0 0 0 000000 1
286 fe8 000 000 4 8 0 0 0 0 000000 1
486 858 000 000 4 4 0 0 0 0 000000 1
786 0ed 000 000 6 6 0 0 0 0 000000 1
606 6de 000 000 4 8 0 0 0 0 000000 1
6c6 cc3 000 000 6 6 0 0 0 0 000000 1
6a6 e32 000 000 6 6 0 0 0 0 000000 1
696 9b1 000 000 6 6 0 0 0 0 000000 1
68e 374 000 000 6 6 0 0 0 0 000000 1
682 57b 000 000 4 8 0 0 0 0 000000 1
684 415 000 000 4 4 0 0 0 0 000000 1
687 5a6 000 000 6 6 0 0 0 0 000000 1
886 530 000 000 4 4 0 0 0 0 000000 1
b86 d85 000 000 6 6 0 0 0 0 000000 1
a06 bb6 000 000 4 8 0 0 0 0 000000 1
ac6 1ab 000 000 6 6 0 0 0 0 000000 1
aa6 35a 000 000 6 6 0 0 0 0 000000 1
a96 4d9 000 000 6 6 0 0 0 0 000000 1
a8e e1c 000 000 6 6 0 0 0 0 000000 1
a82 813 000 000 4 4 0 0 0 0 000000 1
a84 97d 000 000 4 8 0 0 0 0 000000 1
a87 8ce 000 000 6 6 0 0 0 0 000000 1
d86 a35 000 000 6 6 0 0 0 0 000000 1
c06 c06 000 000 4 4 0 0 0 0 000000 1
cc6 61b 000 000 6 6 0 0 0 0 000000 1
ca6 4ea 000 000 6 6 0 0 0 0 000000 1
c96 369 000 000 6 6 0 0 0 0 000000 1
c8e 9ac 000 000 6 6 0 0 0 0 000000 1
c82 fa3 000 000 4 8 0 0 0 0 000000 1
c84 ecd 000 000 4 8 0 0 0 0 000000 1
c87 f7e 000 000 6 a 0 0 0 0 000000 1
f06 4b3 000 000 6 6 0 0 0 0 000000 1
fc6 eae 000 000 8 8 0 0 0 0 000000 1
fa6 c5f 000 000 8 8 0 0 0 0 000000 1
f96 bdc 000 000 8 8 0 0 0 0 000000 1
f8e 119 000 000 8 4 0 0 0 0 000000 1
f82 716 000 000 6 6 0 0 0 0 000000 1
f84 678 000 000 6 6 0 0 0 0 000000 1
f87 7cb 000 000 8 8 0 0 0 0 000000 1
e46 89d 000 000 6 6 0 0 0 0 000000 1
e26 a6c 000 000 6 6 0 0 0 0 000000 1
e16 def 000 000 6 a 0 0 0 0 000000 1
e0e 72a 000 000 6 6 0 0 0 0 000000 1
e02 125 000 000 4 4 0 0 0 0 000000 1
e04 04b 000 000 4 4 0 0 0 0 000000 1
e07 1f8 000 000 6 6 0 0 0 0 000000 1
ee6 071 000 000 8 4 0 0 0 0 000000 1
ed6 7f2 000 000 8 8 0 0 0 0 000000 1
ece d37 000 000 8 8 0 0 0 0 000000 1
ec2 b38 000 000 6 6 0 0 0 0 000000 1
ec4 a56 000 000 6 6 0 0 0 0 000000 1
ec7 be5 000 000 8 8 0 0 0 0 000000 1
eb6 503 000 000 8 4 0 0 0 0 000000 1
eae fc6 000 000 8 8 0 0 0 0 000000 1
ea2 9c9 000 000 6 6 0 0 0 0 000000 1
ea4 8a7 000 000 6 6 0 0 0 0 000000 1
ea7 914 000 000 8 4 0 0 0 0 000000 1
e9e 845 000 000 8 4 0 0 0 0 000000 1
e92 e4a 000 000 6 6 0 0 0 0 000000 1
e94 f24 000 000 6 6 0 0 0 0 000000 1
e97 e97 000 000 8 8 0 0 0 0 000000 1
e8a 48f 000 000 6 6 0 0 0 0 000000 1
e8c 5e1 000 000 6 6 0 0 0 0 000000 1
e8f 452 000 000 8 4 0 0 0 0 000000 1
e80 3ee 000 000 4 8 0 0 0 0 000000 1
e83 25d 000 000 6 6 0 0 0 0 000000 1
e85 333 000 000 6 6 0 0 0 0 000000 1
318 270 000 000 4 4 0 0 0 0 000000 1
9dd 268 000 000 8 4 0 0 0 0 000000 1
fd2 264 000 000 8 4 0 0 0 0 000000 1
ebc 262 000 000 8 4 0 0 0 0 000000 1
f0f 261 000 000 8 4 0 0 0 0 000000 1
9a6 bef 000 000 6 a 0 0 0 0 000000 1
5a6 687 000 000 6 6 0 0 0 0 000000 1
3a6 137 000 000 6 6 0 0 0 0 000000 1
0a6 982 000 000 4 4 0 0 0 0 000000 1
126 fb1 000 000 4 8 0 0 0 0 000000 1
1e6 5ac 000 000 6 6 0 0 0 0 000000 1
186 75d 000 000 4 8 0 0 0 0 000000 1
1b6 0de 000 000 6 6 0 0 0 0 000000 1
1ae a1b 000 000 6 6 0 0 0 0 000000 1
1a2 c14 000 000 4 4 0 0 0 0 000000 1
1a4 d7a 000 000 4 8 0 0 0 0 000000 1
1a7 cc9 000 000 6 6 0 0 0 0 000000 1
e5e 258 000 000 8 4 0 0 0 0 000000 1
851 254 000 000 4 4 0 0 0 0 000000 1
93f 252 000 000 8 4 0 0 0 0 000000 1
88c 251 000 000 4 4 0 0 0 0 000000 1
e25 bdf 000 000 6 a 0 0 0 0 000000 1
225 6b7 000 000 4 8 0 0 0 0 000000 1
425 107 000 000 4 4 0 0 0 0 000000 1
725 9b2 000 000 6 6 0 0 0 0 000000 1
6a5 f81 000 000 6 6 0 0 0 0 000000 1
665 59c 000 000 6 6 0 0 0 0 000000 1
605 76d 000 000 4 8 0 0 0 0 000000 1
635 0ee 000 000 6 6 0 0 0 0 000000 1
62d a2b 000 000 6 6 0 0 0 0 000000 1
621 c24 000 000 4 4 0 0 0 0 000000 1
627 d4a 000 000 6 6 0 0 0 0 000000 1
624 cf9 000 000 4 8 0 0 0 0 000000 1
294 24c 000 000 4 4 0 0 0 0 000000 1
3fa 24a 000 000 8 4 0 0 0 0 000000 1
249 249 000 000 4 4 0 0 0 0 000000 1
4e0 bc7 000 000 4 8 0 0 0 0 000000 1
8e0 6af 000 000 4 8 0 0 0 0 000000 1
ee0 11f 000 000 6 6 0 0 0 0 000000 1
de0 9aa 000 000 6 6 0 0 0 0 000000 1
c60 f99 000 000 4 8 0 0 0 0 000000 1
ca0 584 000 000 4 4 0 0 0 0 000000 1
cc0 775 000 000 4 8 0 0 0 0 000000 1
cf0 0f6 000 000 6 6 0 0 0 0 000000 1
ce8 a33 000 000 6 6 0 0 0 0 000000 1
ce4 c3c 000 000 6 6 0 0 0 0 000000 1
ce2 d52 000 000 6 6 0 0 0 0 000000 1
ce1 ce1 000 000 6 6 0 0 0 0 000000 1
5f5 246 000 000 8 4 0 0 0 0 000000 1
446 245 000 000 4 4 0 0 0 0 000000 1
2ef bcb 000 000 8 8 0 0 0 0 000000 1
eef 6a3 000 000 a 6 0 0 0 0 000000 1
8ef 113 000 000 8 4 0 0 0 0 000000 1
bef 9a6 000 000 a 6 0 0 0 0 000000 1
a6f f95 000 000 8 8 0 0 0 0 000000 1
aaf 588 000 000 8 4 0 0 0 0 000000 1
acf 779 000 000 8 8 0 0 0 0 000000 1
aff 0fa 000 000 a 6 0 0 0 0 000000 1
ae7 a3f 000 000 8 8 0 0 0 0 000000 1
aeb c30 000 000 8 4 0 0 0 0 000000 1
aed d5e 000 000 8 8 0 0 0 0 000000 1
aee ced 000 000 8 8 0 0 0 0 000000 1
528 243 000 000 4 4 0 0 0 0 000000 1
381 bcd 000 000 4 8 0 0 0 0 000000 1
f81 6a5 000 000 6 6 0 0 0 0 000000 1
981 115 000 000 4 4 0 0 0 0 000000 1
a81 9a0 000 000 4 4 0 0 0 0 000000 1
b01 f93 000 000 4 8 0 0 0 0 000000 1
bc1 58e 000 000 6 6 0 0 0 0 000000 1
ba1 77f 000 000 6 a 0 0 0 0 000000 1
b91 0fc 000 000 6 6 0 0 0 0 000000 1
b89 a39 000 000 6 6 0 0 0 0 000000 1
b85 c36 000 000 6 6 0 0 0 0 000000 1
b83 d58 000 000 6 6 0 0 0 0 000000 1
b80 ceb 000 000 4 8 0 0 0 0 000000 1
232 bce 000 000 4 8 0 0 0 0 000000 1
e32 6a6 000 000 6 6 0 0 0 0 000000 1
832 116 000 000 4 4 0 0 0 0 000000 1
b32 9a3 000 000 6 6 0 0 0 0 000000 1
ab2 f90 000 000 6 6 0 0 0 0 000000 1
a72 58d 000 000 6 6 0 0 0 0 000000 1
a12 77c 000 000 4 8 0 0 0 0 000000 1
a22 0ff 000 000 4 8 0 0 0 0 000000 1
a3a a3a 000 000 6 6 0 0 0 0 000000 1
a36 c35 000 000 6 6 0 0 0 0 000000 1
a30 d5b 000 000 4 8 0 0 0 0 000000 1
a33 ce8 000 000 6 6 0 0 0 0 000000 1
89b f28 000 000 6 6 0 0 0 0 000000 1
e9b 898 000 000 8 4 0 0 0 0 000000 1
d9b 02d 000 000 8 4 0 0 0 0 000000 1
c1b 61e 000 000 6 6 0 0 0 0 000000 1
cdb c03 000 000 8 4 0 0 0 0 000000 1
cbb ef2 000 000 8 8 0 0 0 0 000000 1
c8b 971 000 000 6 6 0 0 0 0 000000 1
c93 3b4 000 000 6 6 0 0 0 0 000000 1
c9f 5bb 000 000 8 8 0 0 0 0 000000 1
c99 4d5 000 000 6 6 0 0 0 0 000000 1
c9a 566 000 000 6 6 0 0 0 0 000000 1
29b 5f0 000 000 6 6 0 0 0 0 000000 1
19b d45 000 000 6 6 0 0 0 0 000000 1
01b b76 000 000 4 8 0 0 0 0 000000 1
0db 16b 000 000 6 6 0 0 0 0 000000 1
0bb 39a 000 000 6 6 0 0 0 0 000000 1
08b 419 000 000 4 4 0 0 0 0 000000 1
093 edc 000 000 4 8 0 0 0 0 000000 1
09f 8d3 000 000 6 6 0 0 0 0 000000 1
099 9bd 000 000 4 8 0 0 0 0 000000 1
09a 80e 000 000 4 4 0 0 0 0 000000 1
79b af5 000 000 8 8 0 0 0 0 000000 1
61b cc6 000 000 6 6 0 0 0 0 000000 1
6db 6db 000 000 8 8 0 0 0 0 000000 1
6bb 42a 000 000 8 4 0 0 0 0 000000 1
68b 3a9 000 000 6 6 0 0 0 0 000000 1
693 96c 000 000 6 6 0 0 0 0 000000 1
69f f63 000 000 8 8 0 0 0 0 000000 1
699 e0d 000 000 6 6 0 0 0 0 000000 1
69a fbe 000 000 6 a 0 0 0 0 000000 1
51b 473 000 000 6 6 0 0 0 0 000000 1
5db e6e 000 000 8 8 0 0 0 0 000000 1
5bb c9f 000 000 8 8 0 0 0 0 000000 1
58b b1c 000 000 6 6 0 0 0 0 000000 1
593 1d9 000 000 6 6 0 0 0 0 000000 1
59f 7d6 000 000 8 8 0 0 0 0 000000 1
599 6b8 000 000 6 6 0 0 0 0 000000 1
59a 70b 000 000 6 6 0 0 0 0 000000 1
45b 85d 000 000 6 6 0 0 0 0 000000 1
43b aac 000 000 6 6 0 0 0 0 000000 1
40b d2f 000 000 4 8 0 0 0 0 000000 1
413 7ea 000 000 4 8 0 0 0 0 000000 1
41f 1e5 000 000 6 6 0 0 0 0 000000 1
419 08b 000 000 4 4 0 0 0 0 000000 1
41a 138 000 000 4 4 0 0 0 0 000000 1
4fb 0b1 000 000 8 4 0 0 0 0 000000 1
4cb 732 000 000 6 6 0 0 0 0 000000 1
4d3 df7 000 000 6 a 0 0 0 0 000000 1
4df bf8 000 000 8 8 0 0 0 0 000000 1
4d9 a96 000 000 6 6 0 0 0 0 000000 1
4da b25 000 000 6 6 0 0 0 0 000000 1
4ab 5c3 000 000 6 6 0 0 0 0 000000 1
4b3 f06 000 000 6 6 0 0 0 0 000000 1
4bf 909 000 000 8 4 0 0 0 0 000000 1
4b9 867 000 000 6 6 0 0 0 0 000000 1
4ba 9d4 000 000 6 6 0 0 0 0 000000 1
483 885 000 000 4 4 0 0 0 0 000000 1
48f e8a 000 000 6 6 0 0 0 0 000000 1
489 fe4 000 000 4 8 0 0 0 0 000000 1
48a e57 000 000 4 8 0 0 0 0 000000 1
497 44f 000 000 6 6 0 0 0 0 000000 1
491 521 000 000 4 4 0 0 0 0 000000 1
492 492 000 000 4 4 0 0 0 0 000000 1
49d 32e 000 000 6 6 0 0 0 0 000000 1
49e 29d 000 000 6 6 0 0 0 0 000000 1
498 3f3 000 000 4 8 0 0 0 0 000000 1
caf 238 000 000 8 4 0 0 0 0 000000 1
aa0 234 000 000 4 4 0 0 0 0 000000 1
bce 232 000 000 8 4 0 0 0 0 000000 1
a7d 231 000 000 8 4 0 0 0 0 000000 1
cd4 bbf 000 000 6 a 0 0 0 0 000000 1
0d4 6d7 000 000 4 8 0 0 0 0 000000 1
6d4 167 000 000 6 6 0 0 0 0 000000 1
5d4 9d2 000 000 6 6 0 0 0 0 000000 1
454 fe1 000 000 4 8 0 0 0 0 000000 1
494 5fc 000 000 4 8 0 0 0 0 000000 1
4f4 70d 000 000 6 6 0 0 0 0 000000 1
4c4 08e 000 000 4 4 0 0 0 0 000000 1
4dc a4b 000 000 6 6 0 0 0 0 000000 1
4d0 c44 000 000 4 4 0 0 0 0 000000 1
4d6 d2a 000 000 6 6 0 0 0 0 000000 1
4d5 c99 000 000 6 6 0 0 0 0 000000 1
065 22c 000 000 4 4 0 0 0 0 000000 1
10b 22a 000 000 4 4 0 0 0 0 000000 1
0b8 229 000 000 4 4 0 0 0 0 000000 1
611 ba7 000 000 4 8 0 0 0 0 000000 1
a11 6cf 000 000 4 8 0 0 0 0 000000 1
c11 17f 000 000 4 8 0 0 0 0 000000 1
f11 9ca 000 000 6 6 0 0 0 0 000000 1
e91 ff9 000 000 6 a 0 0 0 0 000000 1
e51 5e4 000 000 6 6 0 0 0 0 000000 1
e31 715 000 000 6 6 0 0 0 0 000000 1
e01 096 000 000 4 4 0 0 0 0 000000 1
e19 a53 000 000 6 6 0 0 0 0 000000 1
e15 c5c 000 000 6 6 0 0 0 0 000000 1
e13 d32 000 000 6 6 0 0 0 0 000000 1
e10 c81 000 000 4 4 0 0 0 0 000000 1
704 226 000 000 4 4 0 0 0 0 000000 1
6b7 225 000 000 8 4 0 0 0 0 000000 1
01e bab 000 000 4 8 0 0 0 0 000000 1
c1e 6c3 000 000 6 6 0 0 0 0 000000 1
a1e 173 000 000 6 6 0 0 0 0 000000 1
91e 9c6 000 000 6 6 0 0 0 0 000000 1
89e ff5 000 000 6 a 0 0 0 0 000000 1
85e 5e8 000 000 6 6 0 0 0 0 000000 1
83e 719 000 000 6 6 0 0 0 0 000000 1
80e 09a 000 000 4 4 0 0 0 0 000000 1
816 a5f 000 000 4 8 0 0 0 0 000000 1
81a c50 000 000 4 4 0 0 0 0 000000 1
81c d3e 000 000 4 8 0 0 0 0 000000 1
81f c8d 000 000 6 6 0 0 0 0 000000 1
7d9 223 000 000 8 4 0 0 0 0 000000 1
170 bad 000 000 4 8 0 0 0 0 000000 1
d70 6c5 000 000 6 6 0 0 0 0 000000 1
b70 175 000 000 6 6 0 0 0 0 000000 1
870 9c0 000 000 4 4 0 0 0 0 000000 1
9f0 ff3 000 000 6 a 0 0 0 0 000000 1
930 5ee 000 000 4 8 0 0 0 0 000000 1
950 71f 000 000 4 8 0 0 0 0 000000 1
960 09c 000 000 4 4 0 0 0 0 000000 1
978 a59 000 000 6 6 0 0 0 0 000000 1
974 c56 000 000 6 6 0 0 0 0 000000 1
972 d38 000 000 6 6 0 0 0 0 000000 1
971 c8b 000 000 6 6 0 0 0 0 000000 1
0c3 bae 000 000 4 8 0 0 0 0 000000 1
cc3 6c6 000 000 6 6 0 0 0 0 000000 1
ac3 176 000 000 6 6 0 0 0 0 000000 1
9c3 9c3 000 000 6 6 0 0 0 0 000000 1
843 ff0 000 000 4 8 0 0 0 0 000000 1
883 5ed 000 000 4 8 0 0 0 0 000000 1
8e3 71c 000 000 6 6 0 0 0 0 000000 1
8d3 09f 000 000 6 6 0 0 0 0 000000 1
8cb a5a 000 000 6 6 0 0 0 0 000000 1
8c7 c55 000 000 6 6 0 0 0 0 000000 1
8c1 d3b 000 000 4 8 0 0 0 0 000000 1
8c2 c88 000 000 4 4 0 0 0 0 000000 1
a6a f48 000 000 6 6 0 0 0 0 000000 1
c6a 8f8 000 000 6 6 0 0 0 0 000000 1
f6a 04d 000 000 8 4 0 0 0 0 000000 1
eea 67e 000 000 8 8 0 0 0 0 000000 1
e2a c63 000 000 6 6 0 0 0 0 000000 1
e4a e92 000 000 6 6 0 0 0 0 000000 1
e7a 911 000 000 8 4 0 0 0 0 000000 1
e62 3d4 000 000 6 6 0 0 0 0 000000 1
e6e 5db 000 000 8 8 0 0 0 0 000000 1
e68 4b5 000 000 6 6 0 0 0 0 000000 1
e6b 506 000 000 8 4 0 0 0 0 000000 1
06a 590 000 000 4 4 0 0 0 0 000000 1
36a d25 000 000 6 6 0 0 0 0 000000 1
2ea b16 000 000 6 6 0 0 0 0 000000 1
22a 10b 000 000 4 4 0 0 0 0 000000 1
24a 3fa 000 000 4 8 0 0 0 0 000000 1
27a 479 000 000 6 6 0 0 0 0 000000 1
262 ebc 000 000 4 8 0 0 0 0 000000 1
26e 8b3 000 000 6 6 0 0 0 0 000000 1
268 9dd 000 000 4 8 0 0 0 0 000000 1
26b 86e 000 000 6 6 0 0 0 0 000000 1
56a a95 000 000 6 6 0 0 0 0 000000 1
4ea ca6 000 000 6 6 0 0 0 0 000000 1
42a 6bb 000 000 4 8 0 0 0 0 000000 1
44a 44a 000 000 4 4 0 0 0 0 000000 1
47a 3c9 000 000 6 6 0 0 0 0 000000 1
462 90c 000 000 4 4 0 0 0 0 000000 1
46e f03 000 000 6 6 0 0 0 0 000000 1
468 e6d 000 000 4 8 0 0 0 0 000000 1
46b fde 000 000 6 a 0 0 0 0 000000 1
7ea 413 000 000 8 4 0 0 0 0 000000 1
72a e0e 000 000 6 6 0 0 0 0 000000 1
74a cff 000 000 6 a 0 0 0 0 000000 1
77a b7c 000 000 8 8 0 0 0 0 000000 1
762 1b9 000 000 6 6 0 0 0 0 000000 1
76e 7b6 000 000 8 8 0 0 0 0 000000 1
768 6d8 000 000 6 6 0 0 0 0 000000 1
76b 76b 000 000 8 8 0 0 0 0 000000 1
6aa 83d 000 000 6 6 0 0 0 0 000000 1
6ca acc 000 000 6 6 0 0 0 0 000000 1
6fa d4f 000 000 8 8 0 0 0 0 000000 1
6e2 78a 000 000 6 6 0 0 0 0 000000 1
6ee 185 000 000 8 4 0 0 0 0 000000 1
6e8 0eb 000 000 6 6 0 0 0 0 000000 1
6eb 158 000 000 8 4 0 0 0 0 000000 1
60a 0d1 000 000 4 4 0 0 0 0 000000 1
63a 752 000 000 6 6 0 0 0 0 000000 1
622 d97 000 000 4 8 0 0 0 0 000000 1
62e b98 000 000 6 6 0 0 0 0 000000 1
628 af6 000 000 4 8 0 0 0 0 000000 1
62b b45 000 000 6 6 0 0 0 0 000000 1
65a 5a3 000 000 6 6 0 0 0 0 000000 1
642 f66 000 000 4 8 0 0 0 0 000000 1
64e 969 000 000 6 6 0 0 0 0 000000 1
648 807 000 000 4 4 0 0 0 0 000000 1
64b 9b4 000 000 6 6 0 0 0 0 000000 1
672 8e5 000 000 6 6 0 0 0 0 000000 1
67e eea 000 000 8 8 0 0 0 0 000000 1
678 f84 000 000 6 6 0 0 0 0 000000 1
67b e37 000 000 8 8 0 0 0 0 000000 1
666 42f 000 000 6 6 0 0 0 0 000000 1
660 541 000 000 4 4 0 0 0 0 000000 1
663 4f2 000 000 6 6 0 0 0 0 000000 1
66c 34e 000 000 6 6 0 0 0 0 000000 1
66f 2fd 000 000 8 8 0 0 0 0 000000 1
669 393 000 000 6 6 0 0 0 0 000000 1
7e6 21c 000 000 8 4 0 0 0 0 000000 1
688 21a 000 000 4 4 0 0 0 0 000000 1
73b 219 000 000 8 4 0 0 0 0 000000 1
192 b97 000 000 4 8 0 0 0 0 000000 1
d92 6ff 000 000 6 a 0 0 0 0 000000 1
b92 14f 000 000 6 6 0 0 0 0 000000 1
892 9fa 000 000 4 8 0 0 0 0 000000 1
912 fc9 000 000 4 8 0 0 0 0 000000 1
9d2 5d4 000 000 6 6 0 0 0 0 000000 1
9b2 725 000 000 6 6 0 0 0 0 000000 1
982 0a6 000 000 4 4 0 0 0 0 000000 1
99a a63 000 000 6 6 0 0 0 0 000000 1
996 c6c 000 000 6 6 0 0 0 0 000000 1
990 d02 000 000 4 4 0 0 0 0 000000 1
993 cb1 000 000 6 6 0 0 0 0 000000 1
087 216 000 000 4 4 0 0 0 0 000000 1
134 215 000 000 4 4 0 0 0 0 000000 1
79d b9b 000 000 8 8 0 0 0 0 000000 1
b9d 6f3 000 000 8 8 0 0 0 0 000000 1
d9d 143 000 000 8 4 0 0 0 0 000000 1
e9d 9f6 000 000 8 8 0 0 0 0 000000 1
f1d fc5 000 000 8 8 0 0 0 0 000000 1
fdd 5d8 000 000 a 6 0 0 0 0 000000 1
fbd 729 000 000 a 6 0 0 0 0 000000 1
f8d 0aa 000 000 8 4 0 0 0 0 000000 1
f95 a6f 000 000 8 8 0 0 0 0 000000 1
f99 c60 000 000 8 4 0 0 0 0 000000 1
f9f d0e 000 000 a 6 0 0 0 0 000000 1
f9c cbd 000 000 8 8 0 0 0 0 000000 1
05a 213 000 000 4 4 0 0 0 0 000000 1
6f3 b9d 000 000 8 8 0 0 0 0 000000 1
af3 6f5 000 000 8 8 0 0 0 0 000000 1
cf3 145 000 000 8 4 0 0 0 0 000000 1
ff3 9f0 000 000 a 6 0 0 0 0 000000 1
e73 fc3 000 000 8 8 0 0 0 0 000000 1
eb3 5de 000 000 8 8 0 0 0 0 000000 1
ed3 72f 000 000 8 8 0 0 0 0 000000 1
ee3 0ac 000 000 8 4 0 0 0 0 000000 1
efb a69 000 000 a 6 0 0 0 0 000000 1
ef7 c66 000 000 a 6 0 0 0 0 000000 1
ef1 d08 000 000 8 4 0 0 0 0 000000 1
ef2 cbb 000 000 8 8 0 0 0 0 000000 1
740 b9e 000 000 4 8 0 0 0 0 000000 1
b40 6f6 000 000 4 8 0 0 0 0 000000 1
d40 146 000 000 4 4 0 0 0 0 000000 1
e40 9f3 000 000 4 8 0 0 0 0 000000 1
fc0 fc0 000 000 6 6 0 0 0 0 000000 1
f00 5dd 000 000 4 8 0 0 0 0 000000 1
f60 72c 000 000 6 6 0 0 0 0 000000 1
f50 0af 000 000 6 6 0 0 0 0 000000 1
f48 a6a 000 000 6 6 0 0 0 0 000000 1
f44 c65 000 000 6 6 0 0 0 0 000000 1
f42 d0b 000 000 6 6 0 0 0 0 000000 1
f41 cb8 000 000 6 6 0 0 0 0 000000 1
de9 f78 000 000 8 8 0 0 0 0 000000 1
be9 8c8 000 000 8 4 0 0 0 0 000000 1
8e9 07d 000 000 6 6 0 0 0 0 000000 1
969 64e 000 000 6 6 0 0 0 0 000000 1
9a9 c53 000 000 6 6 0 0 0 0 000000 1
9c9 ea2 000 000 6 6 0 0 0 0 000000 1
9f9 921 000 000 8 4 0 0 0 0 000000 1
9e1 3e4 000 000 6 6 0 0 0 0 000000 1
9ed 5eb 000 000 8 8 0 0 0 0 000000 1
9eb 485 000 000 8 4 0 0 0 0 000000 1
9e8 536 000 000 6 6 0 0 0 0 000000 1
7e9 5a0 000 000 8 4 0 0 0 0 000000 1
4e9 d15 000 000 6 6 0 0 0 0 000000 1
569 b26 000 000 6 6 0 0 0 0 000000 1
5a9 13b 000 000 6 6 0 0 0 0 000000 1
5c9 3ca 000 000 6 6 0 0 0 0 000000 1
5f9 449 000 000 8 4 0 0 0 0 000000 1
5e1 e8c 000 000 6 6 0 0 0 0 000000 1
5ed 883 000 000 8 4 0 0 0 0 000000 1
5eb 9ed 000 000 8 8 0 0 0 0 000000 1
5e8 85e 000 000 6 6 0 0 0 0 000000 1
2e9 aa5 000 000 6 6 0 0 0 0 000000 1
369 c96 000 000 6 6 0 0 0 0 000000 1
3a9 68b 000 000 6 6 0 0 0 0 000000 1
3c9 47a 000 000 6 6 0 0 0 0 000000 1
3f9 3f9 000 000 8 8 0 0 0 0 000000 1
3e1 93c 000 000 6 6 0 0 0 0 000000 1
3ed f33 000 000 8 8 0 0 0 0 000000 1
3eb e5d 000 000 8 8 0 0 0 0 000000 1
3e8 fee 000 000 6 a 0 0 0 0 000000 1
069 423 000 000 4 4 0 0 0 0 000000 1
0a9 e3e 000 000 4 8 0 0 0 0 000000 1
0c9 ccf 000 000 4 8 0 0 0 0 000000 1
0f9 b4c 000 000 6 6 0 0 0 0 000000 1
0e1 189 000 000 4 4 0 0 0 0 000000 1
0ed 786 000 000 6 6 0 0 0 0 000000 1
0eb 6e8 000 000 6 6 0 0 0 0 000000 1
0e8 75b 000 000 4 8 0 0 0 0 000000 1
129 80d 000 000 4 4 0 0 0 0 000000 1
149 afc 000 000 4 8 0 0 0 0 000000 1
179 d7f 000 000 6 a 0 0 0 0 000000 1
161 7ba 000 000 4 8 0 0 0 0 000000 1
16d 1b5 000 000 6 6 0 0 0 0 000000 1
16b 0db 000 000 6 6 0 0 0 0 000000 1
168 168 000 000 4 4 0 0 0 0 000000 1
189 0e1 000 000 4 4 0 0 0 0 000000 1
1b9 762 000 000 6 6 0 0 0 0 000000 1
1a1 da7 000 000 4 8 0 0 0 0 000000 1
1ad ba8 000 000 6 6 0 0 0 0 000000 1
1ab ac6 000 000 6 6 0 0 0 0 000000 1
1a8 b75 000 000 4 8 0 0 0 0 000000 1
1d9 593 000 000 6 6 0 0 0 0 000000 1
1c1 f56 000 000 4 8 0 0 0 0 000000 1
1cd 959 000 000 6 6 0 0 0 0 000000 1
1cb 837 000 000 6 6 0 0 0 0 000000 1
1c8 984 000 000 4 4 0 0 0 0 000000 1
1f1 8d5 000 000 6 6 0 0 0 0 000000 1
1fd eda 000 000 8 8 0 0 0 0 000000 1
1fb fb4 000 000 8 8 0 0 0 0 000000 1
1f8 e07 000 000 6 6 0 0 0 0 000000 1
1e5 41f 000 000 6 6 0 0 0 0 000000 1
1e3 571 000 000 6 6 0 0 0 0 000000 1
1e0 4c2 000 000 4 4 0 0 0 0 000000 1
1ef 37e 000 000 8 8 0 0 0 0 000000 1
1ec 2cd 000 000 6 6 0 0 0 0 000000 1
1ea 3a3 000 000 6 6 0 0 0 0 000000 1
a42 20e 000 000 4 4 0 0 0 0 000000 1
bf1 20d 000 000 8 4 0 0 0 0 000000 1
d58 b83 000 000 6 6 0 0 0 0 000000 1
158 6eb 000 000 4 8 0 0 0 0 000000 1
758 15b 000 000 6 6 0 0 0 0 000000 1
458 9ee 000 000 4 8 0 0 0 0 000000 1
5d8 fdd 000 000 6 a 0 0 0 0 000000 1
518 5c0 000 000 4 4 0 0 0 0 000000 1
578 731 000 000 6 6 0 0 0 0 000000 1
548 0b2 000 000 4 4 0 0 0 0 000000 1
550 a77 000 000 4 8 0 0 0 0 000000 1
55c c78 000 000 6 6 0 0 0 0 000000 1
55a d16 000 000 6 6 0 0 0 0 000000 1
559 ca5 000 000 6 6 0 0 0 0 000000 1
a9f 20b 000 000 8 4 0 0 0 0 000000 1
c36 b85 000 000 6 6 0 0 0 0 000000 1
036 6ed 000 000 4 8 0 0 0 0 000000 1
636 15d 000 000 6 6 0 0 0 0 000000 1
536 9e8 000 000 6 6 0 0 0 0 000000 1
4b6 fdb 000 000 6 a 0 0 0 0 000000 1
476 5c6 000 000 6 6 0 0 0 0 000000 1
416 737 000 000 4 8 0 0 0 0 000000 1
426 0b4 000 000 4 4 0 0 0 0 000000 1
43e a71 000 000 6 6 0 0 0 0 000000 1
432 c7e 000 000 4 8 0 0 0 0 000000 1
434 d10 000 000 4 4 0 0 0 0 000000 1
437 ca3 000 000 6 6 0 0 0 0 000000 1
d85 b86 000 000 6 6 0 0 0 0 000000 1
185 6ee 000 000 4 8 0 0 0 0 000000 1
785 15e 000 000 6 6 0 0 0 0 000000 1
485 9eb 000 000 4 8 0 0 0 0 000000 1
505 fd8 000 000 4 8 0 0 0 0 000000 1
5c5 5c5 000 000 6 6 0 0 0 0 000000 1
5a5 734 000 000 6 6 0 0 0 0 000000 1
595 0b7 000 000 6 6 0 0 0 0 000000 1
58d a72 000 000 6 6 0 0 0 0 000000 1
581 c7d 000 000 4 8 0 0 0 0 000000 1
587 d13 000 000 6 6 0 0 0 0 000000 1
584 ca0 000 000 4 4 0 0 0 0 000000 1
72c f60 000 000 6 6 0 0 0 0 000000 1
12c 8d0 000 000 4 4 0 0 0 0 000000 1
22c 065 000 000 4 4 0 0 0 0 000000 1
3ac 656 000 000 6 6 0 0 0 0 000000 1
36c c4b 000 000 6 6 0 0 0 0 000000 1
30c eba 000 000 4 8 0 0 0 0 000000 1
33c 939 000 000 6 6 0 0 0 0 000000 1
324 3fc 000 000 4 8 0 0 0 0 000000 1
328 5f3 000 000 4 8 0 0 0 0 000000 1
32e 49d 000 000 6 6 0 0 0 0 000000 1
32d 52e 000 000 6 6 0 0 0 0 000000 1
d2c 5b8 000 000 6 6 0 0 0 0 000000 1
e2c d0d 000 000 6 6 0 0 0 0 000000 1
fac b3e 000 000 8 8 0 0 0 0 000000 1
f6c 123 000 000 8 4 0 0 0 0 000000 1
f0c 3d2 000 000 6 6 0 0 0 0 000000 1
f3c 451 000 000 8 4 0 0 0 0 000000 1
f24 e94 000 000 6 6 0 0 0 0 000000 1
f28 89b 000 000 6 6 0 0 0 0 000000 1
f2e 9f5 000 000 8 8 0 0 0 0 000000 1
f2d 846 000 000 8 4 0 0 0 0 000000 1
82c abd 000 000 4 8 0 0 0 0 000000 1
9ac c8e 000 000 6 6 0 0 0 0 000000 1
96c 693 000 000 6 6 0 0 0 0 000000 1
90c 462 000 000 4 4 0 0 0 0 000000 1
93c 3e1 000 000 6 6 0 0 0 0 000000 1
924 924 000 000 4 4 0 0 0 0 000000 1
928 f2b 000 000 4 8 0 0 0 0 000000 1
92e e45 000 000 6 6 0 0 0 0 000000 1
92d ff6 000 000 6 a 0 0 0 0 000000 1
aac 43b 000 000 6 6 0 0 0 0 000000 1
a6c e26 000 000 6 6 0 0 0 0 000000 1
a0c cd7 000 000 4 8 0 0 0 0 000000 1
a3c b54 000 000 6 6 0 0 0 0 000000 1
a24 191 000 000 4 4 0 0 0 0 000000 1
a28 79e 000 000 4 8 0 0 0 0 000000 1
a2e 6f0 000 000 6 6 0 0 0 0 000000 1
a2d 743 000 000 6 6 0 0 0 0 000000 1
bec 815 000 000 8 4 0 0 0 0 000000 1
b8c ae4 000 000 6 6 0 0 0 0 000000 1
bbc d67 000 000 8 8 0 0 0 0 000000 1
ba4 7a2 000 000 6 6 0 0 0 0 000000 1
ba8 1ad 000 000 6 6 0 0 0 0 000000 1
bae 0c3 000 000 8 4 0 0 0 0 000000 1
bad 170 000 000 8 4 0 0 0 0 000000 1
b4c 0f9 000 000 6 6 0 0 0 0 000000 1
b7c 77a 000 000 8 8 0 0 0 0 000000 1
b64 dbf 000 000 6 a 0 0 0 0 000000 1
b68 bb0 000 000 6 6 0 0 0 0 000000 1
b6e ade 000 000 8 8 0 0 0 0 000000 1
b6d b6d 000 000 8 8 0 0 0 0 000000 1
b1c 58b 000 000 6 6 0 0 0 0 000000 1
b04 f4e 000 000 4 8 0 0 0 0 000000 1
b08 941 000 000 4 4 0 0 0 0 000000 1
b0e 82f 000 000 6 6 0 0 0 0 000000 1
b0d 99c 000 000 6 6 0 0 0 0 000000 1
b34 8cd 000 000 6 6 0 0 0 0 000000 1
b38 ec2 000 000 6 6 0 0 0 0 000000 1
b3e fac 000 000 8 8 0 0 0 0 000000 1
b3d e1f 000 000 8 8 0 0 0 0 000000 1
b20 407 000 000 4 4 0 0 0 0 000000 1
b26 569 000 000 6 6 0 0 0 0 000000 1
b25 4da 000 000 6 6 0 0 0 0 000000 1
b2a 366 000 000 6 6 0 0 0 0 000000 1
b29 2d5 000 000 6 6 0 0 0 0 000000 1
b2f 3bb 000 000 8 8 0 0 0 0 000000 1
c90 207 000 000 4 4 0 0 0 0 000000 1
a39 b89 000 000 6 6 0 0 0 0 000000 1
639 6e1 000 000 6 6 0 0 0 0 000000 1
039 151 000 000 4 4 0 0 0 0 000000 1
339 9e4 000 000 6 6 0 0 0 0 000000 1
2b9 fd7 000 000 6 a 0 0 0 0 000000 1
279 5ca 000 000 6 6 0 0 0 0 000000 1
219 73b 000 000 4 8 0 0 0 0 000000 1
229 0b8 000 000 4 4 0 0 0 0 000000 1
231 a7d 000 000 4 8 0 0 0 0 000000 1
23d c72 000 000 6 6 0 0 0 0 000000 1
23b d1c 000 000 6 6 0 0 0 0 000000 1
238 caf 000 000 4 8 0 0 0 0 000000 1
b8a b8a 000 000 6 6 0 0 0 0 000000 1
78a 6e2 000 000 6 6 0 0 0 0 000000 1
18a 152 000 000 4 4 0 0 0 0 000000 1
28a 9e7 000 000 4 8 0 0 0 0 000000 1
30a fd4 000 000 4 8 0 0 0 0 000000 1
3ca 5c9 000 000 6 6 0 0 0 0 000000 1
3aa 738 000 000 6 6 0 0 0 0 000000 1
39a 0bb 000 000 6 6 0 0 0 0 000000 1
382 a7e 000 000 4 8 0 0 0 0 000000 1
38e c71 000 000 6 6 0 0 0 0 000000 1
388 d1f 000 000 4 8 0 0 0 0 000000 1
38b cac 000 000 6 6 0 0 0 0 000000 1
123 f6c 000 000 4 8 0 0 0 0 000000 1
723 8dc 000 000 6 6 0 0 0 0 000000 1
423 069 000 000 4 4 0 0 0 0 000000 1
5a3 65a 000 000 6 6 0 0 0 0 000000 1
563 c47 000 000 6 6 0 0 0 0 000000 1
503 eb6 000 000 4 8 0 0 0 0 000000 1
533 935 000 000 6 6 0 0 0 0 000000 1
52b 3f0 000 000 6 6 0 0 0 0 000000 1
527 5ff 000 000 6 a 0 0 0 0 000000 1
521 491 000 000 4 4 0 0 0 0 000000 1
522 522 000 000 4 4 0 0 0 0 000000 1
b23 5b4 000 000 6 6 0 0 0 0 000000 1
823 d01 000 000 4 4 0 0 0 0 000000 1
9a3 b32 000 000 6 6 0 0 0 0 000000 1
963 12f 000 000 6 6 0 0 0 0 000000 1
903 3de 000 000 4 8 0 0 0 0 000000 1
933 45d 000 000 6 6 0 0 0 0 000000 1
92b e98 000 000 6 6 0 0 0 0 000000 1
927 897 000 000 6 6 0 0 0 0 000000 1
921 9f9 000 000 4 8 0 0 0 0 000000 1
922 84a 000 000 4 4 0 0 0 0 000000 1
e23 ab1 000 000 6 6 0 0 0 0 000000 1
fa3 c82 000 000 8 4 0 0 0 0 000000 1
f63 69f 000 000 8 8 0 0 0 0 000000 1
f03 46e 000 000 6 6 0 0 0 0 000000 1
f33 3ed 000 000 8 8 0 0 0 0 000000 1
f2b 928 000 000 8 4 0 0 0 0 000000 1
f27 f27 000 000 8 8 0 0 0 0 000000 1
f21 e49 000 000 6 6 0 0 0 0 000000 1
f22 ffa 000 000 6 a 0 0 0 0 000000 1
ca3 437 000 000 6 6 0 0 0 0 000000 1
c63 e2a 000 000 6 6 0 0 0 0 000000 1
c03 cdb 000 000 4 8 0 0 0 0 000000 1
c33 b58 000 000 6 6 0 0 0 0 000000 1
c2b 19d 000 000 6 6 0 0 0 0 000000 1
c27 792 000 000 6 6 0 0 0 0 000000 1
c21 6fc 000 000 4 8 0 0 0 0 000000 1
c22 74f 000 000 4 8 0 0 0 0 000000 1
de3 819 000 000 8 4 0 0 0 0 000000 1
d83 ae8 000 000 6 6 0 0 0 0 000000 1
db3 d6b 000 000 8 8 0 0 0 0 000000 1
dab 7ae 000 000 8 8 0 0 0 0 000000 1
da7 1a1 000 000 8 4 0 0 0 0 000000 1
da1 0cf 000 000 6 6 0 0 0 0 000000 1
da2 17c 000 000 6 6 0 0 0 0 000000 1
d43 0f5 000 000 6 6 0 0 0 0 000000 1
d73 776 000 000 8 8 0 0 0 0 000000 1
d6b db3 000 000 8 8 0 0 0 0 000000 1
d67 bbc 000 000 8 8 0 0 0 0 000000 1
d61 ad2 000 000 6 6 0 0 0 0 000000 1
d62 b61 000 000 6 6 0 0 0 0 000000 1
d13 587 000 000 6 6 0 0 0 0 000000 1
d0b f42 000 000 6 6 0 0 0 0 000000 1
d07 94d 000 000 6 6 0 0 0 0 000000 1
d01 823 000 000 4 4 0 0 0 0 000000 1
d02 990 000 000 4 4 0 0 0 0 000000 1
d3b 8c1 000 000 8 4 0 0 0 0 000000 1
d37 ece 000 000 8 8 0 0 0 0 000000 1
d31 fa0 000 000 6 6 0 0 0 0 000000 1
d32 e13 000 000 6 6 0 0 0 0 000000 1
d2f 40b 000 000 8 4 0 0 0 0 000000 1
d29 565 000 000 6 6 0 0 0 0 000000 1
d2a 4d6 000 000 6 6 0 0 0 0 000000 1
d25 36a 000 000 6 6 0 0 0 0 000000 1
d26 2d9 000 000 6 6 0 0 0 0 000000 1
d20 3b7 000 000 4 8 0 0 0 0 000000 1
ae4 b8c 000 000 6 6 0 0 0 0 000000 1
6e4 6e4 000 000 6 6 0 0 0 0 000000 1
0e4 154 000 000 4 4 0 0 0 0 000000 1
3e4 9e1 000 000 6 6 0 0 0 0 000000 1
264 fd2 000 000 4 8 0 0 0 0 000000 1
2a4 5cf 000 000 4 8 0 0 0 0 000000 1
2c4 73e 000 000 4 8 0 0 0 0 000000 1
2f4 0bd 000 000 6 6 0 0 0 0 000000 1
2ec a78 000 000 6 6 0 0 0 0 000000 1
2e0 c77 000 000 4 8 0 0 0 0 000000 1
2e6 d19 000 000 6 6 0 0 0 0 000000 1
2e5 caa 000 000 6 6 0 0 0 0 000000 1
04d f6a 000 000 4 8 0 0 0 0 000000 1
64d 8da 000 000 6 6 0 0 0 0 000000 1
54d 06f 000 000 6 6 0 0 0 0 000000 1
4cd 65c 000 000 6 6 0 0 0 0 000000 1
40d c41 000 000 4 4 0 0 0 0 000000 1
46d eb0 000 000 6 6 0 0 0 0 000000 1
45d 933 000 000 6 6 0 0 0 0 000000 1
445 3f6 000 000 4 8 0 0 0 0 000000 1
449 5f9 000 000 4 8 0 0 0 0 000000 1
44f 497 000 000 6 6 0 0 0 0 000000 1
44c 524 000 000 4 4 0 0 0 0 000000 1
a4d 5b2 000 000 6 6 0 0 0 0 000000 1
94d d07 000 000 6 6 0 0 0 0 000000 1
8cd b34 000 000 6 6 0 0 0 0 000000 1
80d 129 000 000 4 4 0 0 0 0 000000 1
86d 3d8 000 000 6 6 0 0 0 0 000000 1
85d 45b 000 000 6 6 0 0 0 0 000000 1
845 e9e 000 000 4 8 0 0 0 0 000000 1
849 891 000 000 4 4 0 0 0 0 000000 1
84f 9ff 000 000 6 a 0 0 0 0 000000 1
84c 84c 000 000 4 4 0 0 0 0 000000 1
f4d ab7 000 000 8 8 0 0 0 0 000000 1
ecd c84 000 000 8 4 0 0 0 0 000000 1
e0d 699 000 000 6 6 0 0 0 0 000000 1
e6d 468 000 000 8 4 0 0 0 0 000000 1
e5d 3eb 000 000 8 8 0 0 0 0 000000 1
e45 92e 000 000 6 6 0 0 0 0 000000 1
e49 f21 000 000 6 6 0 0 0 0 000000 1
e4f e4f 000 000 8 8 0 0 0 0 000000 1
e4c ffc 000 000 6 a 0 0 0 0 000000 1
dcd 431 000 000 8 4 0 0 0 0 000000 1
d0d e2c 000 000 6 6 0 0 0 0 000000 1
d6d cdd 000 000 8 8 0 0 0 0 000000 1
d5d b5e 000 000 8 8 0 0 0 0 000000 1
d45 19b 000 000 6 6 0 0 0 0 000000 1
d49 794 000 000 6 6 0 0 0 0 000000 1
d4f 6fa 000 000 8 8 0 0 0 0 000000 1
d4c 749 000 000 6 6 0 0 0 0 000000 1
c8d 81f 000 000 6 6 0 0 0 0 000000 1
ced aee 000 000 8 8 0 0 0 0 000000 1
cdd d6d 000 000 8 8 0 0 0 0 000000 1
cc5 7a8 000 000 6 6 0 0 0 0 000000 1
cc9 1a7 000 000 6 6 0 0 0 0 000000 1
ccf 0c9 000 000 8 4 0 0 0 0 000000 1
ccc 17a 000 000 6 6 0 0 0 0 000000 1
c2d 0f3 000 000 6 6 0 0 0 0 000000 1
c1d 770 000 000 6 6 0 0 0 0 000000 1
c05 db5 000 000 4 8 0 0 0 0 000000 1
c09 bba 000 000 4 8 0 0 0 0 000000 1
c0f ad4 000 000 6 6 0 0 0 0 000000 1
c0c b67 000 000 4 8 0 0 0 0 000000 1
c7d 581 000 000 8 4 0 0 0 0 000000 1
c65 f44 000 000 6 6 0 0 0 0 000000 1
c69 94b 000 000 6 6 0 0 0 0 000000 1
c6f 825 000 000 8 4 0 0 0 0 000000 1
c6c 996 000 000 6 6 0 0 0 0 000000 1
c55 8c7 000 000 6 6 0 0 0 0 000000 1
c59 ec8 000 000 6 6 0 0 0 0 000000 1
c5f fa6 000 000 8 8 0 0 0 0 000000 1
c5c e15 000 000 6 6 0 0 0 0 000000 1
c41 40d 000 000 4 4 0 0 0 0 000000 1
c47 563 000 000 6 6 0 0 0 0 000000 1
c44 4d0 000 000 4 4 0 0 0 0 000000 1
c4b 36c 000 000 6 6 0 0 0 0 000000 1
c48 2df 000 000 4 8 0 0 0 0 000000 1
c4e 3b1 000 000 6 6 0 0 0 0 000000 1
1fe f69 000 000 8 8 0 0 0 0 000000 1
7fe 8d9 000 000 a 6 0 0 0 0 000000 1
4fe 06c 000 000 8 4 0 0 0 0 000000 1
57e 65f 000 000 8 8 0 0 0 0 000000 1
5be c42 000 000 8 4 0 0 0 0 000000 1
5de eb3 000 000 8 8 0 0 0 0 000000 1
5ee 930 000 000 8 4 0 0 0 0 000000 1
5f6 3f5 000 000 8 8 0 0 0 0 000000 1
5fa 5fa 000 000 8 8 0 0 0 0 000000 1
5fc 494 000 000 8 4 0 0 0 0 000000 1
5ff 527 000 000 a 6 0 0 0 0 000000 1
bfe 5b1 000 000 a 6 0 0 0 0 000000 1
8fe d04 000 000 8 4 0 0 0 0 000000 1
97e b37 000 000 8 8 0 0 0 0 000000 1
9be 12a 000 000 8 4 0 0 0 0 000000 1
9de 3db 000 000 8 8 0 0 0 0 000000 1
9ee 458 000 000 8 4 0 0 0 0 000000 1
9f6 e9d 000 000 8 8 0 0 0 0 000000 1
9fa 892 000 000 8 4 0 0 0 0 000000 1
9fc 9fc 000 000 8 8 0 0 0 0 000000 1
9ff 84f 000 000 a 6 0 0 0 0 000000 1
efe ab4 000 000 a 6 0 0 0 0 000000 1
f7e c87 000 000 a 6 0 0 0 0 000000 1
fbe 69a 000 000 a 6 0 0 0 0 000000 1
fde 46b 000 000 a 6 0 0 0 0 000000 1
fee 3e8 000 000 a 6 0 0 0 0 000000 1
ff6 92d 000 000 a 6 0 0 0 0 000000 1
ffa f22 000 000 a 6 0 0 0 0 000000 1
ffc e4c 000 000 a 6 0 0 0 0 000000 1
fff fff 000 000 c c 0 0 0 0 000000 1
c7e 432 000 000 8 4 0 0 0 0 000000 1
cbe e2f 000 000 8 8 0 0 0 0 000000 1
cde cde 000 000 8 8 0 0 0 0 000000 1
cee b5d 000 000 8 8 0 0 0 0 000000 1
cf6 198 000 000 8 4 0 0 0 0 000000 1
cfa 797 000 000 8 8 0 0 0 0 000000 1
cfc 6f9 000 000 8 8 0 0 0 0 000000 1
cff 74a 000 000 a 6 0 0 0 0 000000 1
d3e 81c 000 000 8 4 0 0 0 0 000000 1
d5e aed 000 000 8 8 0 0 0 0 000000 1
d6e d6e 000 000 8 8 0 0 0 0 000000 1
d76 7ab 000 000 8 8 0 0 0 0 000000 1
d7a 1a4 000 000 8 4 0 0 0 0 000000 1
d7c 0ca 000 000 8 4 0 0 0 0 000000 1
d7f 179 000 000 a 6 0 0 0 0 000000 1
d9e 0f0 000 000 8 4 0 0 0 0 000000 1
dae 773 000 000 8 8 0 0 0 0 000000 1
db6 db6 000 000 8 8 0 0 0 0 000000 1
dba bb9 000 000 8 8 0 0 0 0 000000 1
dbc ad7 000 000 8 8 0 0 0 0 000000 1
dbf b64 000 000 a 6 0 0 0 0 000000 1
dce 582 000 000 8 4 0 0 0 0 000000 1
dd6 f47 000 000 8 8 0 0 0 0 000000 1
dda 948 000 000 8 4 0 0 0 0 000000 1
ddc 826 000 000 8 4 0 0 0 0 000000 1
ddf 995 000 000 a 6 0 0 0 0 000000 1
de6 8c4 000 000 8 4 0 0 0 0 000000 1
dea ecb 000 000 8 8 0 0 0 0 000000 1
dec fa5 000 000 8 8 0 0 0 0 000000 1
def e16 000 000 a 6 0 0 0 0 000000 1
df2 40e 000 000 8 4 0 0 0 0 000000 1
df4 560 000 000 8 4 0 0 0 0 000000 1
df7 4d3 000 000 a 6 0 0 0 0 000000 1
df8 36f 000 000 8 8 0 0 0 0 000000 1
dfb 2dc 000 000 a 6 0 0 0 0 000000 1
dfd 3b2 000 000 a 6 0 0 0 0 000000 1
d57 c3f 000 000 8 8 0 0 0 0 000000 1
e57 48a 000 000 8 4 0 0 0 0 000000 1
fd7 2b9 000 000 a 6 0 0 0 0 000000 1
f17 8a4 000 000 8 4 0 0 0 0 000000 1
f77 a55 000 000 a 6 0 0 0 0 000000 1
f47 dd6 000 000 8 8 0 0 0 0 000000 1
f5f 713 000 000 a 6 0 0 0 0 000000 1
f53 11c 000 000 8 4 0 0 0 0 000000 1
f55 072 000 000 8 4 0 0 0 0 000000 1
f56 1c1 000 000 8 4 0 0 0 0 000000 1
857 33a 000 000 6 6 0 0 0 0 000000 1
9d7 509 000 000 8 4 0 0 0 0 000000 1
917 f14 000 000 6 6 0 0 0 0 000000 1
977 de5 000 000 8 8 0 0 0 0 000000 1
947 a66 000 000 6 6 0 0 0 0 000000 1
95f 0a3 000 000 8 4 0 0 0 0 000000 1
953 6ac 000 000 6 6 0 0 0 0 000000 1
955 7c2 000 000 6 6 0 0 0 0 000000 1
956 671 000 000 6 6 0 0 0 0 000000 1
ad7 dbc 000 000 8 8 0 0 0 0 000000 1
a17 7a1 000 000 6 6 0 0 0 0 000000 1
a77 550 000 000 8 4 0 0 0 0 000000 1
a47 2d3 000 000 6 6 0 0 0 0 000000 1
a5f 816 000 000 8 4 0 0 0 0 000000 1
a53 e19 000 000 6 6 0 0 0 0 000000 1
a55 f77 000 000 6 a 0 0 0 0 000000 1
a56 ec4 000 000 6 6 0 0 0 0 000000 1
b97 192 000 000 8 4 0 0 0 0 000000 1
bf7 363 000 000 a 6 0 0 0 0 000000 1
bc7 4e0 000 000 8 4 0 0 0 0 000000 1
bdf e25 000 000 a 6 0 0 0 0 000000 1
bd3 82a 000 000 8 4 0 0 0 0 000000 1
bd5 944 000 000 8 4 0 0 0 0 000000 1
bd6 8f7 000 000 8 8 0 0 0 0 000000 1
b37 97e 000 000 8 8 0 0 0 0 000000 1
b07 efd 000 000 6 a 0 0 0 0 000000 1
b1f 438 000 000 8 4 0 0 0 0 000000 1
b13 237 000 000 6 6 0 0 0 0 000000 1
b15 359 000 000 6 6 0 0 0 0 000000 1
b16 2ea 000 000 6 6 0 0 0 0 000000 1
b67 c0c 000 000 8 4 0 0 0 0 000000 1
b7f 6c9 000 000 a 6 0 0 0 0 000000 1
b73 0c6 000 000 8 4 0 0 0 0 000000 1
b75 1a8 000 000 8 4 0 0 0 0 000000 1
b76 01b 000 000 8 4 0 0 0 0 000000 1
b4f 14a 000 000 8 4 0 0 0 0 000000 1
b43 745 000 000 6 6 0 0 0 0 000000 1
b45 62b 000 000 6 6 0 0 0 0 000000 1
b46 798 000 000 6 6 0 0 0 0 000000 1
b5b d80 000 000 8 4 0 0 0 0 000000 1
b5d cee 000 000 8 8 0 0 0 0 000000 1
b5e d5d 000 000 8 8 0 0 0 0 000000 1
b51 ae1 000 000 6 6 0 0 0 0 000000 1
b52 b52 000 000 6 6 0 0 0 0 000000 1
b54 a3c 000 000 6 6 0 0 0 0 000000 1
457 e52 000 000 6 6 0 0 0 0 000000 1
5d7 861 000 000 8 4 0 0 0 0 000000 1
517 27c 000 000 6 6 0 0 0 0 000000 1
577 08d 000 000 8 4 0 0 0 0 000000 1
547 70e 000 000 6 6 0 0 0 0 000000 1
55f dcb 000 000 8 8 0 0 0 0 000000 1
553 bc4 000 000 6 6 0 0 0 0 000000 1
555 aaa 000 000 6 6 0 0 0 0 000000 1
556 b19 000 000 6 6 0 0 0 0 000000 1
6d7 0d4 000 000 8 4 0 0 0 0 000000 1
617 ac9 000 000 6 6 0 0 0 0 000000 1
677 838 000 000 8 4 0 0 0 0 000000 1
647 fbb 000 000 6 a 0 0 0 0 000000 1
65f 57e 000 000 8 8 0 0 0 0 000000 1
653 371 000 000 6 6 0 0 0 0 000000 1
655 21f 000 000 6 6 0 0 0 0 000000 1
656 3ac 000 000 6 6 0 0 0 0 000000 1
797 cfa 000 000 8 8 0 0 0 0 000000 1
7f7 e0b 000 000 a 6 0 0 0 0 000000 1
7c7 988 000 000 8 4 0 0 0 0 000000 1
7df 34d 000 000 a 6 0 0 0 0 000000 1
7d3 542 000 000 8 4 0 0 0 0 000000 1
7d5 42c 000 000 8 4 0 0 0 0 000000 1
7d6 59f 000 000 8 8 0 0 0 0 000000 1
737 416 000 000 8 4 0 0 0 0 000000 1
707 395 000 000 6 6 0 0 0 0 000000 1
71f 950 000 000 8 4 0 0 0 0 000000 1
713 f5f 000 000 6 a 0 0 0 0 000000 1
715 e31 000 000 6 6 0 0 0 0 000000 1
716 f82 000 000 6 6 0 0 0 0 000000 1
767 164 000 000 8 4 0 0 0 0 000000 1
77f ba1 000 000 a 6 0 0 0 0 000000 1
773 dae 000 000 8 8 0 0 0 0 000000 1
775 cc0 000 000 8 4 0 0 0 0 000000 1
776 d73 000 000 8 8 0 0 0 0 000000 1
74f c22 000 000 8 4 0 0 0 0 000000 1
743 a2d 000 000 6 6 0 0 0 0 000000 1
745 b43 000 000 6 6 0 0 0 0 000000 1
746 af0 000 000 6 6 0 0 0 0 000000 1
75b 0e8 000 000 8 4 0 0 0 0 000000 1
75d 186 000 000 8 4 0 0 0 0 000000 1
75e 035 000 000 8 4 0 0 0 0 000000 1
751 789 000 000 6 6 0 0 0 0 000000 1
752 63a 000 000 6 6 0 0 0 0 000000 1
754 754 000 000 6 6 0 0 0 0 000000 1
0d7 764 000 000 6 6 0 0 0 0 000000 1
017 d79 000 000 4 8 0 0 0 0 000000 1
077 f88 000 000 6 6 0 0 0 0 000000 1
047 80b 000 000 4 4 0 0 0 0 000000 1
05f 2ce 000 000 6 6 0 0 0 0 000000 1
053 4c1 000 000 4 4 0 0 0 0 000000 1
055 5af 000 000 4 8 0 0 0 0 000000 1
056 41c 000 000 4 4 0 0 0 0 000000 1
197 b4a 000 000 6 6 0 0 0 0 000000 1
1f7 9bb 000 000 8 8 0 0 0 0 000000 1
1c7 e38 000 000 6 6 0 0 0 0 000000 1
1df 4fd 000 000 8 8 0 0 0 0 000000 1
1d3 2f2 000 000 6 6 0 0 0 0 000000 1
1d5 39c 000 000 6 6 0 0 0 0 000000 1
1d6 22f 000 000 6 6 0 0 0 0 000000 1
137 3a6 000 000 6 6 0 0 0 0 000000 1
107 425 000 000 4 4 0 0 0 0 000000 1
11f ee0 000 000 6 6 0 0 0 0 000000 1
113 8ef 000 000 4 8 0 0 0 0 000000 1
115 981 000 000 4 4 0 0 0 0 000000 1
116 832 000 000 4 4 0 0 0 0 000000 1
167 6d4 000 000 6 6 0 0 0 0 000000 1
17f c11 000 000 8 4 0 0 0 0 000000 1
173 a1e 000 000 6 6 0 0 0 0 000000 1
175 b70 000 000 6 6 0 0 0 0 000000 1
176 ac3 000 000 6 6 0 0 0 0 000000 1
14f b92 000 000 6 6 0 0 0 0 000000 1
143 d9d 000 000 4 8 0 0 0 0 000000 1
145 cf3 000 000 4 8 0 0 0 0 000000 1
146 d40 000 000 4 4 0 0 0 0 000000 1
15b 758 000 000 6 6 0 0 0 0 000000 1
15d 636 000 000 6 6 0 0 0 0 000000 1
15e 785 000 000 6 6 0 0 0 0 000000 1
151 039 000 000 4 4 0 0 0 0 000000 1
152 18a 000 000 4 4 0 0 0 0 000000 1
154 0e4 000 000 4 4 0 0 0 0 000000 1
297 3ff 000 000 6 a 0 0 0 0 000000 1
2f7 10e 000 000 8 4 0 0 0 0 000000 1
2c7 68d 000 000 6 6 0 0 0 0 000000 1
2df c48 000 000 8 4 0 0 0 0 000000 1
2d3 a47 000 000 6 6 0 0 0 0 000000 1
2d5 b29 000 000 6 6 0 0 0 0 000000 1
2d6 a9a 000 000 6 6 0 0 0 0 000000 1
237 b13 000 000 6 6 0 0 0 0 000000 1
207 c90 000 000 4 4 0 0 0 0 000000 1
21f 655 000 000 6 6 0 0 0 0 000000 1
213 05a 000 000 4 4 0 0 0 0 000000 1
215 134 000 000 4 4 0 0 0 0 000000 1
216 087 000 000 4 4 0 0 0 0 000000 1
267 e61 000 000 6 6 0 0 0 0 000000 1
27f 4a4 000 000 8 4 0 0 0 0 000000 1
273 2ab 000 000 6 6 0 0 0 0 000000 1
275 3c5 000 000 6 6 0 0 0 0 000000 1
276 276 000 000 6 6 0 0 0 0 000000 1
24f 327 000 000 6 6 0 0 0 0 000000 1
243 528 000 000 4 4 0 0 0 0 000000 1
245 446 000 000 4 4 0 0 0 0 000000 1
246 5f5 000 000 4 8 0 0 0 0 000000 1
25b fed 000 000 6 a 0 0 0 0 000000 1
25d e83 000 000 6 6 0 0 0 0 000000 1
25e f30 000 000 6 6 0 0 0 0 000000 1
251 88c 000 000 4 4 0 0 0 0 000000 1
252 93f 000 000 4 8 0 0 0 0 000000 1
254 851 000 000 4 4 0 0 0 0 000000 1
3b7 d20 000 000 8 4 0 0 0 0 000000 1
387 aa3 000 000 6 6 0 0 0 0 000000 1
39f 066 000 000 8 4 0 0 0 0 000000 1
393 669 000 000 6 6 0 0 0 0 000000 1
395 707 000 000 6 6 0 0 0 0 000000 1
396 6b4 000 000 6 6 0 0 0 0 000000 1
3e7 852 000 000 8 4 0 0 0 0 000000 1
3ff 297 000 000 a 6 0 0 0 0 000000 1
3f3 498 000 000 8 4 0 0 0 0 000000 1
3f5 5f6 000 000 8 8 0 0 0 0 000000 1
3f6 445 000 000 8 4 0 0 0 0 000000 1
3cf 514 000 000 8 4 0 0 0 0 000000 1
3c3 31b 000 000 6 6 0 0 0 0 000000 1
3c5 275 000 000 6 6 0 0 0 0 000000 1
3c6 3c6 000 000 6 6 0 0 0 0 000000 1
3db 9de 000 000 8 8 0 0 0 0 000000 1
3dd 8b0 000 000 8 4 0 0 0 0 000000 1
3de 903 000 000 8 4 0 0 0 0 000000 1
3d1 ebf 000 000 6 a 0 0 0 0 000000 1
3d2 f0c 000 000 6 6 0 0 0 0 000000 1
3d4 e62 000 000 6 6 0 0 0 0 000000 1
327 24f 000 000 6 6 0 0 0 0 000000 1
33f 88a 000 000 8 4 0 0 0 0 000000 1
333 e85 000 000 6 6 0 0 0 0 000000 1
335 feb 000 000 6 a 0 0 0 0 000000 1
336 e58 000 000 6 6 0 0 0 0 000000 1
30f f09 000 000 6 6 0 0 0 0 000000 1
303 906 000 000 4 4 0 0 0 0 000000 1
305 868 000 000 4 4 0 0 0 0 000000 1
306 9db 000 000 4 8 0 0 0 0 000000 1
31b 3c3 000 000 6 6 0 0 0 0 000000 1
31d 2ad 000 000 6 6 0 0 0 0 000000 1
31e 31e 000 000 6 6 0 0 0 0 000000 1
311 4a2 000 000 4 4 0 0 0 0 000000 1
312 511 000 000 4 4 0 0 0 0 000000 1
314 47f 000 000 4 8 0 0 0 0 000000 1
36f df8 000 000 8 8 0 0 0 0 000000 1
363 bf7 000 000 6 a 0 0 0 0 000000 1
365 a99 000 000 6 6 0 0 0 0 000000 1
366 b2a 000 000 6 6 0 0 0 0 000000 1
37b 132 000 000 8 4 0 0 0 0 000000 1
37d 05c 000 000 8 4 0 0 0 0 000000 1
37e 1ef 000 000 8 8 0 0 0 0 000000 1
371 653 000 000 6 6 0 0 0 0 000000 1
372 7e0 000 000 6 6 0 0 0 0 000000 1
374 68e 000 000 6 6 0 0 0 0 000000 1
34b 6b1 000 000 6 6 0 0 0 0 000000 1
34d 7df 000 000 6 a 0 0 0 0 000000 1
34e 66c 000 000 6 6 0 0 0 0 000000 1
341 1d0 000 000 4 4 0 0 0 0 000000 1
342 063 000 000 4 4 0 0 0 0 000000 1
344 10d 000 000 4 4 0 0 0 0 000000 1
359 b15 000 000 6 6 0 0 0 0 000000 1
35a aa6 000 000 6 6 0 0 0 0 000000 1
35c bc8 000 000 6 6 0 0 0 0 000000 1
350 dc7 000 000 4 8 0 0 0 0 000000 1
4c2 1e0 000 000 4 4 0 0 0 0 000000 1
341 1d0 000 000 4 4 0 0 0 0 000000 1
984 1c8 000 000 4 4 0 0 0 0 000000 1
f8b 1c4 000 000 8 4 0 0 0 0 000000 1
ee5 1c2 000 000 8 4 0 0 0 0 000000 1
f56 1c1 000 000 8 4 0 0 0 0 000000 1
9ff 84f 000 000 a 6 0 0 0 0 000000 1
5ff 527 000 000 a 6 0 0 0 0 000000 1
3ff 297 000 000 a 6 0 0 0 0 000000 1
0ff a22 000 000 8 4 0 0 0 0 000000 1
17f c11 000 000 8 4 0 0 0 0 000000 1
1bf 60c 000 000 8 4 0 0 0 0 000000 1
1df 4fd 000 000 8 8 0 0 0 0 000000 1
1ef 37e 000 000 8 8 0 0 0 0 000000 1
1f7 9bb 000 000 8 8 0 0 0 0 000000 1
1fb fb4 000 000 8 8 0 0 0 0 000000 1
1fd eda 000 000 8 8 0 0 0 0 000000 1
1fe f69 000 000 8 8 0 0 0 0 000000 1
1b0 1b0 000 000 4 4 0 0 0 0 000000 1
b75 1a8 000 000 8 4 0 0 0 0 000000 1
d7a 1a4 000 000 8 4 0 0 0 0 000000 1
c14 1a2 000 000 4 4 0 0 0 0 000000 1
da7 1a1 000 000 8 4 0 0 0 0 000000 1
b0e 82f 000 000 6 6 0 0 0 0 000000 1
70e 547 000 000 6 6 0 0 0 0 000000 1
10e 2f7 000 000 4 8 0 0 0 0 000000 1
20e a42 000 000 4 4 0 0 0 0 000000 1
38e c71 000 000 6 6 0 0 0 0 000000 1
34e 66c 000 000 6 6 0 0 0 0 000000 1
32e 49d 000 000 6 6 0 0 0 0 000000 1
31e 31e 000 000 6 6 0 0 0 0 000000 1
306 9db 000 000 4 8 0 0 0 0 000000 1
30a fd4 000 000 4 8 0 0 0 0 000000 1
30c eba 000 000 4 8 0 0 0 0 000000 1
30f f09 000 000 6 6 0 0 0 0 000000 1
cf6 198 000 000 8 4 0 0 0 0 000000 1
af9 194 000 000 8 4 0 0 0 0 000000 1
b97 192 000 000 8 4 0 0 0 0 000000 1
a24 191 000 000 4 4 0 0 0 0 000000 1
c8d 81f 000 000 6 6 0 0 0 0 000000 1
08d 577 000 000 4 8 0 0 0 0 000000 1
68d 2c7 000 000 6 6 0 0 0 0 000000 1
58d a72 000 000 6 6 0 0 0 0 000000 1
40d c41 000 000 4 4 0 0 0 0 000000 1
4cd 65c 000 000 6 6 0 0 0 0 000000 1
4ad 4ad 000 000 6 6 0 0 0 0 000000 1
49d 32e 000 000 6 6 0 0 0 0 000000 1
485 9eb 000 000 4 8 0 0 0 0 000000 1
489 fe4 000 000 4 8 0 0 0 0 000000 1
48f e8a 000 000 6 6 0 0 0 0 000000 1
48c f39 000 000 4 8 0 0 0 0 000000 1
03c 18c 000 000 4 4 0 0 0 0 000000 1
152 18a 000 000 4 4 0 0 0 0 000000 1
0e1 189 000 000 4 4 0 0 0 0 000000 1
648 807 000 000 4 4 0 0 0 0 000000 1
a48 56f 000 000 4 8 0 0 0 0 000000 1
c48 2df 000 000 4 8 0 0 0 0 000000 1
f48 a6a 000 000 6 6 0 0 0 0 000000 1
ec8 c59 000 000 6 6 0 0 0 0 000000 1
e08 644 000 000 4 4 0 0 0 0 000000 1
e68 4b5 000 000 6 6 0 0 0 0 000000 1
e58 336 000 000 6 6 0 0 0 0 000000 1
e40 9f3 000 000 4 8 0 0 0 0 000000 1
e4c ffc 000 000 6 a 0 0 0 0 000000 1
e4a e92 000 000 6 6 0 0 0 0 000000 1
e49 f21 000 000 6 6 0 0 0 0 000000 1
75d 186 000 000 8 4 0 0 0 0 000000 1
6ee 185 000 000 8 4 0 0 0 0 000000 1
047 80b 000 000 4 4 0 0 0 0 000000 1
c47 563 000 000 6 6 0 0 0 0 000000 1
a47 2d3 000 000 6 6 0 0 0 0 000000 1
947 a66 000 000 6 6 0 0 0 0 000000 1
8c7 c55 000 000 6 6 0 0 0 0 000000 1
807 648 000 000 4 4 0 0 0 0 000000 1
867 4b9 000 000 6 6 0 0 0 0 000000 1
857 33a 000 000 6 6 0 0 0 0 000000 1
84f 9ff 000 000 6 a 0 0 0 0 000000 1
843 ff0 000 000 4 8 0 0 0 0 000000 1
845 e9e 000 000 4 8 0 0 0 0 000000 1
846 f2d 000 000 4 8 0 0 0 0 000000 1
780 183 000 000 4 4 0 0 0 0 000000 1
129 80d 000 000 4 4 0 0 0 0 000000 1
d29 565 000 000 6 6 0 0 0 0 000000 1
b29 2d5 000 000 6 6 0 0 0 0 000000 1
829 a60 000 000 4 4 0 0 0 0 000000 1
9a9 c53 000 000 6 6 0 0 0 0 000000 1
969 64e 000 000 6 6 0 0 0 0 000000 1
909 4bf 000 000 4 8 0 0 0 0 000000 1
939 33c 000 000 6 6 0 0 0 0 000000 1
921 9f9 000 000 4 8 0 0 0 0 000000 1
92d ff6 000 000 6 a 0 0 0 0 000000 1
92b e98 000 000 6 6 0 0 0 0 000000 1
928 f2b 000 000 4 8 0 0 0 0 000000 1
09a 80e 000 000 4 4 0 0 0 0 000000 1
c9a 566 000 000 6 6 0 0 0 0 000000 1
a9a 2d6 000 000 6 6 0 0 0 0 000000 1
99a a63 000 000 6 6 0 0 0 0 000000 1
81a c50 000 000 4 4 0 0 0 0 000000 1
8da 64d 000 000 6 6 0 0 0 0 000000 1
8ba 4bc 000 000 6 6 0 0 0 0 000000 1
88a 33f 000 000 4 8 0 0 0 0 000000 1
892 9fa 000 000 4 8 0 0 0 0 000000 1
89e ff5 000 000 6 a 0 0 0 0 000000 1
898 e9b 000 000 4 8 0 0 0 0 000000 1
89b f28 000 000 6 6 0 0 0 0 000000 1
a33 ce8 000 000 6 6 0 0 0 0 000000 1
c33 b58 000 000 6 6 0 0 0 0 000000 1
f33 3ed 000 000 8 8 0 0 0 0 000000 1
eb3 5de 000 000 8 8 0 0 0 0 000000 1
e73 fc3 000 000 8 8 0 0 0 0 000000 1
e13 d32 000 000 6 6 0 0 0 0 000000 1
e23 ab1 000 000 6 6 0 0 0 0 000000 1
e3b 074 000 000 8 4 0 0 0 0 000000 1
e37 67b 000 000 8 8 0 0 0 0 000000 1
e31 715 000 000 6 6 0 0 0 0 000000 1
e32 6a6 000 000 6 6 0 0 0 0 000000 1
033 630 000 000 4 4 0 0 0 0 000000 1
333 e85 000 000 6 6 0 0 0 0 000000 1
2b3 8b6 000 000 6 6 0 0 0 0 000000 1
273 2ab 000 000 6 6 0 0 0 0 000000 1
213 05a 000 000 4 4 0 0 0 0 000000 1
223 7d9 000 000 4 8 0 0 0 0 000000 1
23b d1c 000 000 6 6 0 0 0 0 000000 1
237 b13 000 000 6 6 0 0 0 0 000000 1
231 a7d 000 000 4 8 0 0 0 0 000000 1
232 bce 000 000 4 8 0 0 0 0 000000 1
533 935 000 000 6 6 0 0 0 0 000000 1
4b3 f06 000 000 6 6 0 0 0 0 000000 1
473 51b 000 000 6 6 0 0 0 0 000000 1
413 7ea 000 000 4 8 0 0 0 0 000000 1
423 069 000 000 4 4 0 0 0 0 000000 1
43b aac 000 000 6 6 0 0 0 0 000000 1
437 ca3 000 000 6 6 0 0 0 0 000000 1
431 dcd 000 000 4 8 0 0 0 0 000000 1
432 c7e 000 000 4 8 0 0 0 0 000000 1
7b3 7b3 000 000 8 8 0 0 0 0 000000 1
773 dae 000 000 8 8 0 0 0 0 000000 1
713 f5f 000 000 6 a 0 0 0 0 000000 1
723 8dc 000 000 6 6 0 0 0 0 000000 1
73b 219 000 000 8 4 0 0 0 0 000000 1
737 416 000 000 8 4 0 0 0 0 000000 1
731 578 000 000 6 6 0 0 0 0 000000 1
732 4cb 000 000 6 6 0 0 0 0 000000 1
6f3 b9d 000 000 8 8 0 0 0 0 000000 1
693 96c 000 000 6 6 0 0 0 0 000000 1
6a3 eef 000 000 6 a 0 0 0 0 000000 1
6bb 42a 000 000 8 4 0 0 0 0 000000 1
6b7 225 000 000 8 4 0 0 0 0 000000 1
6b1 34b 000 000 6 6 0 0 0 0 000000 1
6b2 2f8 000 000 6 6 0 0 0 0 000000 1
653 371 000 000 6 6 0 0 0 0 000000 1
663 4f2 000 000 6 6 0 0 0 0 000000 1
67b e37 000 000 8 8 0 0 0 0 000000 1
677 838 000 000 8 4 0 0 0 0 000000 1
671 956 000 000 6 6 0 0 0 0 000000 1
672 8e5 000 000 6 6 0 0 0 0 000000 1
603 603 000 000 4 4 0 0 0 0 000000 1
61b cc6 000 000 6 6 0 0 0 0 000000 1
617 ac9 000 000 6 6 0 0 0 0 000000 1
611 ba7 000 000 4 8 0 0 0 0 000000 1
612 a14 000 000 4 4 0 0 0 0 000000 1
62b b45 000 000 6 6 0 0 0 0 000000 1
627 d4a 000 000 6 6 0 0 0 0 000000 1
621 c24 000 000 4 4 0 0 0 0 000000 1
622 d97 000 000 4 8 0 0 0 0 000000 1
63f 78f 000 000 8 8 0 0 0 0 000000 1
639 6e1 000 000 6 6 0 0 0 0 000000 1
63a 752 000 000 6 6 0 0 0 0 000000 1
635 0ee 000 000 6 6 0 0 0 0 000000 1
636 15d 000 000 6 6 0 0 0 0 000000 1
630 033 000 000 4 4 0 0 0 0 000000 1
bad 170 000 000 8 4 0 0 0 0 000000 1
168 168 000 000 4 4 0 0 0 0 000000 1
767 164 000 000 8 4 0 0 0 0 000000 1
609 162 000 000 4 4 0 0 0 0 000000 1
7ba 161 000 000 8 4 0 0 0 0 000000 1
113 8ef 000 000 4 8 0 0 0 0 000000 1
d13 587 000 000 6 6 0 0 0 0 000000 1
b13 237 000 000 6 6 0 0 0 0 000000 1
813 a82 000 000 4 4 0 0 0 0 000000 1
993 cb1 000 000 6 6 0 0 0 0 000000 1
953 6ac 000 000 6 6 0 0 0 0 000000 1
933 45d 000 000 6 6 0 0 0 0 000000 1
903 3de 000 000 4 8 0 0 0 0 000000 1
91b 91b 000 000 6 6 0 0 0 0 000000 1
917 f14 000 000 6 6 0 0 0 0 000000 1
911 e7a 000 000 4 8 0 0 0 0 000000 1
912 fc9 000 000 4 8 0 0 0 0 000000 1
6eb 158 000 000 8 4 0 0 0 0 000000 1
0e4 154 000 000 4 4 0 0 0 0 000000 1
18a 152 000 000 4 4 0 0 0 0 000000 1
039 151 000 000 4 4 0 0 0 0 000000 1
690 8df 000 000 4 8 0 0 0 0 000000 1
a90 5b7 000 000 4 8 0 0 0 0 000000 1
c90 207 000 000 4 4 0 0 0 0 000000 1
f90 ab2 000 000 6 6 0 0 0 0 000000 1
e10 c81 000 000 4 4 0 0 0 0 000000 1
ed0 69c 000 000 6 6 0 0 0 0 000000 1
eb0 46d 000 000 6 6 0 0 0 0 000000 1
e80 3ee 000 000 4 8 0 0 0 0 000000 1
e98 92b 000 000 6 6 0 0 0 0 000000 1
e94 f24 000 000 6 6 0 0 0 0 000000 1
e92 e4a 000 000 6 6 0 0 0 0 000000 1
e91 ff9 000 000 6 a 0 0 0 0 000000 1
a21 14c 000 000 4 4 0 0 0 0 000000 1
b4f 14a 000 000 8 4 0 0 0 0 000000 1
afc 149 000 000 8 4 0 0 0 0 000000 1
c55 8c7 000 000 6 6 0 0 0 0 000000 1
055 5af 000 000 4 8 0 0 0 0 000000 1
655 21f 000 000 6 6 0 0 0 0 000000 1
555 aaa 000 000 6 6 0 0 0 0 000000 1
4d5 c99 000 000 6 6 0 0 0 0 000000 1
415 684 000 000 4 4 0 0 0 0 000000 1
475 475 000 000 6 6 0 0 0 0 000000 1
445 3f6 000 000 4 8 0 0 0 0 000000 1
45d 933 000 000 6 6 0 0 0 0 000000 1
451 f3c 000 000 4 8 0 0 0 0 000000 1
457 e52 000 000 6 6 0 0 0 0 000000 1
454 fe1 000 000 4 8 0 0 0 0 000000 1
d40 146 000 000 4 4 0 0 0 0 000000 1
cf3 145 000 000 8 4 0 0 0 0 000000 1
a5a 8cb 000 000 6 6 0 0 0 0 000000 1
65a 5a3 000 000 6 6 0 0 0 0 000000 1
05a 213 000 000 4 4 0 0 0 0 000000 1
35a aa6 000 000 6 6 0 0 0 0 000000 1
2da c95 000 000 6 6 0 0 0 0 000000 1
21a 688 000 000 4 4 0 0 0 0 000000 1
27a 479 000 000 6 6 0 0 0 0 000000 1
24a 3fa 000 000 4 8 0 0 0 0 000000 1
252 93f 000 000 4 8 0 0 0 0 000000 1
25e f30 000 000 6 6 0 0 0 0 000000 1
258 e5e 000 000 4 8 0 0 0 0 000000 1
25b fed 000 000 6 a 0 0 0 0 000000 1
d9d 143 000 000 8 4 0 0 0 0 000000 1
b34 8cd 000 000 6 6 0 0 0 0 000000 1
734 5a5 000 000 6 6 0 0 0 0 000000 1
134 215 000 000 4 4 0 0 0 0 000000 1
234 aa0 000 000 4 4 0 0 0 0 000000 1
3b4 c93 000 000 6 6 0 0 0 0 000000 1
374 68e 000 000 6 6 0 0 0 0 000000 1
314 47f 000 000 4 8 0 0 0 0 000000 1
324 3fc 000 000 4 8 0 0 0 0 000000 1
33c 939 000 000 6 6 0 0 0 0 000000 1
330 f36 000 000 4 8 0 0 0 0 000000 1
336 e58 000 000 6 6 0 0 0 0 000000 1
335 feb 000 000 6 a 0 0 0 0 000000 1
a87 8ce 000 000 6 6 0 0 0 0 000000 1
687 5a6 000 000 6 6 0 0 0 0 000000 1
087 216 000 000 4 4 0 0 0 0 000000 1
387 aa3 000 000 6 6 0 0 0 0 000000 1
207 c90 000 000 4 4 0 0 0 0 000000 1
2c7 68d 000 000 6 6 0 0 0 0 000000 1
2a7 47c 000 000 6 6 0 0 0 0 000000 1
297 3ff 000 000 6 a 0 0 0 0 000000 1
28f 93a 000 000 6 6 0 0 0 0 000000 1
283 f35 000 000 4 8 0 0 0 0 000000 1
285 e5b 000 000 4 8 0 0 0 0 000000 1
286 fe8 000 000 4 8 0 0 0 0 000000 1
02e c28 000 000 4 4 0 0 0 0 000000 1
62e b98 000 000 6 6 0 0 0 0 000000 1
52e 32d 000 000 6 6 0 0 0 0 000000 1
4ae 51e 000 000 6 6 0 0 0 0 000000 1
46e f03 000 000 6 6 0 0 0 0 000000 1
40e df2 000 000 4 8 0 0 0 0 000000 1
43e a71 000 000 6 6 0 0 0 0 000000 1
426 0b4 000 000 4 4 0 0 0 0 000000 1
42a 6bb 000 000 4 8 0 0 0 0 000000 1
42c 7d5 000 000 4 8 0 0 0 0 000000 1
42f 666 000 000 6 6 0 0 0 0 000000 1
a2e 6f0 000 000 6 6 0 0 0 0 000000 1
92e e45 000 000 6 6 0 0 0 0 000000 1
8ae 876 000 000 6 6 0 0 0 0 000000 1
86e 26b 000 000 6 6 0 0 0 0 000000 1
80e 09a 000 000 4 4 0 0 0 0 000000 1
83e 719 000 000 6 6 0 0 0 0 000000 1
826 ddc 000 000 4 8 0 0 0 0 000000 1
82a bd3 000 000 4 8 0 0 0 0 000000 1
82c abd 000 000 4 8 0 0 0 0 000000 1
82f b0e 000 000 6 6 0 0 0 0 000000 1
f2e 9f5 000 000 8 8 0 0 0 0 000000 1
eae fc6 000 000 8 8 0 0 0 0 000000 1
e6e 5db 000 000 8 8 0 0 0 0 000000 1
e0e 72a 000 000 6 6 0 0 0 0 000000 1
e3e 0a9 000 000 8 4 0 0 0 0 000000 1
e26 a6c 000 000 6 6 0 0 0 0 000000 1
e2a c63 000 000 6 6 0 0 0 0 000000 1
e2c d0d 000 000 6 6 0 0 0 0 000000 1
e2f cbe 000 000 8 8 0 0 0 0 000000 1
dae 773 000 000 8 8 0 0 0 0 000000 1
d6e d6e 000 000 8 8 0 0 0 0 000000 1
d0e f9f 000 000 6 a 0 0 0 0 000000 1
d3e 81c 000 000 8 4 0 0 0 0 000000 1
d26 2d9 000 000 6 6 0 0 0 0 000000 1
d2a 4d6 000 000 6 6 0 0 0 0 000000 1
d2c 5b8 000 000 6 6 0 0 0 0 000000 1
d2f 40b 000 000 8 4 0 0 0 0 000000 1
cee b5d 000 000 8 8 0 0 0 0 000000 1
c8e 9ac 000 000 6 6 0 0 0 0 000000 1
cbe e2f 000 000 8 8 0 0 0 0 000000 1
ca6 4ea 000 000 6 6 0 0 0 0 000000 1
caa 2e5 000 000 6 6 0 0 0 0 000000 1
cac 38b 000 000 6 6 0 0 0 0 000000 1
caf 238 000 000 8 4 0 0 0 0 000000 1
c4e 3b1 000 000 6 6 0 0 0 0 000000 1
c7e 432 000 000 8 4 0 0 0 0 000000 1
c66 ef7 000 000 6 a 0 0 0 0 000000 1
c6a 8f8 000 000 6 6 0 0 0 0 000000 1
c6c 996 000 000 6 6 0 0 0 0 000000 1
c6f 825 000 000 8 4 0 0 0 0 000000 1
c1e 6c3 000 000 6 6 0 0 0 0 000000 1
c06 c06 000 000 4 4 0 0 0 0 000000 1
c0a a09 000 000 4 4 0 0 0 0 000000 1
c0c b67 000 000 4 8 0 0 0 0 000000 1
c0f ad4 000 000 6 6 0 0 0 0 000000 1
c36 b85 000 000 6 6 0 0 0 0 000000 1
c3a d8a 000 000 6 6 0 0 0 0 000000 1
c3c ce4 000 000 6 6 0 0 0 0 000000 1
c3f d57 000 000 8 8 0 0 0 0 000000 1
c22 74f 000 000 4 8 0 0 0 0 000000 1
c24 621 000 000 4 4 0 0 0 0 000000 1
c27 792 000 000 6 6 0 0 0 0 000000 1
c28 02e 000 000 4 4 0 0 0 0 000000 1
c2b 19d 000 000 6 6 0 0 0 0 000000 1
c2d 0f3 000 000 6 6 0 0 0 0 000000 1
41a 138 000 000 4 4 0 0 0 0 000000 1
215 134 000 000 4 4 0 0 0 0 000000 1
37b 132 000 000 8 4 0 0 0 0 000000 1
2c8 131 000 000 4 4 0 0 0 0 000000 1
461 8bf 000 000 4 8 0 0 0 0 000000 1
861 5d7 000 000 4 8 0 0 0 0 000000 1
e61 267 000 000 6 6 0 0 0 0 000000 1
d61 ad2 000 000 6 6 0 0 0 0 000000 1
ce1 ce1 000 000 6 6 0 0 0 0 000000 1
c21 6fc 000 000 4 8 0 0 0 0 000000 1
c41 40d 000 000 4 4 0 0 0 0 000000 1
c71 38e 000 000 6 6 0 0 0 0 000000 1
c69 94b 000 000 6 6 0 0 0 0 000000 1
c65 f44 000 000 6 6 0 0 0 0 000000 1
c63 e2a 000 000 6 6 0 0 0 0 000000 1
c60 f99 000 000 4 8 0 0 0 0 000000 1
8d0 12c 000 000 4 4 0 0 0 0 000000 1
9be 12a 000 000 8 4 0 0 0 0 000000 1
80d 129 000 000 4 4 0 0 0 0 000000 1
ea4 8a7 000 000 6 6 0 0 0 0 000000 1
2a4 5cf 000 000 4 8 0 0 0 0 000000 1
4a4 27f 000 000 4 8 0 0 0 0 000000 1
7a4 aca 000 000 6 6 0 0 0 0 000000 1
624 cf9 000 000 4 8 0 0 0 0 000000 1
6e4 6e4 000 000 6 6 0 0 0 0 000000 1
684 415 000 000 4 4 0 0 0 0 000000 1
6b4 396 000 000 6 6 0 0 0 0 000000 1
6ac 953 000 000 6 6 0 0 0 0 000000 1
6a0 f5c 000 000 4 8 0 0 0 0 000000 1
6a6 e32 000 000 6 6 0 0 0 0 000000 1
6a5 f81 000 000 6 6 0 0 0 0 000000 1
fb1 126 000 000 8 4 0 0 0 0 000000 1
e02 125 000 000 4 4 0 0 0 0 000000 1
8ab 8ab 000 000 6 6 0 0 0 0 000000 1
4ab 5c3 000 000 6 6 0 0 0 0 000000 1
2ab 273 000 000 6 6 0 0 0 0 000000 1
1ab ac6 000 000 6 6 0 0 0 0 000000 1
02b cf5 000 000 4 8 0 0 0 0 000000 1
0eb 6e8 000 000 6 6 0 0 0 0 000000 1
08b 419 000 000 4 4 0 0 0 0 000000 1
0bb 39a 000 000 6 6 0 0 0 0 000000 1
0a3 95f 000 000 4 8 0 0 0 0 000000 1
0af f50 000 000 6 6 0 0 0 0 000000 1
0a9 e3e 000 000 4 8 0 0 0 0 000000 1
0aa f8d 000 000 4 8 0 0 0 0 000000 1
f6c 123 000 000 8 4 0 0 0 0 000000 1
9c5 8ad 000 000 6 6 0 0 0 0 000000 1
5c5 5c5 000 000 6 6 0 0 0 0 000000 1
3c5 275 000 000 6 6 0 0 0 0 000000 1
0c5 ac0 000 000 4 4 0 0 0 0 000000 1
145 cf3 000 000 4 8 0 0 0 0 000000 1
185 6ee 000 000 4 8 0 0 0 0 000000 1
1e5 41f 000 000 6 6 0 0 0 0 000000 1
1d5 39c 000 000 6 6 0 0 0 0 000000 1
1cd 959 000 000 6 6 0 0 0 0 000000 1
1c1 f56 000 000 4 8 0 0 0 0 000000 1
1c7 e38 000 000 6 6 0 0 0 0 000000 1
1c4 f8b 000 000 4 8 0 0 0 0 000000 1
876 8ae 000 000 6 6 0 0 0 0 000000 1
476 5c6 000 000 6 6 0 0 0 0 000000 1
276 276 000 000 6 6 0 0 0 0 000000 1
176 ac3 000 000 6 6 0 0 0 0 000000 1
0f6 cf0 000 000 6 6 0 0 0 0 000000 1
036 6ed 000 000 4 8 0 0 0 0 000000 1
056 41c 000 000 4 4 0 0 0 0 000000 1
066 39f 000 000 4 8 0 0 0 0 000000 1
07e 95a 000 000 6 6 0 0 0 0 000000 1
072 f55 000 000 4 8 0 0 0 0 000000 1
074 e3b 000 000 4 8 0 0 0 0 000000 1
077 f88 000 000 6 6 0 0 0 0 000000 1
2df c48 000 000 8 4 0 0 0 0 000000 1
4df bf8 000 000 8 8 0 0 0 0 000000 1
7df 34d 000 000 a 6 0 0 0 0 000000 1
65f 57e 000 000 8 8 0 0 0 0 000000 1
69f f63 000 000 8 8 0 0 0 0 000000 1
6ff d92 000 000 a 6 0 0 0 0 000000 1
6cf a11 000 000 8 4 0 0 0 0 000000 1
6d7 0d4 000 000 8 4 0 0 0 0 000000 1
6db 6db 000 000 8 8 0 0 0 0 000000 1
6dd 7b5 000 000 8 8 0 0 0 0 000000 1
6de 606 000 000 8 4 0 0 0 0 000000 1
8df 690 000 000 8 4 0 0 0 0 000000 1
bdf e25 000 000 a 6 0 0 0 0 000000 1
a5f 816 000 000 8 4 0 0 0 0 000000 1
a9f 20b 000 000 8 4 0 0 0 0 000000 1
aff 0fa 000 000 a 6 0 0 0 0 000000 1
acf 779 000 000 8 8 0 0 0 0 000000 1
ad7 dbc 000 000 8 8 0 0 0 0 000000 1
adb bb3 000 000 8 8 0 0 0 0 000000 1
add add 000 000 8 8 0 0 0 0 000000 1
ade b6e 000 000 8 8 0 0 0 0 000000 1
ddf 995 000 000 a 6 0 0 0 0 000000 1
c5f fa6 000 000 8 8 0 0 0 0 000000 1
c9f 5bb 000 000 8 8 0 0 0 0 000000 1
cff 74a 000 000 a 6 0 0 0 0 000000 1
ccf 0c9 000 000 8 4 0 0 0 0 000000 1
cd7 a0c 000 000 8 4 0 0 0 0 000000 1
cdb c03 000 000 8 4 0 0 0 0 000000 1
cdd d6d 000 000 8 8 0 0 0 0 000000 1
cde cde 000 000 8 8 0 0 0 0 000000 1
f5f 713 000 000 a 6 0 0 0 0 000000 1
f9f d0e 000 000 a 6 0 0 0 0 000000 1
fff fff 000 000 c c 0 0 0 0 000000 1
fcf 87c 000 000 a 6 0 0 0 0 000000 1
fd7 2b9 000 000 a 6 0 0 0 0 000000 1
fdb 4b6 000 000 a 6 0 0 0 0 000000 1
fdd 5d8 000 000 a 6 0 0 0 0 000000 1
fde 46b 000 000 a 6 0 0 0 0 000000 1
e1f b3d 000 000 8 8 0 0 0 0 000000 1
e7f 9cc 000 000 a 6 0 0 0 0 000000 1
e4f e4f 000 000 8 8 0 0 0 0 000000 1
e57 48a 000 000 8 4 0 0 0 0 000000 1
e5b 285 000 000 8 4 0 0 0 0 000000 1
e5d 3eb 000 000 8 8 0 0 0 0 000000 1
e5e 258 000 000 8 4 0 0 0 0 000000 1
ebf 3d1 000 000 a 6 0 0 0 0 000000 1
e8f 452 000 000 8 4 0 0 0 0 000000 1
e97 e97 000 000 8 8 0 0 0 0 000000 1
e9b 898 000 000 8 4 0 0 0 0 000000 1
e9d 9f6 000 000 8 8 0 0 0 0 000000 1
e9e 845 000 000 8 4 0 0 0 0 000000 1
eef 6a3 000 000 a 6 0 0 0 0 000000 1
ef7 c66 000 000 a 6 0 0 0 0 000000 1
efb a69 000 000 a 6 0 0 0 0 000000 1
efd b07 000 000 a 6 0 0 0 0 000000 1
efe ab4 000 000 a 6 0 0 0 0 000000 1
ec7 be5 000 000 8 8 0 0 0 0 000000 1
ecb dea 000 000 8 8 0 0 0 0 000000 1
ecd c84 000 000 8 4 0 0 0 0 000000 1
ece d37 000 000 8 8 0 0 0 0 000000 1
ed3 72f 000 000 8 8 0 0 0 0 000000 1
ed5 641 000 000 8 4 0 0 0 0 000000 1
ed6 7f2 000 000 8 8 0 0 0 0 000000 1
ed9 04e 000 000 8 4 0 0 0 0 000000 1
eda 1fd 000 000 8 8 0 0 0 0 000000 1
edc 093 000 000 8 4 0 0 0 0 000000 1
f53 11c 000 000 8 4 0 0 0 0 000000 1
e3d 11a 000 000 8 4 0 0 0 0 000000 1
f8e 119 000 000 8 4 0 0 0 0 000000 1
927 897 000 000 6 6 0 0 0 0 000000 1
527 5ff 000 000 6 a 0 0 0 0 000000 1
327 24f 000 000 6 6 0 0 0 0 000000 1
027 afa 000 000 4 8 0 0 0 0 000000 1
1a7 cc9 000 000 6 6 0 0 0 0 000000 1
167 6d4 000 000 6 6 0 0 0 0 000000 1
107 425 000 000 4 4 0 0 0 0 000000 1
137 3a6 000 000 6 6 0 0 0 0 000000 1
12f 963 000 000 6 6 0 0 0 0 000000 1
123 f6c 000 000 4 8 0 0 0 0 000000 1
125 e02 000 000 4 4 0 0 0 0 000000 1
126 fb1 000 000 4 8 0 0 0 0 000000 1
832 116 000 000 4 4 0 0 0 0 000000 1
981 115 000 000 4 4 0 0 0 0 000000 1
f28 89b 000 000 6 6 0 0 0 0 000000 1
328 5f3 000 000 4 8 0 0 0 0 000000 1
528 243 000 000 4 4 0 0 0 0 000000 1
628 af6 000 000 4 8 0 0 0 0 000000 1
7a8 cc5 000 000 6 6 0 0 0 0 000000 1
768 6d8 000 000 6 6 0 0 0 0 000000 1
708 429 000 000 4 4 0 0 0 0 000000 1
738 3aa 000 000 6 6 0 0 0 0 000000 1
720 96f 000 000 4 8 0 0 0 0 000000 1
72c f60 000 000 6 6 0 0 0 0 000000 1
72a e0e 000 000 6 6 0 0 0 0 000000 1
729 fbd 000 000 6 a 0 0 0 0 000000 1
8ef 113 000 000 8 4 0 0 0 0 000000 1
e46 89d 000 000 6 6 0 0 0 0 000000 1
246 5f5 000 000 4 8 0 0 0 0 000000 1
446 245 000 000 4 4 0 0 0 0 000000 1
746 af0 000 000 6 6 0 0 0 0 000000 1
6c6 cc3 000 000 6 6 0 0 0 0 000000 1
606 6de 000 000 4 8 0 0 0 0 000000 1
666 42f 000 000 6 6 0 0 0 0 000000 1
656 3ac 000 000 6 6 0 0 0 0 000000 1
64e 969 000 000 6 6 0 0 0 0 000000 1
642 f66 000 000 4 8 0 0 0 0 000000 1
644 e08 000 000 4 4 0 0 0 0 000000 1
647 fbb 000 000 6 a 0 0 0 0 000000 1
ff5 89e 000 000 a 6 0 0 0 0 000000 1
3f5 5f6 000 000 8 8 0 0 0 0 000000 1
5f5 246 000 000 8 4 0 0 0 0 000000 1
6f5 af3 000 000 8 8 0 0 0 0 000000 1
775 cc0 000 000 8 4 0 0 0 0 000000 1
7b5 6dd 000 000 8 8 0 0 0 0 000000 1
7d5 42c 000 000 8 4 0 0 0 0 000000 1
7e5 3af 000 000 8 8 0 0 0 0 000000 1
7fd 96a 000 000 a 6 0 0 0 0 000000 1
7f1 f65 000 000 8 8 0 0 0 0 000000 1
7f7 e0b 000 000 a 6 0 0 0 0 000000 1
7f4 fb8 000 000 8 8 0 0 0 0 000000 1
55c c78 000 000 6 6 0 0 0 0 000000 1
35c bc8 000 000 6 6 0 0 0 0 000000 1
05c 37d 000 000 4 8 0 0 0 0 000000 1
1dc 54e 000 000 6 6 0 0 0 0 000000 1
11c f53 000 000 4 8 0 0 0 0 000000 1
17c da2 000 000 6 6 0 0 0 0 000000 1
14c a21 000 000 4 4 0 0 0 0 000000 1
154 0e4 000 000 4 4 0 0 0 0 000000 1
158 6eb 000 000 4 8 0 0 0 0 000000 1
15e 785 000 000 6 6 0 0 0 0 000000 1
15d 636 000 000 6 6 0 0 0 0 000000 1
f5c 6a0 000 000 8 4 0 0 0 0 000000 1
c5c e15 000 000 6 6 0 0 0 0 000000 1
ddc 826 000 000 8 4 0 0 0 0 000000 1
d1c 23b 000 000 6 6 0 0 0 0 000000 1
d7c 0ca 000 000 8 4 0 0 0 0 000000 1
d4c 749 000 000 6 6 0 0 0 0 000000 1
d54 d8c 000 000 6 6 0 0 0 0 000000 1
d58 b83 000 000 6 6 0 0 0 0 000000 1
d5e aed 000 000 8 8 0 0 0 0 000000 1
d5d b5e 000 000 8 8 0 0 0 0 000000 1
a5c 9a5 000 000 6 6 0 0 0 0 000000 1
bdc f96 000 000 8 8 0 0 0 0 000000 1
b1c 58b 000 000 6 6 0 0 0 0 000000 1
b7c 77a 000 000 8 8 0 0 0 0 000000 1
b4c 0f9 000 000 6 6 0 0 0 0 000000 1
b54 a3c 000 000 6 6 0 0 0 0 000000 1
b58 c33 000 000 6 6 0 0 0 0 000000 1
b5e d5d 000 000 8 8 0 0 0 0 000000 1
b5d cee 000 000 8 8 0 0 0 0 000000 1
8dc 723 000 000 6 6 0 0 0 0 000000 1
81c d3e 000 000 4 8 0 0 0 0 000000 1
87c fcf 000 000 6 a 0 0 0 0 000000 1
84c 84c 000 000 4 4 0 0 0 0 000000 1
854 289 000 000 4 4 0 0 0 0 000000 1
858 486 000 000 4 4 0 0 0 0 000000 1
85e 5e8 000 000 6 6 0 0 0 0 000000 1
85d 45b 000 000 6 6 0 0 0 0 000000 1
99c b0d 000 000 6 6 0 0 0 0 000000 1
9fc 9fc 000 000 8 8 0 0 0 0 000000 1
9cc e7f 000 000 6 a 0 0 0 0 000000 1
9d4 4ba 000 000 6 6 0 0 0 0 000000 1
9d8 2b5 000 000 6 6 0 0 0 0 000000 1
9de 3db 000 000 8 8 0 0 0 0 000000 1
9dd 268 000 000 8 4 0 0 0 0 000000 1
93c 3e1 000 000 6 6 0 0 0 0 000000 1
90c 462 000 000 4 4 0 0 0 0 000000 1
914 ea7 000 000 4 8 0 0 0 0 000000 1
918 8a8 000 000 4 4 0 0 0 0 000000 1
91e 9c6 000 000 6 6 0 0 0 0 000000 1
91d 875 000 000 6 6 0 0 0 0 000000 1
96c 693 000 000 6 6 0 0 0 0 000000 1
974 c56 000 000 6 6 0 0 0 0 000000 1
978 a59 000 000 6 6 0 0 0 0 000000 1
97e b37 000 000 8 8 0 0 0 0 000000 1
97d a84 000 000 8 4 0 0 0 0 000000 1
944 bd5 000 000 4 8 0 0 0 0 000000 1
948 dda 000 000 4 8 0 0 0 0 000000 1
94e cb4 000 000 6 6 0 0 0 0 000000 1
94d d07 000 000 6 6 0 0 0 0 000000 1
950 71f 000 000 4 8 0 0 0 0 000000 1
956 671 000 000 6 6 0 0 0 0 000000 1
955 7c2 000 000 6 6 0 0 0 0 000000 1
95a 07e 000 000 6 6 0 0 0 0 000000 1
959 1cd 000 000 6 6 0 0 0 0 000000 1
95f 0a3 000 000 8 4 0 0 0 0 000000 1
2f7 10e 000 000 8 4 0 0 0 0 000000 1
344 10d 000 000 4 4 0 0 0 0 000000 1
5ed 883 000 000 8 4 0 0 0 0 000000 1
9ed 5eb 000 000 8 8 0 0 0 0 000000 1
fed 25b 000 000 a 6 0 0 0 0 000000 1
ced aee 000 000 8 8 0 0 0 0 000000 1
d6d cdd 000 000 8 8 0 0 0 0 000000 1
dad 6c0 000 000 8 4 0 0 0 0 000000 1
dcd 431 000 000 8 4 0 0 0 0 000000 1
dfd 3b2 000 000 a 6 0 0 0 0 000000 1
de5 977 000 000 8 8 0 0 0 0 000000 1
de9 f78 000 000 8 8 0 0 0 0 000000 1
def e16 000 000 a 6 0 0 0 0 000000 1
dec fa5 000 000 8 8 0 0 0 0 000000 1
22a 10b 000 000 4 4 0 0 0 0 000000 1
483 885 000 000 4 4 0 0 0 0 000000 1
883 5ed 000 000 4 8 0 0 0 0 000000 1
e83 25d 000 000 6 6 0 0 0 0 000000 1
d83 ae8 000 000 6 6 0 0 0 0 000000 1
c03 cdb 000 000 4 8 0 0 0 0 000000 1
cc3 6c6 000 000 6 6 0 0 0 0 000000 1
ca3 437 000 000 6 6 0 0 0 0 000000 1
c93 3b4 000 000 6 6 0 0 0 0 000000 1
c8b 971 000 000 6 6 0 0 0 0 000000 1
c87 f7e 000 000 6 a 0 0 0 0 000000 1
c81 e10 000 000 4 4 0 0 0 0 000000 1
c82 fa3 000 000 4 8 0 0 0 0 000000 1
530 886 000 000 4 4 0 0 0 0 000000 1
930 5ee 000 000 4 8 0 0 0 0 000000 1
f30 25e 000 000 6 6 0 0 0 0 000000 1
c30 aeb 000 000 4 8 0 0 0 0 000000 1
db0 cd8 000 000 6 6 0 0 0 0 000000 1
d70 6c5 000 000 6 6 0 0 0 0 000000 1
d10 434 000 000 4 4 0 0 0 0 000000 1
d20 3b7 000 000 4 8 0 0 0 0 000000 1
d38 972 000 000 6 6 0 0 0 0 000000 1
d34 f7d 000 000 6 a 0 0 0 0 000000 1
d32 e13 000 000 6 6 0 0 0 0 000000 1
d31 fa0 000 000 6 6 0 0 0 0 000000 1
f99 c60 000 000 8 4 0 0 0 0 000000 1
999 bd0 000 000 6 6 0 0 0 0 000000 1
a99 365 000 000 6 6 0 0 0 0 000000 1
b19 556 000 000 6 6 0 0 0 0 000000 1
bd9 f4b 000 000 8 8 0 0 0 0 000000 1
bb9 dba 000 000 8 8 0 0 0 0 000000 1
b89 a39 000 000 6 6 0 0 0 0 000000 1
b91 0fc 000 000 6 6 0 0 0 0 000000 1
b9d 6f3 000 000 8 8 0 0 0 0 000000 1
b9b 79d 000 000 8 8 0 0 0 0 000000 1
b98 62e 000 000 6 6 0 0 0 0 000000 1
599 6b8 000 000 6 6 0 0 0 0 000000 1
699 e0d 000 000 6 6 0 0 0 0 000000 1
719 83e 000 000 6 6 0 0 0 0 000000 1
7d9 223 000 000 8 4 0 0 0 0 000000 1
7b9 0d2 000 000 8 4 0 0 0 0 000000 1
789 751 000 000 6 6 0 0 0 0 000000 1
791 d94 000 000 6 6 0 0 0 0 000000 1
79d b9b 000 000 8 8 0 0 0 0 000000 1
79b af5 000 000 8 8 0 0 0 0 000000 1
798 b46 000 000 6 6 0 0 0 0 000000 1
099 9bd 000 000 4 8 0 0 0 0 000000 1
119 f8e 000 000 4 8 0 0 0 0 000000 1
1d9 593 000 000 6 6 0 0 0 0 000000 1
1b9 762 000 000 6 6 0 0 0 0 000000 1
189 0e1 000 000 4 4 0 0 0 0 000000 1
191 a24 000 000 4 4 0 0 0 0 000000 1
19d c2b 000 000 6 6 0 0 0 0 000000 1
19b d45 000 000 6 6 0 0 0 0 000000 1
198 cf6 000 000 4 8 0 0 0 0 000000 1
219 73b 000 000 4 8 0 0 0 0 000000 1
2d9 d26 000 000 6 6 0 0 0 0 000000 1
2b9 fd7 000 000 6 a 0 0 0 0 000000 1
289 854 000 000 4 4 0 0 0 0 000000 1
291 291 000 000 4 4 0 0 0 0 000000 1
29d 49e 000 000 6 6 0 0 0 0 000000 1
29b 5f0 000 000 6 6 0 0 0 0 000000 1
298 443 000 000 4 4 0 0 0 0 000000 1
359 b15 000 000 6 6 0 0 0 0 000000 1
339 9e4 000 000 6 6 0 0 0 0 000000 1
309 e67 000 000 4 8 0 0 0 0 000000 1
311 4a2 000 000 4 4 0 0 0 0 000000 1
31d 2ad 000 000 6 6 0 0 0 0 000000 1
31b 3c3 000 000 6 6 0 0 0 0 000000 1
318 270 000 000 4 4 0 0 0 0 000000 1
3f9 3f9 000 000 8 8 0 0 0 0 000000 1
3c9 47a 000 000 6 6 0 0 0 0 000000 1
3d1 ebf 000 000 6 a 0 0 0 0 000000 1
3dd 8b0 000 000 8 4 0 0 0 0 000000 1
3db 9de 000 000 8 8 0 0 0 0 000000 1
3d8 86d 000 000 6 6 0 0 0 0 000000 1
3a9 68b 000 000 6 6 0 0 0 0 000000 1
3b1 c4e 000 000 6 6 0 0 0 0 000000 1
3bd a41 000 000 8 4 0 0 0 0 000000 1
3bb b2f 000 000 8 8 0 0 0 0 000000 1
3b8 a9c 000 000 6 6 0 0 0 0 000000 1
381 bcd 000 000 4 8 0 0 0 0 000000 1
38d dc2 000 000 6 6 0 0 0 0 000000 1
38b cac 000 000 6 6 0 0 0 0 000000 1
388 d1f 000 000 4 8 0 0 0 0 000000 1
395 707 000 000 6 6 0 0 0 0 000000 1
393 669 000 000 6 6 0 0 0 0 000000 1
390 7da 000 000 4 8 0 0 0 0 000000 1
39f 066 000 000 8 4 0 0 0 0 000000 1
39c 1d5 000 000 6 6 0 0 0 0 000000 1
39a 0bb 000 000 6 6 0 0 0 0 000000 1
425 107 000 000 4 4 0 0 0 0 000000 1
28c 889 000 000 4 4 0 0 0 0 000000 1
e8c 5e1 000 000 6 6 0 0 0 0 000000 1
88c 251 000 000 4 4 0 0 0 0 000000 1
b8c ae4 000 000 6 6 0 0 0 0 000000 1
a0c cd7 000 000 4 8 0 0 0 0 000000 1
acc 6ca 000 000 6 6 0 0 0 0 000000 1
aac 43b 000 000 6 6 0 0 0 0 000000 1
a9c 3b8 000 000 6 6 0 0 0 0 000000 1
a84 97d 000 000 4 8 0 0 0 0 000000 1
a88 f72 000 000 4 8 0 0 0 0 000000 1
a8e e1c 000 000 6 6 0 0 0 0 000000 1
a8d faf 000 000 6 a 0 0 0 0 000000 1
33f 88a 000 000 8 4 0 0 0 0 000000 1
f3f 5e2 000 000 a 6 0 0 0 0 000000 1
93f 252 000 000 8 4 0 0 0 0 000000 1
a3f ae7 000 000 8 8 0 0 0 0 000000 1
bbf cd4 000 000 a 6 0 0 0 0 000000 1
b7f 6c9 000 000 a 6 0 0 0 0 000000 1
b1f 438 000 000 8 4 0 0 0 0 000000 1
b2f 3bb 000 000 8 8 0 0 0 0 000000 1
b37 97e 000 000 8 8 0 0 0 0 000000 1
b3b f71 000 000 8 8 0 0 0 0 000000 1
b3d e1f 000 000 8 8 0 0 0 0 000000 1
b3e fac 000 000 8 8 0 0 0 0 000000 1
996 c6c 000 000 6 6 0 0 0 0 000000 1
f96 bdc 000 000 8 8 0 0 0 0 000000 1
c96 369 000 000 6 6 0 0 0 0 000000 1
d16 55a 000 000 6 6 0 0 0 0 000000 1
dd6 f47 000 000 8 8 0 0 0 0 000000 1
db6 db6 000 000 8 8 0 0 0 0 000000 1
d86 a35 000 000 6 6 0 0 0 0 000000 1
d9e 0f0 000 000 8 4 0 0 0 0 000000 1
d92 6ff 000 000 6 a 0 0 0 0 000000 1
d94 791 000 000 6 6 0 0 0 0 000000 1
d97 622 000 000 8 4 0 0 0 0 000000 1
396 6b4 000 000 6 6 0 0 0 0 000000 1
096 e01 000 000 4 4 0 0 0 0 000000 1
116 832 000 000 4 4 0 0 0 0 000000 1
1d6 22f 000 000 6 6 0 0 0 0 000000 1
1b6 0de 000 000 6 6 0 0 0 0 000000 1
186 75d 000 000 4 8 0 0 0 0 000000 1
19e d98 000 000 6 6 0 0 0 0 000000 1
192 b97 000 000 4 8 0 0 0 0 000000 1
194 af9 000 000 4 8 0 0 0 0 000000 1
197 b4a 000 000 6 6 0 0 0 0 000000 1
696 9b1 000 000 6 6 0 0 0 0 000000 1
716 f82 000 000 6 6 0 0 0 0 000000 1
7d6 59f 000 000 8 8 0 0 0 0 000000 1
7b6 76e 000 000 8 8 0 0 0 0 000000 1
786 0ed 000 000 6 6 0 0 0 0 000000 1
79e a28 000 000 8 4 0 0 0 0 000000 1
792 c27 000 000 6 6 0 0 0 0 000000 1
794 d49 000 000 6 6 0 0 0 0 000000 1
797 cfa 000 000 8 8 0 0 0 0 000000 1
416 737 000 000 4 8 0 0 0 0 000000 1
4d6 d2a 000 000 6 6 0 0 0 0 000000 1
4b6 fdb 000 000 6 a 0 0 0 0 000000 1
486 858 000 000 4 4 0 0 0 0 000000 1
49e 29d 000 000 6 6 0 0 0 0 000000 1
492 492 000 000 4 4 0 0 0 0 000000 1
494 5fc 000 000 4 8 0 0 0 0 000000 1
497 44f 000 000 6 6 0 0 0 0 000000 1
556 b19 000 000 6 6 0 0 0 0 000000 1
536 9e8 000 000 6 6 0 0 0 0 000000 1
506 e6b 000 000 4 8 0 0 0 0 000000 1
51e 4ae 000 000 6 6 0 0 0 0 000000 1
512 2a1 000 000 4 4 0 0 0 0 000000 1
514 3cf 000 000 4 8 0 0 0 0 000000 1
517 27c 000 000 6 6 0 0 0 0 000000 1
5f6 3f5 000 000 8 8 0 0 0 0 000000 1
5c6 476 000 000 6 6 0 0 0 0 000000 1
5de eb3 000 000 8 8 0 0 0 0 000000 1
5d2 8bc 000 000 6 6 0 0 0 0 000000 1
5d4 9d2 000 000 6 6 0 0 0 0 000000 1
5d7 861 000 000 8 4 0 0 0 0 000000 1
5a6 687 000 000 6 6 0 0 0 0 000000 1
5be c42 000 000 8 4 0 0 0 0 000000 1
5b2 a4d 000 000 6 6 0 0 0 0 000000 1
5b4 b23 000 000 6 6 0 0 0 0 000000 1
5b7 a90 000 000 8 4 0 0 0 0 000000 1
58e bc1 000 000 6 6 0 0 0 0 000000 1
582 dce 000 000 4 8 0 0 0 0 000000 1
584 ca0 000 000 4 4 0 0 0 0 000000 1
587 d13 000 000 6 6 0 0 0 0 000000 1
59a 70b 000 000 6 6 0 0 0 0 000000 1
59c 665 000 000 6 6 0 0 0 0 000000 1
59f 7d6 000 000 8 8 0 0 0 0 000000 1
590 06a 000 000 4 4 0 0 0 0 000000 1
593 1d9 000 000 6 6 0 0 0 0 000000 1
595 0b7 000 000 6 6 0 0 0 0 000000 1
251 88c 000 000 4 4 0 0 0 0 000000 1
e51 5e4 000 000 6 6 0 0 0 0 000000 1
851 254 000 000 4 4 0 0 0 0 000000 1
b51 ae1 000 000 6 6 0 0 0 0 000000 1
ad1 cd2 000 000 6 6 0 0 0 0 000000 1
a11 6cf 000 000 4 8 0 0 0 0 000000 1
a71 43e 000 000 6 6 0 0 0 0 000000 1
a41 3bd 000 000 4 8 0 0 0 0 000000 1
a59 978 000 000 6 6 0 0 0 0 000000 1
a55 f77 000 000 6 a 0 0 0 0 000000 1
a53 e19 000 000 6 6 0 0 0 0 000000 1
a50 faa 000 000 4 8 0 0 0 0 000000 1
8f8 c6a 000 000 6 6 0 0 0 0 000000 1
ef8 bda 000 000 8 8 0 0 0 0 000000 1
df8 36f 000 000 8 8 0 0 0 0 000000 1
c78 55c 000 000 6 6 0 0 0 0 000000 1
cb8 f41 000 000 6 6 0 0 0 0 000000 1
cd8 db0 000 000 6 6 0 0 0 0 000000 1
ce8 a33 000 000 6 6 0 0 0 0 000000 1
cf0 0f6 000 000 6 6 0 0 0 0 000000 1
cfc 6f9 000 000 8 8 0 0 0 0 000000 1
cfa 797 000 000 8 8 0 0 0 0 000000 1
cf9 624 000 000 8 4 0 0 0 0 000000 1
2f8 6b2 000 000 6 6 0 0 0 0 000000 1
1f8 e07 000 000 6 6 0 0 0 0 000000 1
078 834 000 000 4 4 0 0 0 0 000000 1
0b8 229 000 000 4 4 0 0 0 0 000000 1
0d8 0d8 000 000 4 4 0 0 0 0 000000 1
0e8 75b 000 000 4 8 0 0 0 0 000000 1
0f0 d9e 000 000 4 8 0 0 0 0 000000 1
0fc b91 000 000 6 6 0 0 0 0 000000 1
0fa aff 000 000 6 a 0 0 0 0 000000 1
0f9 b4c 000 000 6 6 0 0 0 0 000000 1
7f8 9b7 000 000 8 8 0 0 0 0 000000 1
678 f84 000 000 6 6 0 0 0 0 000000 1
6b8 599 000 000 6 6 0 0 0 0 000000 1
6d8 768 000 000 6 6 0 0 0 0 000000 1
6e8 0eb 000 000 6 6 0 0 0 0 000000 1
6f0 a2e 000 000 6 6 0 0 0 0 000000 1
6fc c21 000 000 8 4 0 0 0 0 000000 1
6fa d4f 000 000 8 8 0 0 0 0 000000 1
6f9 cfc 000 000 8 8 0 0 0 0 000000 1
578 731 000 000 6 6 0 0 0 0 000000 1
5b8 d2c 000 000 6 6 0 0 0 0 000000 1
5d8 fdd 000 000 6 a 0 0 0 0 000000 1
5e8 85e 000 000 6 6 0 0 0 0 000000 1
5f0 29b 000 000 6 6 0 0 0 0 000000 1
5fc 494 000 000 8 4 0 0 0 0 000000 1
5fa 5fa 000 000 8 8 0 0 0 0 000000 1
5f9 449 000 000 8 4 0 0 0 0 000000 1
438 b1f 000 000 4 8 0 0 0 0 000000 1
458 9ee 000 000 4 8 0 0 0 0 000000 1
468 e6d 000 000 4 8 0 0 0 0 000000 1
470 4a8 000 000 4 4 0 0 0 0 000000 1
47c 2a7 000 000 6 6 0 0 0 0 000000 1
47a 3c9 000 000 6 6 0 0 0 0 000000 1
479 27a 000 000 6 6 0 0 0 0 000000 1
498 3f3 000 000 4 8 0 0 0 0 000000 1
4a8 470 000 000 4 4 0 0 0 0 000000 1
4b0 eb5 000 000 4 8 0 0 0 0 000000 1
4bc 8ba 000 000 6 6 0 0 0 0 000000 1
4ba 9d4 000 000 6 6 0 0 0 0 000000 1
4b9 867 000 000 6 6 0 0 0 0 000000 1
4c8 681 000 000 4 4 0 0 0 0 000000 1
4d0 c44 000 000 4 4 0 0 0 0 000000 1
4dc a4b 000 000 6 6 0 0 0 0 000000 1
4da b25 000 000 6 6 0 0 0 0 000000 1
4d9 a96 000 000 6 6 0 0 0 0 000000 1
4e0 bc7 000 000 4 8 0 0 0 0 000000 1
4ec dc8 000 000 6 6 0 0 0 0 000000 1
4ea ca6 000 000 6 6 0 0 0 0 000000 1
4e9 d15 000 000 6 6 0 0 0 0 000000 1
4f4 70d 000 000 6 6 0 0 0 0 000000 1
4f2 663 000 000 6 6 0 0 0 0 000000 1
4f1 7d0 000 000 6 6 0 0 0 0 000000 1
4fe 06c 000 000 8 4 0 0 0 0 000000 1
4fd 1df 000 000 8 8 0 0 0 0 000000 1
4fb 0b1 000 000 8 4 0 0 0 0 000000 1
94b c69 000 000 6 6 0 0 0 0 000000 1
f4b bd9 000 000 8 8 0 0 0 0 000000 1
c4b 36c 000 000 6 6 0 0 0 0 000000 1
dcb 55f 000 000 8 8 0 0 0 0 000000 1
d0b f42 000 000 6 6 0 0 0 0 000000 1
d6b db3 000 000 8 8 0 0 0 0 000000 1
d5b a30 000 000 8 4 0 0 0 0 000000 1
d43 0f5 000 000 6 6 0 0 0 0 000000 1
d4f 6fa 000 000 8 8 0 0 0 0 000000 1
d49 794 000 000 6 6 0 0 0 0 000000 1
d4a 627 000 000 6 6 0 0 0 0 000000 1
34b 6b1 000 000 6 6 0 0 0 0 000000 1
04b e04 000 000 4 4 0 0 0 0 000000 1
1cb 837 000 000 6 6 0 0 0 0 000000 1
10b 22a 000 000 4 4 0 0 0 0 000000 1
16b 0db 000 000 6 6 0 0 0 0 000000 1
15b 758 000 000 6 6 0 0 0 0 000000 1
143 d9d 000 000 4 8 0 0 0 0 000000 1
14f b92 000 000 6 6 0 0 0 0 000000 1
149 afc 000 000 4 8 0 0 0 0 000000 1
14a b4f 000 000 4 8 0 0 0 0 000000 1
64b 9b4 000 000 6 6 0 0 0 0 000000 1
7cb f87 000 000 8 8 0 0 0 0 000000 1
70b 59a 000 000 6 6 0 0 0 0 000000 1
76b 76b 000 000 8 8 0 0 0 0 000000 1
75b 0e8 000 000 8 4 0 0 0 0 000000 1
743 a2d 000 000 6 6 0 0 0 0 000000 1
74f c22 000 000 8 4 0 0 0 0 000000 1
749 d4c 000 000 6 6 0 0 0 0 000000 1
74a cff 000 000 6 a 0 0 0 0 000000 1
4cb 732 000 000 6 6 0 0 0 0 000000 1
40b d2f 000 000 4 8 0 0 0 0 000000 1
46b fde 000 000 6 a 0 0 0 0 000000 1
45b 85d 000 000 6 6 0 0 0 0 000000 1
443 298 000 000 4 4 0 0 0 0 000000 1
44f 497 000 000 6 6 0 0 0 0 000000 1
449 5f9 000 000 4 8 0 0 0 0 000000 1
44a 44a 000 000 4 4 0 0 0 0 000000 1
58b b1c 000 000 6 6 0 0 0 0 000000 1
5eb 9ed 000 000 8 8 0 0 0 0 000000 1
5db e6e 000 000 8 8 0 0 0 0 000000 1
5c3 4ab 000 000 6 6 0 0 0 0 000000 1
5cf 2a4 000 000 8 4 0 0 0 0 000000 1
5c9 3ca 000 000 6 6 0 0 0 0 000000 1
5ca 279 000 000 6 6 0 0 0 0 000000 1
52b 3f0 000 000 6 6 0 0 0 0 000000 1
51b 473 000 000 6 6 0 0 0 0 000000 1
503 eb6 000 000 4 8 0 0 0 0 000000 1
50f 8b9 000 000 6 6 0 0 0 0 000000 1
509 9d7 000 000 4 8 0 0 0 0 000000 1
50a 864 000 000 4 4 0 0 0 0 000000 1
57b 682 000 000 8 4 0 0 0 0 000000 1
563 c47 000 000 6 6 0 0 0 0 000000 1
56f a48 000 000 8 4 0 0 0 0 000000 1
569 b26 000 000 6 6 0 0 0 0 000000 1
56a a95 000 000 6 6 0 0 0 0 000000 1
553 bc4 000 000 6 6 0 0 0 0 000000 1
55f dcb 000 000 8 8 0 0 0 0 000000 1
559 ca5 000 000 6 6 0 0 0 0 000000 1
55a d16 000 000 6 6 0 0 0 0 000000 1
547 70e 000 000 6 6 0 0 0 0 000000 1
541 660 000 000 4 4 0 0 0 0 000000 1
542 7d3 000 000 4 8 0 0 0 0 000000 1
54d 06f 000 000 6 6 0 0 0 0 000000 1
54e 1dc 000 000 6 6 0 0 0 0 000000 1
548 0b2 000 000 4 4 0 0 0 0 000000 1
5e2 f3f 000 000 6 a 0 0 0 0 000000 1
6e2 78a 000 000 6 6 0 0 0 0 000000 1
762 1b9 000 000 6 6 0 0 0 0 000000 1
7a2 ba4 000 000 6 6 0 0 0 0 000000 1
7c2 955 000 000 6 6 0 0 0 0 000000 1
7f2 ed6 000 000 8 8 0 0 0 0 000000 1
7ea 413 000 000 8 4 0 0 0 0 000000 1
7e6 21c 000 000 8 4 0 0 0 0 000000 1
7e0 372 000 000 6 6 0 0 0 0 000000 1
7e3 2c1 000 000 8 4 0 0 0 0 000000 1
0e2 03a 000 000 4 4 0 0 0 0 000000 1
162 609 000 000 4 4 0 0 0 0 000000 1
1a2 c14 000 000 4 4 0 0 0 0 000000 1
1c2 ee5 000 000 4 8 0 0 0 0 000000 1
1f2 966 000 000 6 6 0 0 0 0 000000 1
1ea 3a3 000 000 6 6 0 0 0 0 000000 1
1e6 5ac 000 000 6 6 0 0 0 0 000000 1
1e0 4c2 000 000 4 4 0 0 0 0 000000 1
1e3 571 000 000 6 6 0 0 0 0 000000 1
262 ebc 000 000 4 8 0 0 0 0 000000 1
2a2 4a1 000 000 4 4 0 0 0 0 000000 1
2c2 650 000 000 4 4 0 0 0 0 000000 1
2f2 1d3 000 000 6 6 0 0 0 0 000000 1
2ea b16 000 000 6 6 0 0 0 0 000000 1
2e6 d19 000 000 6 6 0 0 0 0 000000 1
2e0 c77 000 000 4 8 0 0 0 0 000000 1
2e3 dc4 000 000 6 6 0 0 0 0 000000 1
322 292 000 000 4 4 0 0 0 0 000000 1
342 063 000 000 4 4 0 0 0 0 000000 1
372 7e0 000 000 6 6 0 0 0 0 000000 1
36a d25 000 000 6 6 0 0 0 0 000000 1
366 b2a 000 000 6 6 0 0 0 0 000000 1
360 a44 000 000 4 4 0 0 0 0 000000 1
363 bf7 000 000 6 a 0 0 0 0 000000 1
382 a7e 000 000 4 8 0 0 0 0 000000 1
3b2 dfd 000 000 6 a 0 0 0 0 000000 1
3aa 738 000 000 6 6 0 0 0 0 000000 1
3a6 137 000 000 6 6 0 0 0 0 000000 1
3a0 059 000 000 4 4 0 0 0 0 000000 1
3a3 1ea 000 000 6 6 0 0 0 0 000000 1
3d2 f0c 000 000 6 6 0 0 0 0 000000 1
3ca 5c9 000 000 6 6 0 0 0 0 000000 1
3c6 3c6 000 000 6 6 0 0 0 0 000000 1
3c0 2a8 000 000 4 4 0 0 0 0 000000 1
3c3 31b 000 000 6 6 0 0 0 0 000000 1
3fa 24a 000 000 8 4 0 0 0 0 000000 1
3f6 445 000 000 8 4 0 0 0 0 000000 1
3f0 52b 000 000 6 6 0 0 0 0 000000 1
3f3 498 000 000 8 4 0 0 0 0 000000 1
3ee e80 000 000 8 4 0 0 0 0 000000 1
3e8 fee 000 000 6 a 0 0 0 0 000000 1
3eb e5d 000 000 8 8 0 0 0 0 000000 1
3e4 9e1 000 000 6 6 0 0 0 0 000000 1
3e7 852 000 000 8 4 0 0 0 0 000000 1
3e1 93c 000 000 6 6 0 0 0 0 000000 1
ce2 d52 000 000 6 6 0 0 0 0 000000 1
d62 b61 000 000 6 6 0 0 0 0 000000 1
da2 17c 000 000 6 6 0 0 0 0 000000 1
dc2 38d 000 000 6 6 0 0 0 0 000000 1
df2 40e 000 000 8 4 0 0 0 0 000000 1
dea ecb 000 000 8 8 0 0 0 0 000000 1
de6 8c4 000 000 8 4 0 0 0 0 000000 1
de0 9aa 000 000 6 6 0 0 0 0 000000 1
de3 819 000 000 8 4 0 0 0 0 000000 1
e62 3d4 000 000 6 6 0 0 0 0 000000 1
ea2 9c9 000 000 6 6 0 0 0 0 000000 1
ec2 b38 000 000 6 6 0 0 0 0 000000 1
ef2 cbb 000 000 8 8 0 0 0 0 000000 1
eea 67e 000 000 8 8 0 0 0 0 000000 1
ee6 071 000 000 8 4 0 0 0 0 000000 1
ee0 11f 000 000 6 6 0 0 0 0 000000 1
ee3 0ac 000 000 8 4 0 0 0 0 000000 1
f22 ffa 000 000 6 a 0 0 0 0 000000 1
f42 d0b 000 000 6 6 0 0 0 0 000000 1
f72 a88 000 000 8 4 0 0 0 0 000000 1
f6a 04d 000 000 8 4 0 0 0 0 000000 1
f66 642 000 000 8 4 0 0 0 0 000000 1
f60 72c 000 000 6 6 0 0 0 0 000000 1
f63 69f 000 000 8 8 0 0 0 0 000000 1
f82 716 000 000 6 6 0 0 0 0 000000 1
fb2 095 000 000 8 4 0 0 0 0 000000 1
faa a50 000 000 8 4 0 0 0 0 000000 1
fa6 c5f 000 000 8 8 0 0 0 0 000000 1
fa0 d31 000 000 6 6 0 0 0 0 000000 1
fa3 c82 000 000 8 4 0 0 0 0 000000 1
fd2 264 000 000 8 4 0 0 0 0 000000 1
fca 8a1 000 000 8 4 0 0 0 0 000000 1
fc6 eae 000 000 8 8 0 0 0 0 000000 1
fc0 fc0 000 000 6 6 0 0 0 0 000000 1
fc3 e73 000 000 8 8 0 0 0 0 000000 1
ffa f22 000 000 a 6 0 0 0 0 000000 1
ff6 92d 000 000 a 6 0 0 0 0 000000 1
ff0 843 000 000 8 4 0 0 0 0 000000 1
ff3 9f0 000 000 a 6 0 0 0 0 000000 1
fee 3e8 000 000 a 6 0 0 0 0 000000 1
fe8 286 000 000 8 4 0 0 0 0 000000 1
feb 335 000 000 a 6 0 0 0 0 000000 1
fe4 489 000 000 8 4 0 0 0 0 000000 1
fe7 53a 000 000 a 6 0 0 0 0 000000 1
fe1 454 000 000 8 4 0 0 0 0 000000 1
862 464 000 000 4 4 0 0 0 0 000000 1
8a2 e79 000 000 4 8 0 0 0 0 000000 1
8c2 c88 000 000 4 4 0 0 0 0 000000 1
8f2 b0b 000 000 6 6 0 0 0 0 000000 1
8ea 1ce 000 000 6 6 0 0 0 0 000000 1
8e6 7c1 000 000 6 6 0 0 0 0 000000 1
8e0 6af 000 000 4 8 0 0 0 0 000000 1
8e3 71c 000 000 6 6 0 0 0 0 000000 1
922 84a 000 000 4 4 0 0 0 0 000000 1
942 abb 000 000 4 8 0 0 0 0 000000 1
972 d38 000 000 6 6 0 0 0 0 000000 1
96a 7fd 000 000 6 a 0 0 0 0 000000 1
966 1f2 000 000 6 6 0 0 0 0 000000 1
960 09c 000 000 4 4 0 0 0 0 000000 1
963 12f 000 000 6 6 0 0 0 0 000000 1
982 0a6 000 000 4 4 0 0 0 0 000000 1
9b2 725 000 000 6 6 0 0 0 0 000000 1
9aa de0 000 000 6 6 0 0 0 0 000000 1
9a6 bef 000 000 6 a 0 0 0 0 000000 1
9a0 a81 000 000 4 4 0 0 0 0 000000 1
9a3 b32 000 000 6 6 0 0 0 0 000000 1
9d2 5d4 000 000 6 6 0 0 0 0 000000 1
9ca f11 000 000 6 6 0 0 0 0 000000 1
9c6 91e 000 000 6 6 0 0 0 0 000000 1
9c0 870 000 000 4 4 0 0 0 0 000000 1
9c3 9c3 000 000 6 6 0 0 0 0 000000 1
9fa 892 000 000 8 4 0 0 0 0 000000 1
9f6 e9d 000 000 8 8 0 0 0 0 000000 1
9f0 ff3 000 000 6 a 0 0 0 0 000000 1
9f3 e40 000 000 8 4 0 0 0 0 000000 1
9ee 458 000 000 8 4 0 0 0 0 000000 1
9e8 536 000 000 6 6 0 0 0 0 000000 1
9eb 485 000 000 8 4 0 0 0 0 000000 1
9e4 339 000 000 6 6 0 0 0 0 000000 1
9e7 28a 000 000 8 4 0 0 0 0 000000 1
9e1 3e4 000 000 6 6 0 0 0 0 000000 1
a22 0ff 000 000 4 8 0 0 0 0 000000 1
a42 20e 000 000 4 4 0 0 0 0 000000 1
a72 58d 000 000 6 6 0 0 0 0 000000 1
a6a f48 000 000 6 6 0 0 0 0 000000 1
a66 947 000 000 6 6 0 0 0 0 000000 1
a60 829 000 000 4 4 0 0 0 0 000000 1
a63 99a 000 000 6 6 0 0 0 0 000000 1
a82 813 000 000 4 4 0 0 0 0 000000 1
ab2 f90 000 000 6 6 0 0 0 0 000000 1
aaa 555 000 000 6 6 0 0 0 0 000000 1
aa6 35a 000 000 6 6 0 0 0 0 000000 1
aa0 234 000 000 4 4 0 0 0 0 000000 1
aa3 387 000 000 6 6 0 0 0 0 000000 1
ad2 d61 000 000 6 6 0 0 0 0 000000 1
aca 7a4 000 000 6 6 0 0 0 0 000000 1
ac6 1ab 000 000 6 6 0 0 0 0 000000 1
ac0 0c5 000 000 4 4 0 0 0 0 000000 1
ac3 176 000 000 6 6 0 0 0 0 000000 1
afa 027 000 000 8 4 0 0 0 0 000000 1
af6 628 000 000 8 4 0 0 0 0 000000 1
af0 746 000 000 6 6 0 0 0 0 000000 1
af3 6f5 000 000 8 8 0 0 0 0 000000 1
aee ced 000 000 8 8 0 0 0 0 000000 1
ae8 d83 000 000 6 6 0 0 0 0 000000 1
aeb c30 000 000 8 4 0 0 0 0 000000 1
ae4 b8c 000 000 6 6 0 0 0 0 000000 1
ae7 a3f 000 000 8 8 0 0 0 0 000000 1
ae1 b51 000 000 6 6 0 0 0 0 000000 1
b02 e20 000 000 4 4 0 0 0 0 000000 1
b32 9a3 000 000 6 6 0 0 0 0 000000 1
b2a 366 000 000 6 6 0 0 0 0 000000 1
b26 569 000 000 6 6 0 0 0 0 000000 1
b20 407 000 000 4 4 0 0 0 0 000000 1
b23 5b4 000 000 6 6 0 0 0 0 000000 1
b52 b52 000 000 6 6 0 0 0 0 000000 1
b4a 197 000 000 6 6 0 0 0 0 000000 1
b46 798 000 000 6 6 0 0 0 0 000000 1
b40 6f6 000 000 4 8 0 0 0 0 000000 1
b43 745 000 000 6 6 0 0 0 0 000000 1
b7a 614 000 000 8 4 0 0 0 0 000000 1
b76 01b 000 000 8 4 0 0 0 0 000000 1
b70 175 000 000 6 6 0 0 0 0 000000 1
b73 0c6 000 000 8 4 0 0 0 0 000000 1
b6e ade 000 000 8 8 0 0 0 0 000000 1
b68 bb0 000 000 6 6 0 0 0 0 000000 1
b6b a03 000 000 8 4 0 0 0 0 000000 1
b64 dbf 000 000 6 a 0 0 0 0 000000 1
b67 c0c 000 000 8 4 0 0 0 0 000000 1
b61 d62 000 000 6 6 0 0 0 0 000000 1
b92 14f 000 000 6 6 0 0 0 0 000000 1
b8a b8a 000 000 6 6 0 0 0 0 000000 1
b86 d85 000 000 6 6 0 0 0 0 000000 1
b80 ceb 000 000 4 8 0 0 0 0 000000 1
b83 d58 000 000 6 6 0 0 0 0 000000 1
bba c09 000 000 8 4 0 0 0 0 000000 1
bb6 a06 000 000 8 4 0 0 0 0 000000 1
bb0 b68 000 000 6 6 0 0 0 0 000000 1
bb3 adb 000 000 8 8 0 0 0 0 000000 1
bae 0c3 000 000 8 4 0 0 0 0 000000 1
ba8 1ad 000 000 6 6 0 0 0 0 000000 1
bab 01e 000 000 8 4 0 0 0 0 000000 1
ba4 7a2 000 000 6 6 0 0 0 0 000000 1
ba7 611 000 000 8 4 0 0 0 0 000000 1
ba1 77f 000 000 6 a 0 0 0 0 000000 1
bda ef8 000 000 8 8 0 0 0 0 000000 1
bd6 8f7 000 000 8 8 0 0 0 0 000000 1
bd0 999 000 000 6 6 0 0 0 0 000000 1
bd3 82a 000 000 8 4 0 0 0 0 000000 1
bce 232 000 000 8 4 0 0 0 0 000000 1
bc8 35c 000 000 6 6 0 0 0 0 000000 1
bcb 2ef 000 000 8 8 0 0 0 0 000000 1
bc4 553 000 000 6 6 0 0 0 0 000000 1
bc7 4e0 000 000 8 4 0 0 0 0 000000 1
bc1 58e 000 000 6 6 0 0 0 0 000000 1
bfe 5b1 000 000 a 6 0 0 0 0 000000 1
bf8 4df 000 000 8 8 0 0 0 0 000000 1
bfb 56c 000 000 a 6 0 0 0 0 000000 1
bf4 2d0 000 000 8 4 0 0 0 0 000000 1
bf7 363 000 000 a 6 0 0 0 0 000000 1
bf1 20d 000 000 8 4 0 0 0 0 000000 1
bec 815 000 000 8 4 0 0 0 0 000000 1
bef 9a6 000 000 a 6 0 0 0 0 000000 1
be9 8c8 000 000 8 4 0 0 0 0 000000 1
be5 ec7 000 000 8 8 0 0 0 0 000000 1
d9e 0f0 000 000 8 4 0 0 0 0 000000 1
75b 0e8 000 000 8 4 0 0 0 0 000000 1
154 0e4 000 000 4 4 0 0 0 0 000000 1
03a 0e2 000 000 4 4 0 0 0 0 000000 1
189 0e1 000 000 4 4 0 0 0 0 000000 1
720 96f 000 000 4 8 0 0 0 0 000000 1
b20 407 000 000 4 4 0 0 0 0 000000 1
d20 3b7 000 000 4 8 0 0 0 0 000000 1
e20 b02 000 000 4 4 0 0 0 0 000000 1
fa0 d31 000 000 6 6 0 0 0 0 000000 1
f60 72c 000 000 6 6 0 0 0 0 000000 1
f00 5dd 000 000 4 8 0 0 0 0 000000 1
f30 25e 000 000 6 6 0 0 0 0 000000 1
f28 89b 000 000 6 6 0 0 0 0 000000 1
f24 e94 000 000 6 6 0 0 0 0 000000 1
f22 ffa 000 000 6 a 0 0 0 0 000000 1
f21 e49 000 000 6 6 0 0 0 0 000000 1
0d8 0d8 000 000 4 4 0 0 0 0 000000 1
6d7 0d4 000 000 8 4 0 0 0 0 000000 1
7b9 0d2 000 000 8 4 0 0 0 0 000000 1
60a 0d1 000 000 4 4 0 0 0 0 000000 1
0a3 95f 000 000 4 8 0 0 0 0 000000 1
ca3 437 000 000 6 6 0 0 0 0 000000 1
aa3 387 000 000 6 6 0 0 0 0 000000 1
9a3 b32 000 000 6 6 0 0 0 0 000000 1
823 d01 000 000 4 4 0 0 0 0 000000 1
8e3 71c 000 000 6 6 0 0 0 0 000000 1
883 5ed 000 000 4 8 0 0 0 0 000000 1
8b3 26e 000 000 6 6 0 0 0 0 000000 1
8ab 8ab 000 000 6 6 0 0 0 0 000000 1
8a7 ea4 000 000 6 6 0 0 0 0 000000 1
8a1 fca 000 000 4 8 0 0 0 0 000000 1
8a2 e79 000 000 4 8 0 0 0 0 000000 1
c12 0cc 000 000 4 4 0 0 0 0 000000 1
d7c 0ca 000 000 8 4 0 0 0 0 000000 1
ccf 0c9 000 000 8 4 0 0 0 0 000000 1
a66 947 000 000 6 6 0 0 0 0 000000 1
666 42f 000 000 6 6 0 0 0 0 000000 1
066 39f 000 000 4 8 0 0 0 0 000000 1
366 b2a 000 000 6 6 0 0 0 0 000000 1
2e6 d19 000 000 6 6 0 0 0 0 000000 1
226 704 000 000 4 4 0 0 0 0 000000 1
246 5f5 000 000 4 8 0 0 0 0 000000 1
276 276 000 000 6 6 0 0 0 0 000000 1
26e 8b3 000 000 6 6 0 0 0 0 000000 1
262 ebc 000 000 4 8 0 0 0 0 000000 1
264 fd2 000 000 4 8 0 0 0 0 000000 1
267 e61 000 000 6 6 0 0 0 0 000000 1
b73 0c6 000 000 8 4 0 0 0 0 000000 1
ac0 0c5 000 000 4 4 0 0 0 0 000000 1
c69 94b 000 000 6 6 0 0 0 0 000000 1
069 423 000 000 4 4 0 0 0 0 000000 1
669 393 000 000 6 6 0 0 0 0 000000 1
569 b26 000 000 6 6 0 0 0 0 000000 1
4e9 d15 000 000 6 6 0 0 0 0 000000 1
429 708 000 000 4 4 0 0 0 0 000000 1
449 5f9 000 000 4 8 0 0 0 0 000000 1
479 27a 000 000 6 6 0 0 0 0 000000 1
461 8bf 000 000 4 8 0 0 0 0 000000 1
46d eb0 000 000 6 6 0 0 0 0 000000 1
46b fde 000 000 6 a 0 0 0 0 000000 1
468 e6d 000 000 4 8 0 0 0 0 000000 1
bae 0c3 000 000 8 4 0 0 0 0 000000 1
d07 94d 000 000 6 6 0 0 0 0 000000 1
107 425 000 000 4 4 0 0 0 0 000000 1
707 395 000 000 6 6 0 0 0 0 000000 1
407 b20 000 000 4 4 0 0 0 0 000000 1
587 d13 000 000 6 6 0 0 0 0 000000 1
547 70e 000 000 6 6 0 0 0 0 000000 1
527 5ff 000 000 6 a 0 0 0 0 000000 1
517 27c 000 000 6 6 0 0 0 0 000000 1
50f 8b9 000 000 6 6 0 0 0 0 000000 1
503 eb6 000 000 4 8 0 0 0 0 000000 1
505 fd8 000 000 4 8 0 0 0 0 000000 1
506 e6b 000 000 4 8 0 0 0 0 000000 1
cb4 94e 000 000 6 6 0 0 0 0 000000 1
0b4 426 000 000 4 4 0 0 0 0 000000 1
6b4 396 000 000 6 6 0 0 0 0 000000 1
5b4 b23 000 000 6 6 0 0 0 0 000000 1
434 d10 000 000 4 4 0 0 0 0 000000 1
4f4 70d 000 000 6 6 0 0 0 0 000000 1
494 5fc 000 000 4 8 0 0 0 0 000000 1
4a4 27f 000 000 4 8 0 0 0 0 000000 1
4bc 8ba 000 000 6 6 0 0 0 0 000000 1
4b0 eb5 000 000 4 8 0 0 0 0 000000 1
4b6 fdb 000 000 6 a 0 0 0 0 000000 1
4b5 e68 000 000 6 6 0 0 0 0 000000 1
61d da8 000 000 6 6 0 0 0 0 000000 1
01d a18 000 000 4 4 0 0 0 0 000000 1
31d 2ad 000 000 6 6 0 0 0 0 000000 1
29d 49e 000 000 6 6 0 0 0 0 000000 1
25d e83 000 000 6 6 0 0 0 0 000000 1
23d c72 000 000 6 6 0 0 0 0 000000 1
20d bf1 000 000 4 8 0 0 0 0 000000 1
215 134 000 000 4 4 0 0 0 0 000000 1
219 73b 000 000 4 8 0 0 0 0 000000 1
21f 655 000 000 6 6 0 0 0 0 000000 1
21c 7e6 000 000 4 8 0 0 0 0 000000 1
c1d 770 000 000 6 6 0 0 0 0 000000 1
f1d fc5 000 000 8 8 0 0 0 0 000000 1
e9d 9f6 000 000 8 8 0 0 0 0 000000 1
e5d 3eb 000 000 8 8 0 0 0 0 000000 1
e3d 11a 000 000 8 4 0 0 0 0 000000 1
e0d 699 000 000 6 6 0 0 0 0 000000 1
e15 c5c 000 000 6 6 0 0 0 0 000000 1
e19 a53 000 000 6 6 0 0 0 0 000000 1
e1f b3d 000 000 8 8 0 0 0 0 000000 1
e1c a8e 000 000 6 6 0 0 0 0 000000 1
91d 875 000 000 6 6 0 0 0 0 000000 1
89d e46 000 000 6 6 0 0 0 0 000000 1
85d 45b 000 000 6 6 0 0 0 0 000000 1
83d 6aa 000 000 6 6 0 0 0 0 000000 1
80d 129 000 000 4 4 0 0 0 0 000000 1
815 bec 000 000 4 8 0 0 0 0 000000 1
819 de3 000 000 4 8 0 0 0 0 000000 1
81f c8d 000 000 6 6 0 0 0 0 000000 1
81c d3e 000 000 4 8 0 0 0 0 000000 1
b9d 6f3 000 000 8 8 0 0 0 0 000000 1
b5d cee 000 000 8 8 0 0 0 0 000000 1
b3d e1f 000 000 8 8 0 0 0 0 000000 1
b0d 99c 000 000 6 6 0 0 0 0 000000 1
b15 359 000 000 6 6 0 0 0 0 000000 1
b19 556 000 000 6 6 0 0 0 0 000000 1
b1f 438 000 000 8 4 0 0 0 0 000000 1
b1c 58b 000 000 6 6 0 0 0 0 000000 1
add add 000 000 8 8 0 0 0 0 000000 1
abd 82c 000 000 8 4 0 0 0 0 000000 1
a8d faf 000 000 6 a 0 0 0 0 000000 1
a95 56a 000 000 6 6 0 0 0 0 000000 1
a99 365 000 000 6 6 0 0 0 0 000000 1
a9f 20b 000 000 8 4 0 0 0 0 000000 1
a9c 3b8 000 000 6 6 0 0 0 0 000000 1
a7d 231 000 000 8 4 0 0 0 0 000000 1
a4d 5b2 000 000 6 6 0 0 0 0 000000 1
a55 f77 000 000 6 a 0 0 0 0 000000 1
a59 978 000 000 6 6 0 0 0 0 000000 1
a5f 816 000 000 8 4 0 0 0 0 000000 1
a5c 9a5 000 000 6 6 0 0 0 0 000000 1
a2d 743 000 000 6 6 0 0 0 0 000000 1
a35 d86 000 000 6 6 0 0 0 0 000000 1
a39 b89 000 000 6 6 0 0 0 0 000000 1
a3f ae7 000 000 8 8 0 0 0 0 000000 1
a3c b54 000 000 6 6 0 0 0 0 000000 1
a05 a05 000 000 4 4 0 0 0 0 000000 1
a09 c0a 000 000 4 4 0 0 0 0 000000 1
a0f d64 000 000 6 6 0 0 0 0 000000 1
a0c cd7 000 000 4 8 0 0 0 0 000000 1
a11 6cf 000 000 4 8 0 0 0 0 000000 1
a17 7a1 000 000 6 6 0 0 0 0 000000 1
a14 612 000 000 4 4 0 0 0 0 000000 1
a1b 1ae 000 000 6 6 0 0 0 0 000000 1
a18 01d 000 000 4 4 0 0 0 0 000000 1
a1e 173 000 000 6 6 0 0 0 0 000000 1
229 0b8 000 000 4 4 0 0 0 0 000000 1
426 0b4 000 000 4 4 0 0 0 0 000000 1
548 0b2 000 000 4 4 0 0 0 0 000000 1
4fb 0b1 000 000 8 4 0 0 0 0 000000 1
252 93f 000 000 4 8 0 0 0 0 000000 1
e52 457 000 000 6 6 0 0 0 0 000000 1
852 3e7 000 000 4 8 0 0 0 0 000000 1
b52 b52 000 000 6 6 0 0 0 0 000000 1
ad2 d61 000 000 6 6 0 0 0 0 000000 1
a12 77c 000 000 4 8 0 0 0 0 000000 1
a72 58d 000 000 6 6 0 0 0 0 000000 1
a42 20e 000 000 4 4 0 0 0 0 000000 1
a5a 8cb 000 000 6 6 0 0 0 0 000000 1
a56 ec4 000 000 6 6 0 0 0 0 000000 1
a50 faa 000 000 4 8 0 0 0 0 000000 1
a53 e19 000 000 6 6 0 0 0 0 000000 1
ee3 0ac 000 000 8 4 0 0 0 0 000000 1
f8d 0aa 000 000 8 4 0 0 0 0 000000 1
e3e 0a9 000 000 8 4 0 0 0 0 000000 1
897 927 000 000 6 6 0 0 0 0 000000 1
497 44f 000 000 6 6 0 0 0 0 000000 1
297 3ff 000 000 6 a 0 0 0 0 000000 1
197 b4a 000 000 6 6 0 0 0 0 000000 1
017 d79 000 000 4 8 0 0 0 0 000000 1
0d7 764 000 000 6 6 0 0 0 0 000000 1
0b7 595 000 000 6 6 0 0 0 0 000000 1
087 216 000 000 4 4 0 0 0 0 000000 1
09f 8d3 000 000 6 6 0 0 0 0 000000 1
093 edc 000 000 4 8 0 0 0 0 000000 1
095 fb2 000 000 4 8 0 0 0 0 000000 1
096 e01 000 000 4 4 0 0 0 0 000000 1
982 0a6 000 000 4 4 0 0 0 0 000000 1
831 0a5 000 000 4 4 0 0 0 0 000000 1
e98 92b 000 000 6 6 0 0 0 0 000000 1
298 443 000 000 4 4 0 0 0 0 000000 1
498 3f3 000 000 4 8 0 0 0 0 000000 1
798 b46 000 000 6 6 0 0 0 0 000000 1
618 d75 000 000 4 8 0 0 0 0 000000 1
6d8 768 000 000 6 6 0 0 0 0 000000 1
6b8 599 000 000 6 6 0 0 0 0 000000 1
688 21a 000 000 4 4 0 0 0 0 000000 1
690 8df 000 000 4 8 0 0 0 0 000000 1
69c ed0 000 000 6 6 0 0 0 0 000000 1
69a fbe 000 000 6 a 0 0 0 0 000000 1
699 e0d 000 000 6 6 0 0 0 0 000000 1
95f 0a3 000 000 8 4 0 0 0 0 000000 1
ff6 92d 000 000 a 6 0 0 0 0 000000 1
3f6 445 000 000 8 4 0 0 0 0 000000 1
5f6 3f5 000 000 8 8 0 0 0 0 000000 1
6f6 b40 000 000 8 4 0 0 0 0 000000 1
776 d73 000 000 8 8 0 0 0 0 000000 1
7b6 76e 000 000 8 8 0 0 0 0 000000 1
7d6 59f 000 000 8 8 0 0 0 0 000000 1
7e6 21c 000 000 8 4 0 0 0 0 000000 1
7fe 8d9 000 000 a 6 0 0 0 0 000000 1
7f2 ed6 000 000 8 8 0 0 0 0 000000 1
7f4 fb8 000 000 8 8 0 0 0 0 000000 1
7f7 e0b 000 000 a 6 0 0 0 0 000000 1
e45 92e 000 000 6 6 0 0 0 0 000000 1
245 446 000 000 4 4 0 0 0 0 000000 1
445 3f6 000 000 4 8 0 0 0 0 000000 1
745 b43 000 000 6 6 0 0 0 0 000000 1
6c5 d70 000 000 6 6 0 0 0 0 000000 1
605 76d 000 000 4 8 0 0 0 0 000000 1
665 59c 000 000 6 6 0 0 0 0 000000 1
655 21f 000 000 6 6 0 0 0 0 000000 1
64d 8da 000 000 6 6 0 0 0 0 000000 1
641 ed5 000 000 4 8 0 0 0 0 000000 1
647 fbb 000 000 6 a 0 0 0 0 000000 1
644 e08 000 000 4 4 0 0 0 0 000000 1
4ec dc8 000 000 6 6 0 0 0 0 000000 1
2ec a78 000 000 6 6 0 0 0 0 000000 1
1ec 2cd 000 000 6 6 0 0 0 0 000000 1
06c 4fe 000 000 4 8 0 0 0 0 000000 1
0ac ee3 000 000 4 8 0 0 0 0 000000 1
0cc c12 000 000 4 4 0 0 0 0 000000 1
0fc b91 000 000 6 6 0 0 0 0 000000 1
0e4 154 000 000 4 4 0 0 0 0 000000 1
0e8 75b 000 000 4 8 0 0 0 0 000000 1
0ee 635 000 000 6 6 0 0 0 0 000000 1
0ed 786 000 000 6 6 0 0 0 0 000000 1
eec 710 000 000 8 4 0 0 0 0 000000 1
dec fa5 000 000 8 8 0 0 0 0 000000 1
c6c 996 000 000 6 6 0 0 0 0 000000 1
cac 38b 000 000 6 6 0 0 0 0 000000 1
ccc 17a 000 000 6 6 0 0 0 0 000000 1
cfc 6f9 000 000 8 8 0 0 0 0 000000 1
ce4 c3c 000 000 6 6 0 0 0 0 000000 1
ce8 a33 000 000 6 6 0 0 0 0 000000 1
cee b5d 000 000 8 8 0 0 0 0 000000 1
ced aee 000 000 8 8 0 0 0 0 000000 1
bec 815 000 000 8 4 0 0 0 0 000000 1
a6c e26 000 000 6 6 0 0 0 0 000000 1
aac 43b 000 000 6 6 0 0 0 0 000000 1
acc 6ca 000 000 6 6 0 0 0 0 000000 1
afc 149 000 000 8 4 0 0 0 0 000000 1
ae4 b8c 000 000 6 6 0 0 0 0 000000 1
ae8 d83 000 000 6 6 0 0 0 0 000000 1
aee ced 000 000 8 8 0 0 0 0 000000 1
aed d5e 000 000 8 8 0 0 0 0 000000 1
96c 693 000 000 6 6 0 0 0 0 000000 1
9ac c8e 000 000 6 6 0 0 0 0 000000 1
9cc e7f 000 000 6 a 0 0 0 0 000000 1
9fc 9fc 000 000 8 8 0 0 0 0 000000 1
9e4 339 000 000 6 6 0 0 0 0 000000 1
9e8 536 000 000 6 6 0 0 0 0 000000 1
9ee 458 000 000 8 4 0 0 0 0 000000 1
9ed 5eb 000 000 8 8 0 0 0 0 000000 1
82c abd 000 000 4 8 0 0 0 0 000000 1
84c 84c 000 000 4 4 0 0 0 0 000000 1
87c fcf 000 000 6 a 0 0 0 0 000000 1
864 50a 000 000 4 4 0 0 0 0 000000 1
868 305 000 000 4 4 0 0 0 0 000000 1
86e 26b 000 000 6 6 0 0 0 0 000000 1
86d 3d8 000 000 6 6 0 0 0 0 000000 1
88c 251 000 000 4 4 0 0 0 0 000000 1
8bc 5d2 000 000 6 6 0 0 0 0 000000 1
8a4 f17 000 000 4 8 0 0 0 0 000000 1
8a8 918 000 000 4 4 0 0 0 0 000000 1
8ae 876 000 000 6 6 0 0 0 0 000000 1
8ad 9c5 000 000 6 6 0 0 0 0 000000 1
8dc 723 000 000 6 6 0 0 0 0 000000 1
8c4 de6 000 000 4 8 0 0 0 0 000000 1
8c8 be9 000 000 4 8 0 0 0 0 000000 1
8ce a87 000 000 6 6 0 0 0 0 000000 1
8cd b34 000 000 6 6 0 0 0 0 000000 1
8f4 a65 000 000 6 6 0 0 0 0 000000 1
8f8 c6a 000 000 6 6 0 0 0 0 000000 1
8fe d04 000 000 8 4 0 0 0 0 000000 1
8fd cb7 000 000 8 8 0 0 0 0 000000 1
8e0 6af 000 000 4 8 0 0 0 0 000000 1
8e6 7c1 000 000 6 6 0 0 0 0 000000 1
8e5 672 000 000 6 6 0 0 0 0 000000 1
8ea 1ce 000 000 6 6 0 0 0 0 000000 1
8e9 07d 000 000 6 6 0 0 0 0 000000 1
8ef 113 000 000 8 4 0 0 0 0 000000 1
960 09c 000 000 4 4 0 0 0 0 000000 1
80e 09a 000 000 4 4 0 0 0 0 000000 1
9bd 099 000 000 8 4 0 0 0 0 000000 1
f14 917 000 000 6 6 0 0 0 0 000000 1
314 47f 000 000 4 8 0 0 0 0 000000 1
514 3cf 000 000 4 8 0 0 0 0 000000 1
614 b7a 000 000 4 8 0 0 0 0 000000 1
794 d49 000 000 6 6 0 0 0 0 000000 1
754 754 000 000 6 6 0 0 0 0 000000 1
734 5a5 000 000 6 6 0 0 0 0 000000 1
704 226 000 000 4 4 0 0 0 0 000000 1
71c 8e3 000 000 6 6 0 0 0 0 000000 1
710 eec 000 000 4 8 0 0 0 0 000000 1
716 f82 000 000 6 6 0 0 0 0 000000 1
715 e31 000 000 6 6 0 0 0 0 000000 1
e01 096 000 000 4 4 0 0 0 0 000000 1
fb2 095 000 000 8 4 0 0 0 0 000000 1
91b 91b 000 000 6 6 0 0 0 0 000000 1
51b 473 000 000 6 6 0 0 0 0 000000 1
31b 3c3 000 000 6 6 0 0 0 0 000000 1
01b b76 000 000 4 8 0 0 0 0 000000 1
19b d45 000 000 6 6 0 0 0 0 000000 1
15b 758 000 000 6 6 0 0 0 0 000000 1
13b 5a9 000 000 6 6 0 0 0 0 000000 1
10b 22a 000 000 4 4 0 0 0 0 000000 1
113 8ef 000 000 4 8 0 0 0 0 000000 1
11f ee0 000 000 6 6 0 0 0 0 000000 1
119 f8e 000 000 4 8 0 0 0 0 000000 1
11a e3d 000 000 4 8 0 0 0 0 000000 1
edc 093 000 000 8 4 0 0 0 0 000000 1
875 91d 000 000 6 6 0 0 0 0 000000 1
475 475 000 000 6 6 0 0 0 0 000000 1
275 3c5 000 000 6 6 0 0 0 0 000000 1
175 b70 000 000 6 6 0 0 0 0 000000 1
0f5 d43 000 000 6 6 0 0 0 0 000000 1
035 75e 000 000 4 8 0 0 0 0 000000 1
055 5af 000 000 4 8 0 0 0 0 000000 1
065 22c 000 000 4 4 0 0 0 0 000000 1
07d 8e9 000 000 6 6 0 0 0 0 000000 1
071 ee6 000 000 4 8 0 0 0 0 000000 1
077 f88 000 000 6 6 0 0 0 0 000000 1
074 e3b 000 000 4 8 0 0 0 0 000000 1
9c6 91e 000 000 6 6 0 0 0 0 000000 1
5c6 476 000 000 6 6 0 0 0 0 000000 1
3c6 3c6 000 000 6 6 0 0 0 0 000000 1
0c6 b73 000 000 4 8 0 0 0 0 000000 1
146 d40 000 000 4 4 0 0 0 0 000000 1
186 75d 000 000 4 8 0 0 0 0 000000 1
1e6 5ac 000 000 6 6 0 0 0 0 000000 1
1d6 22f 000 000 6 6 0 0 0 0 000000 1
1ce 8ea 000 000 6 6 0 0 0 0 000000 1
1c2 ee5 000 000 4 8 0 0 0 0 000000 1
1c4 f8b 000 000 4 8 0 0 0 0 000000 1
1c7 e38 000 000 6 6 0 0 0 0 000000 1
36f df8 000 000 8 8 0 0 0 0 000000 1
56f a48 000 000 8 4 0 0 0 0 000000 1
66f 2fd 000 000 8 8 0 0 0 0 000000 1
7ef 4ce 000 000 a 6 0 0 0 0 000000 1
72f ed3 000 000 8 8 0 0 0 0 000000 1
74f c22 000 000 8 4 0 0 0 0 000000 1
77f ba1 000 000 a 6 0 0 0 0 000000 1
767 164 000 000 8 4 0 0 0 0 000000 1
76b 76b 000 000 8 8 0 0 0 0 000000 1
76d 605 000 000 8 4 0 0 0 0 000000 1
76e 7b6 000 000 8 8 0 0 0 0 000000 1
96f 720 000 000 8 4 0 0 0 0 000000 1
a6f f95 000 000 8 8 0 0 0 0 000000 1
bef 9a6 000 000 a 6 0 0 0 0 000000 1
b2f 3bb 000 000 8 8 0 0 0 0 000000 1
b4f 14a 000 000 8 4 0 0 0 0 000000 1
b7f 6c9 000 000 a 6 0 0 0 0 000000 1
b67 c0c 000 000 8 4 0 0 0 0 000000 1
b6b a03 000 000 8 4 0 0 0 0 000000 1
b6d b6d 000 000 8 8 0 0 0 0 000000 1
b6e ade 000 000 8 8 0 0 0 0 000000 1
c6f 825 000 000 8 4 0 0 0 0 000000 1
def e16 000 000 a 6 0 0 0 0 000000 1
d2f 40b 000 000 8 4 0 0 0 0 000000 1
d4f 6fa 000 000 8 8 0 0 0 0 000000 1
d7f 179 000 000 a 6 0 0 0 0 000000 1
d67 bbc 000 000 8 8 0 0 0 0 000000 1
d6b db3 000 000 8 8 0 0 0 0 000000 1
d6d cdd 000 000 8 8 0 0 0 0 000000 1
d6e d6e 000 000 8 8 0 0 0 0 000000 1
eef 6a3 000 000 a 6 0 0 0 0 000000 1
e2f cbe 000 000 8 8 0 0 0 0 000000 1
e4f e4f 000 000 8 8 0 0 0 0 000000 1
e7f 9cc 000 000 a 6 0 0 0 0 000000 1
e67 309 000 000 8 4 0 0 0 0 000000 1
e6b 506 000 000 8 4 0 0 0 0 000000 1
e6d 468 000 000 8 4 0 0 0 0 000000 1
e6e 5db 000 000 8 8 0 0 0 0 000000 1
faf a8d 000 000 a 6 0 0 0 0 000000 1
fcf 87c 000 000 a 6 0 0 0 0 000000 1
fff fff 000 000 c c 0 0 0 0 000000 1
fe7 53a 000 000 a 6 0 0 0 0 000000 1
feb 335 000 000 a 6 0 0 0 0 000000 1
fed 25b 000 000 a 6 0 0 0 0 000000 1
fee 3e8 000 000 a 6 0 0 0 0 000000 1
f0f 261 000 000 8 4 0 0 0 0 000000 1
f3f 5e2 000 000 a 6 0 0 0 0 000000 1
f27 f27 000 000 8 8 0 0 0 0 000000 1
f2b 928 000 000 8 4 0 0 0 0 000000 1
f2d 846 000 000 8 4 0 0 0 0 000000 1
f2e 9f5 000 000 8 8 0 0 0 0 000000 1
f5f 713 000 000 a 6 0 0 0 0 000000 1
f47 dd6 000 000 8 8 0 0 0 0 000000 1
f4b bd9 000 000 8 8 0 0 0 0 000000 1
f4d ab7 000 000 8 8 0 0 0 0 000000 1
f4e b04 000 000 8 4 0 0 0 0 000000 1
f77 a55 000 000 a 6 0 0 0 0 000000 1
f7b c5a 000 000 a 6 0 0 0 0 000000 1
f7d d34 000 000 a 6 0 0 0 0 000000 1
f7e c87 000 000 a 6 0 0 0 0 000000 1
f63 69f 000 000 8 8 0 0 0 0 000000 1
f65 7f1 000 000 8 8 0 0 0 0 000000 1
f66 642 000 000 8 4 0 0 0 0 000000 1
f69 1fe 000 000 8 8 0 0 0 0 000000 1
f6a 04d 000 000 8 4 0 0 0 0 000000 1
f6c 123 000 000 8 4 0 0 0 0 000000 1
4c4 08e 000 000 4 4 0 0 0 0 000000 1
577 08d 000 000 8 4 0 0 0 0 000000 1
3de 903 000 000 8 4 0 0 0 0 000000 1
fde 46b 000 000 a 6 0 0 0 0 000000 1
9de 3db 000 000 8 8 0 0 0 0 000000 1
ade b6e 000 000 8 8 0 0 0 0 000000 1
b5e d5d 000 000 8 8 0 0 0 0 000000 1
b9e 740 000 000 8 4 0 0 0 0 000000 1
bfe 5b1 000 000 a 6 0 0 0 0 000000 1
bce 232 000 000 8 4 0 0 0 0 000000 1
bd6 8f7 000 000 8 8 0 0 0 0 000000 1
bda ef8 000 000 8 8 0 0 0 0 000000 1
bdc f96 000 000 8 8 0 0 0 0 000000 1
bdf e25 000 000 a 6 0 0 0 0 000000 1
419 08b 000 000 4 4 0 0 0 0 000000 1
2b0 905 000 000 4 4 0 0 0 0 000000 1
eb0 46d 000 000 6 6 0 0 0 0 000000 1
8b0 3dd 000 000 4 8 0 0 0 0 000000 1
bb0 b68 000 000 6 6 0 0 0 0 000000 1
a30 d5b 000 000 4 8 0 0 0 0 000000 1
af0 746 000 000 6 6 0 0 0 0 000000 1
a90 5b7 000 000 4 8 0 0 0 0 000000 1
aa0 234 000 000 4 4 0 0 0 0 000000 1
ab8 8f1 000 000 6 6 0 0 0 0 000000 1
ab4 efe 000 000 6 a 0 0 0 0 000000 1
ab2 f90 000 000 6 6 0 0 0 0 000000 1
ab1 e23 000 000 6 6 0 0 0 0 000000 1
303 906 000 000 4 4 0 0 0 0 000000 1
f03 46e 000 000 6 6 0 0 0 0 000000 1
903 3de 000 000 4 8 0 0 0 0 000000 1
a03 b6b 000 000 4 8 0 0 0 0 000000 1
b83 d58 000 000 6 6 0 0 0 0 000000 1
b43 745 000 000 6 6 0 0 0 0 000000 1
b23 5b4 000 000 6 6 0 0 0 0 000000 1
b13 237 000 000 6 6 0 0 0 0 000000 1
b0b 8f2 000 000 6 6 0 0 0 0 000000 1
b07 efd 000 000 6 a 0 0 0 0 000000 1
b01 f93 000 000 4 8 0 0 0 0 000000 1
b02 e20 000 000 4 4 0 0 0 0 000000 1
9aa de0 000 000 6 6 0 0 0 0 000000 1
faa a50 000 000 8 4 0 0 0 0 000000 1
caa 2e5 000 000 6 6 0 0 0 0 000000 1
d2a 4d6 000 000 6 6 0 0 0 0 000000 1
dea ecb 000 000 8 8 0 0 0 0 000000 1
d8a c3a 000 000 6 6 0 0 0 0 000000 1
dba bb9 000 000 8 8 0 0 0 0 000000 1
da2 17c 000 000 6 6 0 0 0 0 000000 1
dae 773 000 000 8 8 0 0 0 0 000000 1
da8 61d 000 000 6 6 0 0 0 0 000000 1
dab 7ae 000 000 8 8 0 0 0 0 000000 1
3aa 738 000 000 6 6 0 0 0 0 000000 1
0aa f8d 000 000 4 8 0 0 0 0 000000 1
12a 9be 000 000 4 8 0 0 0 0 000000 1
1ea 3a3 000 000 6 6 0 0 0 0 000000 1
18a 152 000 000 4 4 0 0 0 0 000000 1
1ba 6d1 000 000 6 6 0 0 0 0 000000 1
1a2 c14 000 000 4 4 0 0 0 0 000000 1
1ae a1b 000 000 6 6 0 0 0 0 000000 1
1a8 b75 000 000 4 8 0 0 0 0 000000 1
1ab ac6 000 000 6 6 0 0 0 0 000000 1
6aa 83d 000 000 6 6 0 0 0 0 000000 1
72a e0e 000 000 6 6 0 0 0 0 000000 1
7ea 413 000 000 8 4 0 0 0 0 000000 1
78a 6e2 000 000 6 6 0 0 0 0 000000 1
7ba 161 000 000 8 4 0 0 0 0 000000 1
7a2 ba4 000 000 6 6 0 0 0 0 000000 1
7ae dab 000 000 8 8 0 0 0 0 000000 1
7a8 cc5 000 000 6 6 0 0 0 0 000000 1
7ab d76 000 000 8 8 0 0 0 0 000000 1
42a 6bb 000 000 4 8 0 0 0 0 000000 1
4ea ca6 000 000 6 6 0 0 0 0 000000 1
48a e57 000 000 4 8 0 0 0 0 000000 1
4ba 9d4 000 000 6 6 0 0 0 0 000000 1
4a2 311 000 000 4 4 0 0 0 0 000000 1
4ae 51e 000 000 6 6 0 0 0 0 000000 1
4a8 470 000 000 4 4 0 0 0 0 000000 1
4ab 5c3 000 000 6 6 0 0 0 0 000000 1
56a a95 000 000 6 6 0 0 0 0 000000 1
50a 864 000 000 4 4 0 0 0 0 000000 1
53a fe7 000 000 6 a 0 0 0 0 000000 1
522 522 000 000 4 4 0 0 0 0 000000 1
52e 32d 000 000 6 6 0 0 0 0 000000 1
528 243 000 000 4 4 0 0 0 0 000000 1
52b 3f0 000 000 6 6 0 0 0 0 000000 1
5ca 279 000 000 6 6 0 0 0 0 000000 1
5fa 5fa 000 000 8 8 0 0 0 0 000000 1
5e2 f3f 000 000 6 a 0 0 0 0 000000 1
5ee 930 000 000 8 4 0 0 0 0 000000 1
5e8 85e 000 000 6 6 0 0 0 0 000000 1
5eb 9ed 000 000 8 8 0 0 0 0 000000 1
59a 70b 000 000 6 6 0 0 0 0 000000 1
582 dce 000 000 4 8 0 0 0 0 000000 1
58e bc1 000 000 6 6 0 0 0 0 000000 1
588 aaf 000 000 4 8 0 0 0 0 000000 1
58b b1c 000 000 6 6 0 0 0 0 000000 1
5b2 a4d 000 000 6 6 0 0 0 0 000000 1
5be c42 000 000 8 4 0 0 0 0 000000 1
5b8 d2c 000 000 6 6 0 0 0 0 000000 1
5bb c9f 000 000 8 8 0 0 0 0 000000 1
5a6 687 000 000 6 6 0 0 0 0 000000 1
5a0 7e9 000 000 4 8 0 0 0 0 000000 1
5a3 65a 000 000 6 6 0 0 0 0 000000 1
5ac 1e6 000 000 6 6 0 0 0 0 000000 1
5af 055 000 000 8 4 0 0 0 0 000000 1
5a9 13b 000 000 6 6 0 0 0 0 000000 1
216 087 000 000 4 4 0 0 0 0 000000 1
4bf 909 000 000 8 4 0 0 0 0 000000 1
8bf 461 000 000 8 4 0 0 0 0 000000 1
ebf 3d1 000 000 a 6 0 0 0 0 000000 1
dbf b64 000 000 a 6 0 0 0 0 000000 1
c3f d57 000 000 8 8 0 0 0 0 000000 1
cff 74a 000 000 a 6 0 0 0 0 000000 1
c9f 5bb 000 000 8 8 0 0 0 0 000000 1
caf 238 000 000 8 4 0 0 0 0 000000 1
cb7 8fd 000 000 8 8 0 0 0 0 000000 1
cbb ef2 000 000 8 8 0 0 0 0 000000 1
cbd f9c 000 000 8 8 0 0 0 0 000000 1
cbe e2f 000 000 8 8 0 0 0 0 000000 1
50c 90a 000 000 4 4 0 0 0 0 000000 1
90c 462 000 000 4 4 0 0 0 0 000000 1
f0c 3d2 000 000 6 6 0 0 0 0 000000 1
c0c b67 000 000 4 8 0 0 0 0 000000 1
d8c d54 000 000 6 6 0 0 0 0 000000 1
d4c 749 000 000 6 6 0 0 0 0 000000 1
d2c 5b8 000 000 6 6 0 0 0 0 000000 1
d1c 23b 000 000 6 6 0 0 0 0 000000 1
d04 8fe 000 000 4 8 0 0 0 0 000000 1
d08 ef1 000 000 4 8 0 0 0 0 000000 1
d0e f9f 000 000 6 a 0 0 0 0 000000 1
d0d e2c 000 000 6 6 0 0 0 0 000000 1
fa5 dec 000 000 8 8 0 0 0 0 000000 1
9a5 a5c 000 000 6 6 0 0 0 0 000000 1
aa5 2e9 000 000 6 6 0 0 0 0 000000 1
b25 4da 000 000 6 6 0 0 0 0 000000 1
be5 ec7 000 000 8 8 0 0 0 0 000000 1
b85 c36 000 000 6 6 0 0 0 0 000000 1
bb5 bb5 000 000 8 8 0 0 0 0 000000 1
bad 170 000 000 8 4 0 0 0 0 000000 1
ba1 77f 000 000 6 a 0 0 0 0 000000 1
ba7 611 000 000 8 4 0 0 0 0 000000 1
ba4 7a2 000 000 6 6 0 0 0 0 000000 1
5a5 734 000 000 6 6 0 0 0 0 000000 1
6a5 f81 000 000 6 6 0 0 0 0 000000 1
725 9b2 000 000 6 6 0 0 0 0 000000 1
7e5 3af 000 000 8 8 0 0 0 0 000000 1
785 15e 000 000 6 6 0 0 0 0 000000 1
7b5 6dd 000 000 8 8 0 0 0 0 000000 1
7ad c18 000 000 8 4 0 0 0 0 000000 1
7a1 a17 000 000 6 6 0 0 0 0 000000 1
7a7 b79 000 000 8 8 0 0 0 0 000000 1
7a4 aca 000 000 6 6 0 0 0 0 000000 1
0a5 831 000 000 4 4 0 0 0 0 000000 1
125 e02 000 000 4 4 0 0 0 0 000000 1
1e5 41f 000 000 6 6 0 0 0 0 000000 1
185 6ee 000 000 4 8 0 0 0 0 000000 1
1b5 16d 000 000 6 6 0 0 0 0 000000 1
1ad ba8 000 000 6 6 0 0 0 0 000000 1
1a1 da7 000 000 4 8 0 0 0 0 000000 1
1a7 cc9 000 000 6 6 0 0 0 0 000000 1
1a4 d7a 000 000 4 8 0 0 0 0 000000 1
225 6b7 000 000 4 8 0 0 0 0 000000 1
2e5 caa 000 000 6 6 0 0 0 0 000000 1
285 e5b 000 000 4 8 0 0 0 0 000000 1
2b5 9d8 000 000 6 6 0 0 0 0 000000 1
2ad 31d 000 000 6 6 0 0 0 0 000000 1
2a1 512 000 000 4 4 0 0 0 0 000000 1
2a7 47c 000 000 6 6 0 0 0 0 000000 1
2a4 5cf 000 000 4 8 0 0 0 0 000000 1
365 a99 000 000 6 6 0 0 0 0 000000 1
305 868 000 000 4 4 0 0 0 0 000000 1
335 feb 000 000 6 a 0 0 0 0 000000 1
32d 52e 000 000 6 6 0 0 0 0 000000 1
321 321 000 000 4 4 0 0 0 0 000000 1
327 24f 000 000 6 6 0 0 0 0 000000 1
324 3fc 000 000 4 8 0 0 0 0 000000 1
3c5 275 000 000 6 6 0 0 0 0 000000 1
3f5 5f6 000 000 8 8 0 0 0 0 000000 1
3ed f33 000 000 8 8 0 0 0 0 000000 1
3e1 93c 000 000 6 6 0 0 0 0 000000 1
3e7 852 000 000 8 4 0 0 0 0 000000 1
3e4 9e1 000 000 6 6 0 0 0 0 000000 1
395 707 000 000 6 6 0 0 0 0 000000 1
38d dc2 000 000 6 6 0 0 0 0 000000 1
381 bcd 000 000 4 8 0 0 0 0 000000 1
387 aa3 000 000 6 6 0 0 0 0 000000 1
384 b10 000 000 4 4 0 0 0 0 000000 1
3bd a41 000 000 8 4 0 0 0 0 000000 1
3b1 c4e 000 000 6 6 0 0 0 0 000000 1
3b7 d20 000 000 8 4 0 0 0 0 000000 1
3b4 c93 000 000 6 6 0 0 0 0 000000 1
3a9 68b 000 000 6 6 0 0 0 0 000000 1
3af 7e5 000 000 8 8 0 0 0 0 000000 1
3ac 656 000 000 6 6 0 0 0 0 000000 1
3a3 1ea 000 000 6 6 0 0 0 0 000000 1
3a0 059 000 000 4 4 0 0 0 0 000000 1
3a6 137 000 000 6 6 0 0 0 0 000000 1
462 90c 000 000 4 4 0 0 0 0 000000 1
862 464 000 000 4 4 0 0 0 0 000000 1
e62 3d4 000 000 6 6 0 0 0 0 000000 1
d62 b61 000 000 6 6 0 0 0 0 000000 1
ce2 d52 000 000 6 6 0 0 0 0 000000 1
c22 74f 000 000 4 8 0 0 0 0 000000 1
c42 5be 000 000 4 8 0 0 0 0 000000 1
c72 23d 000 000 6 6 0 0 0 0 000000 1
c6a 8f8 000 000 6 6 0 0 0 0 000000 1
c66 ef7 000 000 6 a 0 0 0 0 000000 1
c60 f99 000 000 4 8 0 0 0 0 000000 1
c63 e2a 000 000 6 6 0 0 0 0 000000 1
ecb dea 000 000 8 8 0 0 0 0 000000 1
8cb a5a 000 000 6 6 0 0 0 0 000000 1
bcb 2ef 000 000 8 8 0 0 0 0 000000 1
a4b 4dc 000 000 6 6 0 0 0 0 000000 1
a8b ec1 000 000 6 6 0 0 0 0 000000 1
aeb c30 000 000 8 4 0 0 0 0 000000 1
adb bb3 000 000 8 8 0 0 0 0 000000 1
ac3 176 000 000 6 6 0 0 0 0 000000 1
acf 779 000 000 8 8 0 0 0 0 000000 1
ac9 617 000 000 6 6 0 0 0 0 000000 1
aca 7a4 000 000 6 6 0 0 0 0 000000 1
4cb 732 000 000 6 6 0 0 0 0 000000 1
7cb f87 000 000 8 8 0 0 0 0 000000 1
64b 9b4 000 000 6 6 0 0 0 0 000000 1
68b 3a9 000 000 6 6 0 0 0 0 000000 1
6eb 158 000 000 8 4 0 0 0 0 000000 1
6db 6db 000 000 8 8 0 0 0 0 000000 1
6c3 c1e 000 000 6 6 0 0 0 0 000000 1
6cf a11 000 000 8 4 0 0 0 0 000000 1
6c9 b7f 000 000 6 a 0 0 0 0 000000 1
6ca acc 000 000 6 6 0 0 0 0 000000 1
1cb 837 000 000 6 6 0 0 0 0 000000 1
04b e04 000 000 4 4 0 0 0 0 000000 1
08b 419 000 000 4 4 0 0 0 0 000000 1
0eb 6e8 000 000 6 6 0 0 0 0 000000 1
0db 16b 000 000 6 6 0 0 0 0 000000 1
0c3 bae 000 000 4 8 0 0 0 0 000000 1
0cf da1 000 000 6 6 0 0 0 0 000000 1
0c9 ccf 000 000 4 8 0 0 0 0 000000 1
0ca d7c 000 000 4 8 0 0 0 0 000000 1
34b 6b1 000 000 6 6 0 0 0 0 000000 1
38b cac 000 000 6 6 0 0 0 0 000000 1
3eb e5d 000 000 8 8 0 0 0 0 000000 1
3db 9de 000 000 8 8 0 0 0 0 000000 1
3c3 31b 000 000 6 6 0 0 0 0 000000 1
3cf 514 000 000 8 4 0 0 0 0 000000 1
3c9 47a 000 000 6 6 0 0 0 0 000000 1
3ca 5c9 000 000 6 6 0 0 0 0 000000 1
20b a9f 000 000 4 8 0 0 0 0 000000 1
26b 86e 000 000 6 6 0 0 0 0 000000 1
25b fed 000 000 6 a 0 0 0 0 000000 1
243 528 000 000 4 4 0 0 0 0 000000 1
24f 327 000 000 6 6 0 0 0 0 000000 1
249 249 000 000 4 4 0 0 0 0 000000 1
24a 3fa 000 000 4 8 0 0 0 0 000000 1
2ab 273 000 000 6 6 0 0 0 0 000000 1
29b 5f0 000 000 6 6 0 0 0 0 000000 1
283 f35 000 000 4 8 0 0 0 0 000000 1
28f 93a 000 000 6 6 0 0 0 0 000000 1
289 854 000 000 4 4 0 0 0 0 000000 1
28a 9e7 000 000 4 8 0 0 0 0 000000 1
2fb 701 000 000 8 4 0 0 0 0 000000 1
2e3 dc4 000 000 6 6 0 0 0 0 000000 1
2ef bcb 000 000 8 8 0 0 0 0 000000 1
2e9 aa5 000 000 6 6 0 0 0 0 000000 1
2ea b16 000 000 6 6 0 0 0 0 000000 1
2d3 a47 000 000 6 6 0 0 0 0 000000 1
2df c48 000 000 8 4 0 0 0 0 000000 1
2d9 d26 000 000 6 6 0 0 0 0 000000 1
2da c95 000 000 6 6 0 0 0 0 000000 1
2c7 68d 000 000 6 6 0 0 0 0 000000 1
2c1 7e3 000 000 4 8 0 0 0 0 000000 1
2c2 650 000 000 4 4 0 0 0 0 000000 1
2cd 1ec 000 000 6 6 0 0 0 0 000000 1
2ce 05f 000 000 6 6 0 0 0 0 000000 1
2c8 131 000 000 4 4 0 0 0 0 000000 1
f78 de9 000 000 8 8 0 0 0 0 000000 1
978 a59 000 000 6 6 0 0 0 0 000000 1
a78 2ec 000 000 6 6 0 0 0 0 000000 1
bf8 4df 000 000 8 8 0 0 0 0 000000 1
b38 ec2 000 000 6 6 0 0 0 0 000000 1
b58 c33 000 000 6 6 0 0 0 0 000000 1
b68 bb0 000 000 6 6 0 0 0 0 000000 1
b70 175 000 000 6 6 0 0 0 0 000000 1
b7c 77a 000 000 8 8 0 0 0 0 000000 1
b7a 614 000 000 8 4 0 0 0 0 000000 1
b79 7a7 000 000 8 8 0 0 0 0 000000 1
578 731 000 000 6 6 0 0 0 0 000000 1
678 f84 000 000 6 6 0 0 0 0 000000 1
7f8 9b7 000 000 8 8 0 0 0 0 000000 1
738 3aa 000 000 6 6 0 0 0 0 000000 1
758 15b 000 000 6 6 0 0 0 0 000000 1
768 6d8 000 000 6 6 0 0 0 0 000000 1
770 c1d 000 000 6 6 0 0 0 0 000000 1
77c a12 000 000 8 4 0 0 0 0 000000 1
77a b7c 000 000 8 8 0 0 0 0 000000 1
779 acf 000 000 8 8 0 0 0 0 000000 1
078 834 000 000 4 4 0 0 0 0 000000 1
1f8 e07 000 000 6 6 0 0 0 0 000000 1
138 41a 000 000 4 4 0 0 0 0 000000 1
158 6eb 000 000 4 8 0 0 0 0 000000 1
168 168 000 000 4 4 0 0 0 0 000000 1
170 bad 000 000 4 8 0 0 0 0 000000 1
17c da2 000 000 6 6 0 0 0 0 000000 1
17a ccc 000 000 6 6 0 0 0 0 000000 1
179 d7f 000 000 6 a 0 0 0 0 000000 1
2f8 6b2 000 000 6 6 0 0 0 0 000000 1
238 caf 000 000 4 8 0 0 0 0 000000 1
258 e5e 000 000 4 8 0 0 0 0 000000 1
268 9dd 000 000 4 8 0 0 0 0 000000 1
270 318 000 000 4 4 0 0 0 0 000000 1
27c 517 000 000 6 6 0 0 0 0 000000 1
27a 479 000 000 6 6 0 0 0 0 000000 1
279 5ca 000 000 6 6 0 0 0 0 000000 1
3b8 a9c 000 000 6 6 0 0 0 0 000000 1
3d8 86d 000 000 6 6 0 0 0 0 000000 1
3e8 fee 000 000 6 a 0 0 0 0 000000 1
3f0 52b 000 000 6 6 0 0 0 0 000000 1
3fc 324 000 000 8 4 0 0 0 0 000000 1
3fa 24a 000 000 8 4 0 0 0 0 000000 1
3f9 3f9 000 000 8 8 0 0 0 0 000000 1
318 270 000 000 4 4 0 0 0 0 000000 1
328 5f3 000 000 4 8 0 0 0 0 000000 1
330 f36 000 000 4 8 0 0 0 0 000000 1
33c 939 000 000 6 6 0 0 0 0 000000 1
33a 857 000 000 6 6 0 0 0 0 000000 1
339 9e4 000 000 6 6 0 0 0 0 000000 1
348 702 000 000 4 4 0 0 0 0 000000 1
350 dc7 000 000 4 8 0 0 0 0 000000 1
35c bc8 000 000 6 6 0 0 0 0 000000 1
35a aa6 000 000 6 6 0 0 0 0 000000 1
359 b15 000 000 6 6 0 0 0 0 000000 1
360 a44 000 000 4 4 0 0 0 0 000000 1
36c c4b 000 000 6 6 0 0 0 0 000000 1
36a d25 000 000 6 6 0 0 0 0 000000 1
369 c96 000 000 6 6 0 0 0 0 000000 1
374 68e 000 000 6 6 0 0 0 0 000000 1
372 7e0 000 000 6 6 0 0 0 0 000000 1
371 653 000 000 6 6 0 0 0 0 000000 1
37e 1ef 000 000 8 8 0 0 0 0 000000 1
37d 05c 000 000 8 4 0 0 0 0 000000 1
37b 132 000 000 8 4 0 0 0 0 000000 1
3d1 ebf 000 000 6 a 0 0 0 0 000000 1
0d1 60a 000 000 4 4 0 0 0 0 000000 1
151 039 000 000 4 4 0 0 0 0 000000 1
191 a24 000 000 4 4 0 0 0 0 000000 1
1f1 8d5 000 000 6 6 0 0 0 0 000000 1
1c1 f56 000 000 4 8 0 0 0 0 000000 1
1d9 593 000 000 6 6 0 0 0 0 000000 1
1d5 39c 000 000 6 6 0 0 0 0 000000 1
1d3 2f2 000 000 6 6 0 0 0 0 000000 1
1d0 341 000 000 4 4 0 0 0 0 000000 1
6d1 1ba 000 000 6 6 0 0 0 0 000000 1
751 789 000 000 6 6 0 0 0 0 000000 1
791 d94 000 000 6 6 0 0 0 0 000000 1
7f1 f65 000 000 8 8 0 0 0 0 000000 1
7c1 8e6 000 000 6 6 0 0 0 0 000000 1
7d9 223 000 000 8 4 0 0 0 0 000000 1
7d5 42c 000 000 8 4 0 0 0 0 000000 1
7d3 542 000 000 8 4 0 0 0 0 000000 1
7d0 4f1 000 000 6 6 0 0 0 0 000000 1
451 f3c 000 000 4 8 0 0 0 0 000000 1
491 521 000 000 4 4 0 0 0 0 000000 1
4f1 7d0 000 000 6 6 0 0 0 0 000000 1
4c1 053 000 000 4 4 0 0 0 0 000000 1
4d9 a96 000 000 6 6 0 0 0 0 000000 1
4d5 c99 000 000 6 6 0 0 0 0 000000 1
4d3 df7 000 000 6 a 0 0 0 0 000000 1
4d0 c44 000 000 4 4 0 0 0 0 000000 1
511 312 000 000 4 4 0 0 0 0 000000 1
571 1e3 000 000 6 6 0 0 0 0 000000 1
541 660 000 000 4 4 0 0 0 0 000000 1
559 ca5 000 000 6 6 0 0 0 0 000000 1
555 aaa 000 000 6 6 0 0 0 0 000000 1
553 bc4 000 000 6 6 0 0 0 0 000000 1
550 a77 000 000 4 8 0 0 0 0 000000 1
5b1 bfe 000 000 6 a 0 0 0 0 000000 1
581 c7d 000 000 4 8 0 0 0 0 000000 1
599 6b8 000 000 6 6 0 0 0 0 000000 1
595 0b7 000 000 6 6 0 0 0 0 000000 1
593 1d9 000 000 6 6 0 0 0 0 000000 1
590 06a 000 000 4 4 0 0 0 0 000000 1
5e1 e8c 000 000 6 6 0 0 0 0 000000 1
5f9 449 000 000 8 4 0 0 0 0 000000 1
5f5 246 000 000 8 4 0 0 0 0 000000 1
5f3 328 000 000 8 4 0 0 0 0 000000 1
5f0 29b 000 000 6 6 0 0 0 0 000000 1
5c9 3ca 000 000 6 6 0 0 0 0 000000 1
5c5 5c5 000 000 6 6 0 0 0 0 000000 1
5c3 4ab 000 000 6 6 0 0 0 0 000000 1
5c0 518 000 000 4 4 0 0 0 0 000000 1
5dd f00 000 000 8 4 0 0 0 0 000000 1
5db e6e 000 000 8 8 0 0 0 0 000000 1
5d8 fdd 000 000 6 a 0 0 0 0 000000 1
5d7 861 000 000 8 4 0 0 0 0 000000 1
5d4 9d2 000 000 6 6 0 0 0 0 000000 1
5d2 8bc 000 000 6 6 0 0 0 0 000000 1
ad1 cd2 000 000 6 6 0 0 0 0 000000 1
b51 ae1 000 000 6 6 0 0 0 0 000000 1
b91 0fc 000 000 6 6 0 0 0 0 000000 1
bf1 20d 000 000 8 4 0 0 0 0 000000 1
bc1 58e 000 000 6 6 0 0 0 0 000000 1
bd9 f4b 000 000 8 8 0 0 0 0 000000 1
bd5 944 000 000 8 4 0 0 0 0 000000 1
bd3 82a 000 000 8 4 0 0 0 0 000000 1
bd0 999 000 000 6 6 0 0 0 0 000000 1
851 254 000 000 4 4 0 0 0 0 000000 1
891 849 000 000 4 4 0 0 0 0 000000 1
8f1 ab8 000 000 6 6 0 0 0 0 000000 1
8c1 d3b 000 000 4 8 0 0 0 0 000000 1
8d9 7fe 000 000 6 a 0 0 0 0 000000 1
8d5 1f1 000 000 6 6 0 0 0 0 000000 1
8d3 09f 000 000 6 6 0 0 0 0 000000 1
8d0 12c 000 000 4 4 0 0 0 0 000000 1
911 e7a 000 000 4 8 0 0 0 0 000000 1
971 c8b 000 000 6 6 0 0 0 0 000000 1
941 b08 000 000 4 4 0 0 0 0 000000 1
959 1cd 000 000 6 6 0 0 0 0 000000 1
955 7c2 000 000 6 6 0 0 0 0 000000 1
953 6ac 000 000 6 6 0 0 0 0 000000 1
950 71f 000 000 4 8 0 0 0 0 000000 1
9b1 696 000 000 6 6 0 0 0 0 000000 1
981 115 000 000 4 4 0 0 0 0 000000 1
999 bd0 000 000 6 6 0 0 0 0 000000 1
995 ddf 000 000 6 a 0 0 0 0 000000 1
993 cb1 000 000 6 6 0 0 0 0 000000 1
990 d02 000 000 4 4 0 0 0 0 000000 1
9e1 3e4 000 000 6 6 0 0 0 0 000000 1
9f9 921 000 000 8 4 0 0 0 0 000000 1
9f5 f2e 000 000 8 8 0 0 0 0 000000 1
9f3 e40 000 000 8 4 0 0 0 0 000000 1
9f0 ff3 000 000 6 a 0 0 0 0 000000 1
9c9 ea2 000 000 6 6 0 0 0 0 000000 1
9c5 8ad 000 000 6 6 0 0 0 0 000000 1
9c3 9c3 000 000 6 6 0 0 0 0 000000 1
9c0 870 000 000 4 4 0 0 0 0 000000 1
9dd 268 000 000 8 4 0 0 0 0 000000 1
9db 306 000 000 8 4 0 0 0 0 000000 1
9d8 2b5 000 000 6 6 0 0 0 0 000000 1
9d7 509 000 000 8 4 0 0 0 0 000000 1
9d4 4ba 000 000 6 6 0 0 0 0 000000 1
9d2 5d4 000 000 6 6 0 0 0 0 000000 1
e51 5e4 000 000 6 6 0 0 0 0 000000 1
e91 ff9 000 000 6 a 0 0 0 0 000000 1
ef1 d08 000 000 8 4 0 0 0 0 000000 1
ec1 a8b 000 000 6 6 0 0 0 0 000000 1
ed9 04e 000 000 8 4 0 0 0 0 000000 1
ed5 641 000 000 8 4 0 0 0 0 000000 1
ed3 72f 000 000 8 8 0 0 0 0 000000 1
ed0 69c 000 000 6 6 0 0 0 0 000000 1
f11 9ca 000 000 6 6 0 0 0 0 000000 1
f71 b3b 000 000 8 8 0 0 0 0 000000 1
f41 cb8 000 000 6 6 0 0 0 0 000000 1
f59 67d 000 000 8 8 0 0 0 0 000000 1
f55 072 000 000 8 4 0 0 0 0 000000 1
f53 11c 000 000 8 4 0 0 0 0 000000 1
f50 0af 000 000 6 6 0 0 0 0 000000 1
fb1 126 000 000 8 4 0 0 0 0 000000 1
f81 6a5 000 000 6 6 0 0 0 0 000000 1
f99 c60 000 000 8 4 0 0 0 0 000000 1
f95 a6f 000 000 8 8 0 0 0 0 000000 1
f93 b01 000 000 8 4 0 0 0 0 000000 1
f90 ab2 000 000 6 6 0 0 0 0 000000 1
fe1 454 000 000 8 4 0 0 0 0 000000 1
ff9 e91 000 000 a 6 0 0 0 0 000000 1
ff5 89e 000 000 a 6 0 0 0 0 000000 1
ff3 9f0 000 000 a 6 0 0 0 0 000000 1
ff0 843 000 000 8 4 0 0 0 0 000000 1
fc9 912 000 000 8 4 0 0 0 0 000000 1
fc5 f1d 000 000 8 8 0 0 0 0 000000 1
fc3 e73 000 000 8 8 0 0 0 0 000000 1
fc0 fc0 000 000 6 6 0 0 0 0 000000 1
fdd 5d8 000 000 a 6 0 0 0 0 000000 1
fdb 4b6 000 000 a 6 0 0 0 0 000000 1
fd8 505 000 000 8 4 0 0 0 0 000000 1
fd7 2b9 000 000 a 6 0 0 0 0 000000 1
fd4 30a 000 000 8 4 0 0 0 0 000000 1
fd2 264 000 000 8 4 0 0 0 0 000000 1
c11 17f 000 000 4 8 0 0 0 0 000000 1
c71 38e 000 000 6 6 0 0 0 0 000000 1
c41 40d 000 000 4 4 0 0 0 0 000000 1
c59 ec8 000 000 6 6 0 0 0 0 000000 1
c55 8c7 000 000 6 6 0 0 0 0 000000 1
c53 9a9 000 000 6 6 0 0 0 0 000000 1
c50 81a 000 000 4 4 0 0 0 0 000000 1
cb1 993 000 000 6 6 0 0 0 0 000000 1
c81 e10 000 000 4 4 0 0 0 0 000000 1
c99 4d5 000 000 6 6 0 0 0 0 000000 1
c95 2da 000 000 6 6 0 0 0 0 000000 1
c93 3b4 000 000 6 6 0 0 0 0 000000 1
c90 207 000 000 4 4 0 0 0 0 000000 1
ce1 ce1 000 000 6 6 0 0 0 0 000000 1
cf9 624 000 000 8 4 0 0 0 0 000000 1
cf5 02b 000 000 8 4 0 0 0 0 000000 1
cf3 145 000 000 8 4 0 0 0 0 000000 1
cf0 0f6 000 000 6 6 0 0 0 0 000000 1
cc9 1a7 000 000 6 6 0 0 0 0 000000 1
cc5 7a8 000 000 6 6 0 0 0 0 000000 1
cc3 6c6 000 000 6 6 0 0 0 0 000000 1
cc0 775 000 000 4 8 0 0 0 0 000000 1
cdd d6d 000 000 8 8 0 0 0 0 000000 1
cdb c03 000 000 8 4 0 0 0 0 000000 1
cd8 db0 000 000 6 6 0 0 0 0 000000 1
cd7 a0c 000 000 8 4 0 0 0 0 000000 1
cd4 bbf 000 000 6 a 0 0 0 0 000000 1
cd2 ad1 000 000 6 6 0 0 0 0 000000 1
d31 fa0 000 000 6 6 0 0 0 0 000000 1
d01 823 000 000 4 4 0 0 0 0 000000 1
d19 2e6 000 000 6 6 0 0 0 0 000000 1
d15 4e9 000 000 6 6 0 0 0 0 000000 1
d13 587 000 000 6 6 0 0 0 0 000000 1
d10 434 000 000 4 4 0 0 0 0 000000 1
d61 ad2 000 000 6 6 0 0 0 0 000000 1
d79 017 000 000 8 4 0 0 0 0 000000 1
d75 618 000 000 8 4 0 0 0 0 000000 1
d73 776 000 000 8 8 0 0 0 0 000000 1
d70 6c5 000 000 6 6 0 0 0 0 000000 1
d49 794 000 000 6 6 0 0 0 0 000000 1
d45 19b 000 000 6 6 0 0 0 0 000000 1
d43 0f5 000 000 6 6 0 0 0 0 000000 1
d40 146 000 000 4 4 0 0 0 0 000000 1
d5d b5e 000 000 8 8 0 0 0 0 000000 1
d5b a30 000 000 8 4 0 0 0 0 000000 1
d58 b83 000 000 6 6 0 0 0 0 000000 1
d57 c3f 000 000 8 8 0 0 0 0 000000 1
d54 d8c 000 000 6 6 0 0 0 0 000000 1
d52 ce2 000 000 6 6 0 0 0 0 000000 1
da1 0cf 000 000 6 6 0 0 0 0 000000 1
db9 a0a 000 000 8 4 0 0 0 0 000000 1
db5 c05 000 000 8 4 0 0 0 0 000000 1
db3 d6b 000 000 8 8 0 0 0 0 000000 1
db0 cd8 000 000 6 6 0 0 0 0 000000 1
d89 d89 000 000 6 6 0 0 0 0 000000 1
d85 b86 000 000 6 6 0 0 0 0 000000 1
d83 ae8 000 000 6 6 0 0 0 0 000000 1
d80 b5b 000 000 4 8 0 0 0 0 000000 1
d9d 143 000 000 8 4 0 0 0 0 000000 1
d9b 02d 000 000 8 4 0 0 0 0 000000 1
d98 19e 000 000 6 6 0 0 0 0 000000 1
d97 622 000 000 8 4 0 0 0 0 000000 1
d94 791 000 000 6 6 0 0 0 0 000000 1
d92 6ff 000 000 6 a 0 0 0 0 000000 1
de9 f78 000 000 8 8 0 0 0 0 000000 1
de5 977 000 000 8 8 0 0 0 0 000000 1
de3 819 000 000 8 4 0 0 0 0 000000 1
de0 9aa 000 000 6 6 0 0 0 0 000000 1
dfd 3b2 000 000 a 6 0 0 0 0 000000 1
dfb 2dc 000 000 a 6 0 0 0 0 000000 1
df8 36f 000 000 8 8 0 0 0 0 000000 1
df7 4d3 000 000 a 6 0 0 0 0 000000 1
df4 560 000 000 8 4 0 0 0 0 000000 1
df2 40e 000 000 8 4 0 0 0 0 000000 1
dcd 431 000 000 8 4 0 0 0 0 000000 1
dcb 55f 000 000 8 8 0 0 0 0 000000 1
dc8 4ec 000 000 6 6 0 0 0 0 000000 1
dc7 350 000 000 8 4 0 0 0 0 000000 1
dc4 2e3 000 000 6 6 0 0 0 0 000000 1
dc2 38d 000 000 6 6 0 0 0 0 000000 1
ddf 995 000 000 a 6 0 0 0 0 000000 1
ddc 826 000 000 8 4 0 0 0 0 000000 1
dda 948 000 000 8 4 0 0 0 0 000000 1
dd6 f47 000 000 8 8 0 0 0 0 000000 1
834 078 000 000 4 4 0 0 0 0 000000 1
e3b 074 000 000 8 4 0 0 0 0 000000 1
f55 072 000 000 8 4 0 0 0 0 000000 1
ee6 071 000 000 8 4 0 0 0 0 000000 1
84f 9ff 000 000 6 a 0 0 0 0 000000 1
44f 497 000 000 6 6 0 0 0 0 000000 1
24f 327 000 000 6 6 0 0 0 0 000000 1
14f b92 000 000 6 6 0 0 0 0 000000 1
0cf da1 000 000 6 6 0 0 0 0 000000 1
00f 7bc 000 000 4 8 0 0 0 0 000000 1
06f 54d 000 000 6 6 0 0 0 0 000000 1
05f 2ce 000 000 6 6 0 0 0 0 000000 1
047 80b 000 000 4 4 0 0 0 0 000000 1
04b e04 000 000 4 4 0 0 0 0 000000 1
04d f6a 000 000 4 8 0 0 0 0 000000 1
04e ed9 000 000 4 8 0 0 0 0 000000 1
4fe 06c 000 000 8 4 0 0 0 0 000000 1
590 06a 000 000 4 4 0 0 0 0 000000 1
423 069 000 000 4 4 0 0 0 0 000000 1
28a 9e7 000 000 4 8 0 0 0 0 000000 1
e8a 48f 000 000 6 6 0 0 0 0 000000 1
88a 33f 000 000 4 8 0 0 0 0 000000 1
b8a b8a 000 000 6 6 0 0 0 0 000000 1
a0a db9 000 000 4 8 0 0 0 0 000000 1
aca 7a4 000 000 6 6 0 0 0 0 000000 1
aaa 555 000 000 6 6 0 0 0 0 000000 1
a9a 2d6 000 000 6 6 0 0 0 0 000000 1
a82 813 000 000 4 4 0 0 0 0 000000 1
a8e e1c 000 000 6 6 0 0 0 0 000000 1
a88 f72 000 000 4 8 0 0 0 0 000000 1
a8b ec1 000 000 6 6 0 0 0 0 000000 1
39f 066 000 000 8 4 0 0 0 0 000000 1
22c 065 000 000 4 4 0 0 0 0 000000 1
485 9eb 000 000 4 8 0 0 0 0 000000 1
885 483 000 000 4 4 0 0 0 0 000000 1
e85 333 000 000 6 6 0 0 0 0 000000 1
d85 b86 000 000 6 6 0 0 0 0 000000 1
c05 db5 000 000 4 8 0 0 0 0 000000 1
cc5 7a8 000 000 6 6 0 0 0 0 000000 1
ca5 559 000 000 6 6 0 0 0 0 000000 1
c95 2da 000 000 6 6 0 0 0 0 000000 1
c8d 81f 000 000 6 6 0 0 0 0 000000 1
c81 e10 000 000 4 4 0 0 0 0 000000 1
c87 f7e 000 000 6 a 0 0 0 0 000000 1
c84 ecd 000 000 4 8 0 0 0 0 000000 1
342 063 000 000 4 4 0 0 0 0 000000 1
5eb 9ed 000 000 8 8 0 0 0 0 000000 1
9eb 485 000 000 8 4 0 0 0 0 000000 1
feb 335 000 000 a 6 0 0 0 0 000000 1
ceb b80 000 000 8 4 0 0 0 0 000000 1
d6b db3 000 000 8 8 0 0 0 0 000000 1
dab 7ae 000 000 8 8 0 0 0 0 000000 1
dcb 55f 000 000 8 8 0 0 0 0 000000 1
dfb 2dc 000 000 a 6 0 0 0 0 000000 1
de3 819 000 000 8 4 0 0 0 0 000000 1
def e16 000 000 a 6 0 0 0 0 000000 1
de9 f78 000 000 8 8 0 0 0 0 000000 1
dea ecb 000 000 8 8 0 0 0 0 000000 1
458 9ee 000 000 4 8 0 0 0 0 000000 1
858 486 000 000 4 4 0 0 0 0 000000 1
e58 336 000 000 6 6 0 0 0 0 000000 1
d58 b83 000 000 6 6 0 0 0 0 000000 1
cd8 db0 000 000 6 6 0 0 0 0 000000 1
c18 7ad 000 000 4 8 0 0 0 0 000000 1
c78 55c 000 000 6 6 0 0 0 0 000000 1
c48 2df 000 000 4 8 0 0 0 0 000000 1
c50 81a 000 000 4 4 0 0 0 0 000000 1
c5c e15 000 000 6 6 0 0 0 0 000000 1
c5a f7b 000 000 6 a 0 0 0 0 000000 1
c59 ec8 000 000 6 6 0 0 0 0 000000 1
ef1 d08 000 000 8 4 0 0 0 0 000000 1
8f1 ab8 000 000 6 6 0 0 0 0 000000 1
bf1 20d 000 000 8 4 0 0 0 0 000000 1
a71 43e 000 000 6 6 0 0 0 0 000000 1
ab1 e23 000 000 6 6 0 0 0 0 000000 1
ad1 cd2 000 000 6 6 0 0 0 0 000000 1
ae1 b51 000 000 6 6 0 0 0 0 000000 1
af9 194 000 000 8 4 0 0 0 0 000000 1
af5 79b 000 000 8 8 0 0 0 0 000000 1
af3 6f5 000 000 8 8 0 0 0 0 000000 1
af0 746 000 000 6 6 0 0 0 0 000000 1
4f1 7d0 000 000 6 6 0 0 0 0 000000 1
7f1 f65 000 000 8 8 0 0 0 0 000000 1
671 956 000 000 6 6 0 0 0 0 000000 1
6b1 34b 000 000 6 6 0 0 0 0 000000 1
6d1 1ba 000 000 6 6 0 0 0 0 000000 1
6e1 639 000 000 6 6 0 0 0 0 000000 1
6f9 cfc 000 000 8 8 0 0 0 0 000000 1
6f5 af3 000 000 8 8 0 0 0 0 000000 1
6f3 b9d 000 000 8 8 0 0 0 0 000000 1
6f0 a2e 000 000 6 6 0 0 0 0 000000 1
1f1 8d5 000 000 6 6 0 0 0 0 000000 1
071 ee6 000 000 4 8 0 0 0 0 000000 1
0b1 4fb 000 000 4 8 0 0 0 0 000000 1
0d1 60a 000 000 4 4 0 0 0 0 000000 1
0e1 189 000 000 4 4 0 0 0 0 000000 1
0f9 b4c 000 000 6 6 0 0 0 0 000000 1
0f5 d43 000 000 6 6 0 0 0 0 000000 1
0f3 c2d 000 000 6 6 0 0 0 0 000000 1
0f0 d9e 000 000 4 8 0 0 0 0 000000 1
371 653 000 000 6 6 0 0 0 0 000000 1
3b1 c4e 000 000 6 6 0 0 0 0 000000 1
3d1 ebf 000 000 6 a 0 0 0 0 000000 1
3e1 93c 000 000 6 6 0 0 0 0 000000 1
3f9 3f9 000 000 8 8 0 0 0 0 000000 1
3f5 5f6 000 000 8 8 0 0 0 0 000000 1
3f3 498 000 000 8 4 0 0 0 0 000000 1
3f0 52b 000 000 6 6 0 0 0 0 000000 1
231 a7d 000 000 4 8 0 0 0 0 000000 1
251 88c 000 000 4 4 0 0 0 0 000000 1
261 f0f 000 000 4 8 0 0 0 0 000000 1
279 5ca 000 000 6 6 0 0 0 0 000000 1
275 3c5 000 000 6 6 0 0 0 0 000000 1
273 2ab 000 000 6 6 0 0 0 0 000000 1
270 318 000 000 4 4 0 0 0 0 000000 1
291 291 000 000 4 4 0 0 0 0 000000 1
2a1 512 000 000 4 4 0 0 0 0 000000 1
2b9 fd7 000 000 6 a 0 0 0 0 000000 1
2b5 9d8 000 000 6 6 0 0 0 0 000000 1
2b3 8b6 000 000 6 6 0 0 0 0 000000 1
2b0 905 000 000 4 4 0 0 0 0 000000 1
2c1 7e3 000 000 4 8 0 0 0 0 000000 1
2d9 d26 000 000 6 6 0 0 0 0 000000 1
2d5 b29 000 000 6 6 0 0 0 0 000000 1
2d3 a47 000 000 6 6 0 0 0 0 000000 1
2d0 bf4 000 000 4 8 0 0 0 0 000000 1
2e9 aa5 000 000 6 6 0 0 0 0 000000 1
2e5 caa 000 000 6 6 0 0 0 0 000000 1
2e3 dc4 000 000 6 6 0 0 0 0 000000 1
2e0 c77 000 000 4 8 0 0 0 0 000000 1
2fd 66f 000 000 8 8 0 0 0 0 000000 1
2fb 701 000 000 8 4 0 0 0 0 000000 1
2f8 6b2 000 000 6 6 0 0 0 0 000000 1
2f7 10e 000 000 8 4 0 0 0 0 000000 1
2f4 0bd 000 000 6 6 0 0 0 0 000000 1
2f2 1d3 000 000 6 6 0 0 0 0 000000 1
37d 05c 000 000 8 4 0 0 0 0 000000 1
213 05a 000 000 4 4 0 0 0 0 000000 1
3a0 059 000 000 4 4 0 0 0 0 000000 1
509 9d7 000 000 4 8 0 0 0 0 000000 1
909 4bf 000 000 4 8 0 0 0 0 000000 1
f09 30f 000 000 6 6 0 0 0 0 000000 1
c09 bba 000 000 4 8 0 0 0 0 000000 1
d89 d89 000 000 6 6 0 0 0 0 000000 1
d49 794 000 000 6 6 0 0 0 0 000000 1
d29 565 000 000 6 6 0 0 0 0 000000 1
d19 2e6 000 000 6 6 0 0 0 0 000000 1
d01 823 000 000 4 4 0 0 0 0 000000 1
d0d e2c 000 000 6 6 0 0 0 0 000000 1
d0b f42 000 000 6 6 0 0 0 0 000000 1
d08 ef1 000 000 4 8 0 0 0 0 000000 1
41c 056 000 000 4 4 0 0 0 0 000000 1
5af 055 000 000 8 4 0 0 0 0 000000 1
306 9db 000 000 4 8 0 0 0 0 000000 1
f06 4b3 000 000 6 6 0 0 0 0 000000 1
906 303 000 000 4 4 0 0 0 0 000000 1
a06 bb6 000 000 4 8 0 0 0 0 000000 1
b86 d85 000 000 6 6 0 0 0 0 000000 1
b46 798 000 000 6 6 0 0 0 0 000000 1
b26 569 000 000 6 6 0 0 0 0 000000 1
b16 2ea 000 000 6 6 0 0 0 0 000000 1
b0e 82f 000 000 6 6 0 0 0 0 000000 1
b02 e20 000 000 4 4 0 0 0 0 000000 1
b04 f4e 000 000 4 8 0 0 0 0 000000 1
b07 efd 000 000 6 a 0 0 0 0 000000 1
4c1 053 000 000 4 4 0 0 0 0 000000 1
268 9dd 000 000 4 8 0 0 0 0 000000 1
e68 4b5 000 000 6 6 0 0 0 0 000000 1
868 305 000 000 4 4 0 0 0 0 000000 1
b68 bb0 000 000 6 6 0 0 0 0 000000 1
ae8 d83 000 000 6 6 0 0 0 0 000000 1
a28 79e 000 000 4 8 0 0 0 0 000000 1
a48 56f 000 000 4 8 0 0 0 0 000000 1
a78 2ec 000 000 6 6 0 0 0 0 000000 1
a60 829 000 000 4 4 0 0 0 0 000000 1
a6c e26 000 000 6 6 0 0 0 0 000000 1
a6a f48 000 000 6 6 0 0 0 0 000000 1
a69 efb 000 000 6 a 0 0 0 0 000000 1
3db 9de 000 000 8 8 0 0 0 0 000000 1
fdb 4b6 000 000 a 6 0 0 0 0 000000 1
9db 306 000 000 8 4 0 0 0 0 000000 1
adb bb3 000 000 8 8 0 0 0 0 000000 1
b5b d80 000 000 8 4 0 0 0 0 000000 1
b9b 79d 000 000 8 8 0 0 0 0 000000 1
bfb 56c 000 000 a 6 0 0 0 0 000000 1
bcb 2ef 000 000 8 8 0 0 0 0 000000 1
bd3 82a 000 000 8 4 0 0 0 0 000000 1
bdf e25 000 000 a 6 0 0 0 0 000000 1
bd9 f4b 000 000 8 8 0 0 0 0 000000 1
bda ef8 000 000 8 8 0 0 0 0 000000 1
972 d38 000 000 6 6 0 0 0 0 000000 1
f72 a88 000 000 8 4 0 0 0 0 000000 1
c72 23d 000 000 6 6 0 0 0 0 000000 1
df2 40e 000 000 8 4 0 0 0 0 000000 1
d32 e13 000 000 6 6 0 0 0 0 000000 1
d52 ce2 000 000 6 6 0 0 0 0 000000 1
d62 b61 000 000 6 6 0 0 0 0 000000 1
d7a 1a4 000 000 8 4 0 0 0 0 000000 1
d76 7ab 000 000 8 8 0 0 0 0 000000 1
d70 6c5 000 000 6 6 0 0 0 0 000000 1
d73 776 000 000 8 8 0 0 0 0 000000 1
372 7e0 000 000 6 6 0 0 0 0 000000 1
072 f55 000 000 4 8 0 0 0 0 000000 1
1f2 966 000 000 6 6 0 0 0 0 000000 1
132 37b 000 000 4 8 0 0 0 0 000000 1
152 18a 000 000 4 4 0 0 0 0 000000 1
162 609 000 000 4 4 0 0 0 0 000000 1
17a ccc 000 000 6 6 0 0 0 0 000000 1
176 ac3 000 000 6 6 0 0 0 0 000000 1
170 bad 000 000 4 8 0 0 0 0 000000 1
173 a1e 000 000 6 6 0 0 0 0 000000 1
672 8e5 000 000 6 6 0 0 0 0 000000 1
7f2 ed6 000 000 8 8 0 0 0 0 000000 1
732 4cb 000 000 6 6 0 0 0 0 000000 1
752 63a 000 000 6 6 0 0 0 0 000000 1
762 1b9 000 000 6 6 0 0 0 0 000000 1
77a b7c 000 000 8 8 0 0 0 0 000000 1
776 d73 000 000 8 8 0 0 0 0 000000 1
770 c1d 000 000 6 6 0 0 0 0 000000 1
773 dae 000 000 8 8 0 0 0 0 000000 1
4f2 663 000 000 6 6 0 0 0 0 000000 1
432 c7e 000 000 4 8 0 0 0 0 000000 1
452 e8f 000 000 4 8 0 0 0 0 000000 1
462 90c 000 000 4 4 0 0 0 0 000000 1
47a 3c9 000 000 6 6 0 0 0 0 000000 1
476 5c6 000 000 6 6 0 0 0 0 000000 1
470 4a8 000 000 4 4 0 0 0 0 000000 1
473 51b 000 000 6 6 0 0 0 0 000000 1
5b2 a4d 000 000 6 6 0 0 0 0 000000 1
5d2 8bc 000 000 6 6 0 0 0 0 000000 1
5e2 f3f 000 000 6 a 0 0 0 0 000000 1
5fa 5fa 000 000 8 8 0 0 0 0 000000 1
5f6 3f5 000 000 8 8 0 0 0 0 000000 1
5f0 29b 000 000 6 6 0 0 0 0 000000 1
5f3 328 000 000 8 4 0 0 0 0 000000 1
512 2a1 000 000 4 4 0 0 0 0 000000 1
522 522 000 000 4 4 0 0 0 0 000000 1
53a fe7 000 000 6 a 0 0 0 0 000000 1
536 9e8 000 000 6 6 0 0 0 0 000000 1
530 886 000 000 4 4 0 0 0 0 000000 1
533 935 000 000 6 6 0 0 0 0 000000 1
542 7d3 000 000 4 8 0 0 0 0 000000 1
55a d16 000 000 6 6 0 0 0 0 000000 1
556 b19 000 000 6 6 0 0 0 0 000000 1
550 a77 000 000 4 8 0 0 0 0 000000 1
553 bc4 000 000 6 6 0 0 0 0 000000 1
56a a95 000 000 6 6 0 0 0 0 000000 1
566 c9a 000 000 6 6 0 0 0 0 000000 1
560 df4 000 000 4 8 0 0 0 0 000000 1
563 c47 000 000 6 6 0 0 0 0 000000 1
57e 65f 000 000 8 8 0 0 0 0 000000 1
578 731 000 000 6 6 0 0 0 0 000000 1
57b 682 000 000 8 4 0 0 0 0 000000 1
574 13e 000 000 6 6 0 0 0 0 000000 1
577 08d 000 000 8 4 0 0 0 0 000000 1
571 1e3 000 000 6 6 0 0 0 0 000000 1
ed9 04e 000 000 8 4 0 0 0 0 000000 1
f6a 04d 000 000 8 4 0 0 0 0 000000 1
9c3 9c3 000 000 6 6 0 0 0 0 000000 1
5c3 4ab 000 000 6 6 0 0 0 0 000000 1
3c3 31b 000 000 6 6 0 0 0 0 000000 1
0c3 bae 000 000 4 8 0 0 0 0 000000 1
143 d9d 000 000 4 8 0 0 0 0 000000 1
183 780 000 000 4 4 0 0 0 0 000000 1
1e3 571 000 000 6 6 0 0 0 0 000000 1
1d3 2f2 000 000 6 6 0 0 0 0 000000 1
1cb 837 000 000 6 6 0 0 0 0 000000 1
1c7 e38 000 000 6 6 0 0 0 0 000000 1
1c1 f56 000 000 4 8 0 0 0 0 000000 1
1c2 ee5 000 000 4 8 0 0 0 0 000000 1
e04 04b 000 000 4 4 0 0 0 0 000000 1
8ad 9c5 000 000 6 6 0 0 0 0 000000 1
4ad 4ad 000 000 6 6 0 0 0 0 000000 1
2ad 31d 000 000 6 6 0 0 0 0 000000 1
1ad ba8 000 000 6 6 0 0 0 0 000000 1
02d d9b 000 000 4 8 0 0 0 0 000000 1
0ed 786 000 000 6 6 0 0 0 0 000000 1
08d 577 000 000 4 8 0 0 0 0 000000 1
0bd 2f4 000 000 6 6 0 0 0 0 000000 1
0a5 831 000 000 4 4 0 0 0 0 000000 1
0a9 e3e 000 000 4 8 0 0 0 0 000000 1
0af f50 000 000 6 6 0 0 0 0 000000 1
0ac ee3 000 000 4 8 0 0 0 0 000000 1
91e 9c6 000 000 6 6 0 0 0 0 000000 1
51e 4ae 000 000 6 6 0 0 0 0 000000 1
31e 31e 000 000 6 6 0 0 0 0 000000 1
01e bab 000 000 4 8 0 0 0 0 000000 1
19e d98 000 000 6 6 0 0 0 0 000000 1
15e 785 000 000 6 6 0 0 0 0 000000 1
13e 574 000 000 6 6 0 0 0 0 000000 1
10e 2f7 000 000 4 8 0 0 0 0 000000 1
116 832 000 000 4 4 0 0 0 0 000000 1
11a e3d 000 000 4 8 0 0 0 0 000000 1
11c f53 000 000 4 8 0 0 0 0 000000 1
11f ee0 000 000 6 6 0 0 0 0 000000 1
3b7 d20 000 000 8 4 0 0 0 0 000000 1
5b7 a90 000 000 8 4 0 0 0 0 000000 1
6b7 225 000 000 8 4 0 0 0 0 000000 1
737 416 000 000 8 4 0 0 0 0 000000 1
7f7 e0b 000 000 a 6 0 0 0 0 000000 1
797 cfa 000 000 8 8 0 0 0 0 000000 1
7a7 b79 000 000 8 8 0 0 0 0 000000 1
7bf 1bc 000 000 a 6 0 0 0 0 000000 1
7b3 7b3 000 000 8 8 0 0 0 0 000000 1
7b5 6dd 000 000 8 8 0 0 0 0 000000 1
7b6 76e 000 000 8 8 0 0 0 0 000000 1
9b7 7f8 000 000 8 8 0 0 0 0 000000 1
ab7 f4d 000 000 8 8 0 0 0 0 000000 1
b37 97e 000 000 8 8 0 0 0 0 000000 1
bf7 363 000 000 a 6 0 0 0 0 000000 1
b97 192 000 000 8 4 0 0 0 0 000000 1
ba7 611 000 000 8 4 0 0 0 0 000000 1
bbf cd4 000 000 a 6 0 0 0 0 000000 1
bb3 adb 000 000 8 8 0 0 0 0 000000 1
bb5 bb5 000 000 8 8 0 0 0 0 000000 1
bb6 a06 000 000 8 4 0 0 0 0 000000 1
cb7 8fd 000 000 8 8 0 0 0 0 000000 1
d37 ece 000 000 8 8 0 0 0 0 000000 1
df7 4d3 000 000 a 6 0 0 0 0 000000 1
d97 622 000 000 8 4 0 0 0 0 000000 1
da7 1a1 000 000 8 4 0 0 0 0 000000 1
dbf b64 000 000 a 6 0 0 0 0 000000 1
db3 d6b 000 000 8 8 0 0 0 0 000000 1
db5 c05 000 000 8 4 0 0 0 0 000000 1
db6 db6 000 000 8 8 0 0 0 0 000000 1
e37 67b 000 000 8 8 0 0 0 0 000000 1
ef7 c66 000 000 a 6 0 0 0 0 000000 1
e97 e97 000 000 8 8 0 0 0 0 000000 1
ea7 914 000 000 8 4 0 0 0 0 000000 1
ebf 3d1 000 000 a 6 0 0 0 0 000000 1
eb3 5de 000 000 8 8 0 0 0 0 000000 1
eb5 4b0 000 000 8 4 0 0 0 0 000000 1
eb6 503 000 000 8 4 0 0 0 0 000000 1
f77 a55 000 000 a 6 0 0 0 0 000000 1
f17 8a4 000 000 8 4 0 0 0 0 000000 1
f27 f27 000 000 8 8 0 0 0 0 000000 1
f3f 5e2 000 000 a 6 0 0 0 0 000000 1
f33 3ed 000 000 8 8 0 0 0 0 000000 1
f35 283 000 000 8 4 0 0 0 0 000000 1
f36 330 000 000 8 4 0 0 0 0 000000 1
fd7 2b9 000 000 a 6 0 0 0 0 000000 1
fe7 53a 000 000 a 6 0 0 0 0 000000 1
fff fff 000 000 c c 0 0 0 0 000000 1
ff3 9f0 000 000 a 6 0 0 0 0 000000 1
ff5 89e 000 000 a 6 0 0 0 0 000000 1
ff6 92d 000 000 a 6 0 0 0 0 000000 1
f87 7cb 000 000 8 8 0 0 0 0 000000 1
f9f d0e 000 000 a 6 0 0 0 0 000000 1
f93 b01 000 000 8 4 0 0 0 0 000000 1
f95 a6f 000 000 8 8 0 0 0 0 000000 1
f96 bdc 000 000 8 8 0 0 0 0 000000 1
faf a8d 000 000 a 6 0 0 0 0 000000 1
fa3 c82 000 000 8 4 0 0 0 0 000000 1
fa5 dec 000 000 8 8 0 0 0 0 000000 1
fa6 c5f 000 000 8 8 0 0 0 0 000000 1
fbb 647 000 000 a 6 0 0 0 0 000000 1
fbd 729 000 000 a 6 0 0 0 0 000000 1
fbe 69a 000 000 a 6 0 0 0 0 000000 1
fb1 126 000 000 8 4 0 0 0 0 000000 1
fb2 095 000 000 8 4 0 0 0 0 000000 1
fb4 1fb 000 000 8 8 0 0 0 0 000000 1
80b 047 000 000 4 4 0 0 0 0 000000 1
ea2 9c9 000 000 6 6 0 0 0 0 000000 1
2a2 4a1 000 000 4 4 0 0 0 0 000000 1
4a2 311 000 000 4 4 0 0 0 0 000000 1
7a2 ba4 000 000 6 6 0 0 0 0 000000 1
622 d97 000 000 4 8 0 0 0 0 000000 1
6e2 78a 000 000 6 6 0 0 0 0 000000 1
682 57b 000 000 4 8 0 0 0 0 000000 1
6b2 2f8 000 000 6 6 0 0 0 0 000000 1
6aa 83d 000 000 6 6 0 0 0 0 000000 1
6a6 e32 000 000 6 6 0 0 0 0 000000 1
6a0 f5c 000 000 4 8 0 0 0 0 000000 1
6a3 eef 000 000 6 a 0 0 0 0 000000 1
f11 9ca 000 000 6 6 0 0 0 0 000000 1
311 4a2 000 000 4 4 0 0 0 0 000000 1
511 312 000 000 4 4 0 0 0 0 000000 1
611 ba7 000 000 4 8 0 0 0 0 000000 1
791 d94 000 000 6 6 0 0 0 0 000000 1
751 789 000 000 6 6 0 0 0 0 000000 1
731 578 000 000 6 6 0 0 0 0 000000 1
701 2fb 000 000 4 8 0 0 0 0 000000 1
719 83e 000 000 6 6 0 0 0 0 000000 1
715 e31 000 000 6 6 0 0 0 0 000000 1
713 f5f 000 000 6 a 0 0 0 0 000000 1
710 eec 000 000 4 8 0 0 0 0 000000 1
5b8 d2c 000 000 6 6 0 0 0 0 000000 1
3b8 a9c 000 000 6 6 0 0 0 0 000000 1
0b8 229 000 000 4 4 0 0 0 0 000000 1
138 41a 000 000 4 4 0 0 0 0 000000 1
1f8 e07 000 000 6 6 0 0 0 0 000000 1
198 cf6 000 000 4 8 0 0 0 0 000000 1
1a8 b75 000 000 4 8 0 0 0 0 000000 1
1b0 1b0 000 000 4 4 0 0 0 0 000000 1
1bc 7bf 000 000 6 a 0 0 0 0 000000 1
1ba 6d1 000 000 6 6 0 0 0 0 000000 1
1b9 762 000 000 6 6 0 0 0 0 000000 1
fb8 7f4 000 000 8 8 0 0 0 0 000000 1
cb8 f41 000 000 6 6 0 0 0 0 000000 1
d38 972 000 000 6 6 0 0 0 0 000000 1
df8 36f 000 000 8 8 0 0 0 0 000000 1
d98 19e 000 000 6 6 0 0 0 0 000000 1
da8 61d 000 000 6 6 0 0 0 0 000000 1
db0 cd8 000 000 6 6 0 0 0 0 000000 1
dbc ad7 000 000 8 8 0 0 0 0 000000 1
dba bb9 000 000 8 8 0 0 0 0 000000 1
db9 a0a 000 000 8 4 0 0 0 0 000000 1
ab8 8f1 000 000 6 6 0 0 0 0 000000 1
b38 ec2 000 000 6 6 0 0 0 0 000000 1
bf8 4df 000 000 8 8 0 0 0 0 000000 1
b98 62e 000 000 6 6 0 0 0 0 000000 1
ba8 1ad 000 000 6 6 0 0 0 0 000000 1
bb0 b68 000 000 6 6 0 0 0 0 000000 1
bbc d67 000 000 8 8 0 0 0 0 000000 1
bba c09 000 000 8 4 0 0 0 0 000000 1
bb9 dba 000 000 8 8 0 0 0 0 000000 1
838 677 000 000 4 8 0 0 0 0 000000 1
8f8 c6a 000 000 6 6 0 0 0 0 000000 1
898 e9b 000 000 4 8 0 0 0 0 000000 1
8a8 918 000 000 4 4 0 0 0 0 000000 1
8b0 3dd 000 000 4 8 0 0 0 0 000000 1
8bc 5d2 000 000 6 6 0 0 0 0 000000 1
8ba 4bc 000 000 6 6 0 0 0 0 000000 1
8b9 50f 000 000 6 6 0 0 0 0 000000 1
978 a59 000 000 6 6 0 0 0 0 000000 1
918 8a8 000 000 4 4 0 0 0 0 000000 1
928 f2b 000 000 4 8 0 0 0 0 000000 1
930 5ee 000 000 4 8 0 0 0 0 000000 1
93c 3e1 000 000 6 6 0 0 0 0 000000 1
93a 28f 000 000 6 6 0 0 0 0 000000 1
939 33c 000 000 6 6 0 0 0 0 000000 1
9d8 2b5 000 000 6 6 0 0 0 0 000000 1
9e8 536 000 000 6 6 0 0 0 0 000000 1
9f0 ff3 000 000 6 a 0 0 0 0 000000 1
9fc 9fc 000 000 8 8 0 0 0 0 000000 1
9fa 892 000 000 8 4 0 0 0 0 000000 1
9f9 921 000 000 8 4 0 0 0 0 000000 1
988 7c7 000 000 4 8 0 0 0 0 000000 1
990 d02 000 000 4 4 0 0 0 0 000000 1
99c b0d 000 000 6 6 0 0 0 0 000000 1
99a a63 000 000 6 6 0 0 0 0 000000 1
999 bd0 000 000 6 6 0 0 0 0 000000 1
9a0 a81 000 000 4 4 0 0 0 0 000000 1
9ac c8e 000 000 6 6 0 0 0 0 000000 1
9aa de0 000 000 6 6 0 0 0 0 000000 1
9a9 c53 000 000 6 6 0 0 0 0 000000 1
9b4 64b 000 000 6 6 0 0 0 0 000000 1
9b2 725 000 000 6 6 0 0 0 0 000000 1
9b1 696 000 000 6 6 0 0 0 0 000000 1
9be 12a 000 000 8 4 0 0 0 0 000000 1
9bd 099 000 000 8 4 0 0 0 0 000000 1
9bb 1f7 000 000 8 8 0 0 0 0 000000 1
e7f 9cc 000 000 a 6 0 0 0 0 000000 1
27f 4a4 000 000 8 4 0 0 0 0 000000 1
47f 314 000 000 8 4 0 0 0 0 000000 1
77f ba1 000 000 a 6 0 0 0 0 000000 1
6ff d92 000 000 a 6 0 0 0 0 000000 1
63f 78f 000 000 8 8 0 0 0 0 000000 1
65f 57e 000 000 8 8 0 0 0 0 000000 1
66f 2fd 000 000 8 8 0 0 0 0 000000 1
677 838 000 000 8 4 0 0 0 0 000000 1
67b e37 000 000 8 8 0 0 0 0 000000 1
67d f59 000 000 8 8 0 0 0 0 000000 1
67e eea 000 000 8 8 0 0 0 0 000000 1
4d6 d2a 000 000 6 6 0 0 0 0 000000 1
2d6 a9a 000 000 6 6 0 0 0 0 000000 1
1d6 22f 000 000 6 6 0 0 0 0 000000 1
056 41c 000 000 4 4 0 0 0 0 000000 1
096 e01 000 000 4 4 0 0 0 0 000000 1
0f6 cf0 000 000 6 6 0 0 0 0 000000 1
0c6 b73 000 000 4 8 0 0 0 0 000000 1
0de 1b6 000 000 6 6 0 0 0 0 000000 1
0d2 7b9 000 000 4 8 0 0 0 0 000000 1
0d4 6d7 000 000 4 8 0 0 0 0 000000 1
0d7 764 000 000 6 6 0 0 0 0 000000 1
ed6 7f2 000 000 8 8 0 0 0 0 000000 1
dd6 f47 000 000 8 8 0 0 0 0 000000 1
c56 974 000 000 6 6 0 0 0 0 000000 1
c96 369 000 000 6 6 0 0 0 0 000000 1
cf6 198 000 000 8 4 0 0 0 0 000000 1
cc6 61b 000 000 6 6 0 0 0 0 000000 1
cde cde 000 000 8 8 0 0 0 0 000000 1
cd2 ad1 000 000 6 6 0 0 0 0 000000 1
cd4 bbf 000 000 6 a 0 0 0 0 000000 1
cd7 a0c 000 000 8 4 0 0 0 0 000000 1
bd6 8f7 000 000 8 8 0 0 0 0 000000 1
a56 ec4 000 000 6 6 0 0 0 0 000000 1
a96 4d9 000 000 6 6 0 0 0 0 000000 1
af6 628 000 000 8 4 0 0 0 0 000000 1
ac6 1ab 000 000 6 6 0 0 0 0 000000 1
ade b6e 000 000 8 8 0 0 0 0 000000 1
ad2 d61 000 000 6 6 0 0 0 0 000000 1
ad4 c0f 000 000 6 6 0 0 0 0 000000 1
ad7 dbc 000 000 8 8 0 0 0 0 000000 1
956 671 000 000 6 6 0 0 0 0 000000 1
996 c6c 000 000 6 6 0 0 0 0 000000 1
9f6 e9d 000 000 8 8 0 0 0 0 000000 1
9c6 91e 000 000 6 6 0 0 0 0 000000 1
9de 3db 000 000 8 8 0 0 0 0 000000 1
9d2 5d4 000 000 6 6 0 0 0 0 000000 1
9d4 4ba 000 000 6 6 0 0 0 0 000000 1
9d7 509 000 000 8 4 0 0 0 0 000000 1
816 a5f 000 000 4 8 0 0 0 0 000000 1
876 8ae 000 000 6 6 0 0 0 0 000000 1
846 f2d 000 000 4 8 0 0 0 0 000000 1
85e 5e8 000 000 6 6 0 0 0 0 000000 1
852 3e7 000 000 4 8 0 0 0 0 000000 1
854 289 000 000 4 4 0 0 0 0 000000 1
857 33a 000 000 6 6 0 0 0 0 000000 1
8b6 2b3 000 000 6 6 0 0 0 0 000000 1
886 530 000 000 4 4 0 0 0 0 000000 1
89e ff5 000 000 6 a 0 0 0 0 000000 1
892 9fa 000 000 4 8 0 0 0 0 000000 1
894 894 000 000 4 4 0 0 0 0 000000 1
897 927 000 000 6 6 0 0 0 0 000000 1
8e6 7c1 000 000 6 6 0 0 0 0 000000 1
8fe d04 000 000 8 4 0 0 0 0 000000 1
8f2 b0b 000 000 6 6 0 0 0 0 000000 1
8f4 a65 000 000 6 6 0 0 0 0 000000 1
8f7 bd6 000 000 8 8 0 0 0 0 000000 1
8ce a87 000 000 6 6 0 0 0 0 000000 1
8c2 c88 000 000 4 4 0 0 0 0 000000 1
8c4 de6 000 000 4 8 0 0 0 0 000000 1
8c7 c55 000 000 6 6 0 0 0 0 000000 1
8da 64d 000 000 6 6 0 0 0 0 000000 1
8dc 723 000 000 6 6 0 0 0 0 000000 1
8df 690 000 000 8 4 0 0 0 0 000000 1
8d0 12c 000 000 4 4 0 0 0 0 000000 1
8d3 09f 000 000 6 6 0 0 0 0 000000 1
8d5 1f1 000 000 6 6 0 0 0 0 000000 1
565 d29 000 000 6 6 0 0 0 0 000000 1
365 a99 000 000 6 6 0 0 0 0 000000 1
065 22c 000 000 4 4 0 0 0 0 000000 1
1e5 41f 000 000 6 6 0 0 0 0 000000 1
125 e02 000 000 4 4 0 0 0 0 000000 1
145 cf3 000 000 4 8 0 0 0 0 000000 1
175 b70 000 000 6 6 0 0 0 0 000000 1
16d 1b5 000 000 6 6 0 0 0 0 000000 1
161 7ba 000 000 4 8 0 0 0 0 000000 1
167 6d4 000 000 6 6 0 0 0 0 000000 1
164 767 000 000 4 8 0 0 0 0 000000 1
f65 7f1 000 000 8 8 0 0 0 0 000000 1
c65 f44 000 000 6 6 0 0 0 0 000000 1
de5 977 000 000 8 8 0 0 0 0 000000 1
d25 36a 000 000 6 6 0 0 0 0 000000 1
d45 19b 000 000 6 6 0 0 0 0 000000 1
d75 618 000 000 8 4 0 0 0 0 000000 1
d6d cdd 000 000 8 8 0 0 0 0 000000 1
d61 ad2 000 000 6 6 0 0 0 0 000000 1
d67 bbc 000 000 8 8 0 0 0 0 000000 1
d64 a0f 000 000 6 6 0 0 0 0 000000 1
a65 8f4 000 000 6 6 0 0 0 0 000000 1
be5 ec7 000 000 8 8 0 0 0 0 000000 1
b25 4da 000 000 6 6 0 0 0 0 000000 1
b45 62b 000 000 6 6 0 0 0 0 000000 1
b75 1a8 000 000 8 4 0 0 0 0 000000 1
b6d b6d 000 000 8 8 0 0 0 0 000000 1
b61 d62 000 000 6 6 0 0 0 0 000000 1
b67 c0c 000 000 8 4 0 0 0 0 000000 1
b64 dbf 000 000 6 a 0 0 0 0 000000 1
8e5 672 000 000 6 6 0 0 0 0 000000 1
825 c6f 000 000 4 8 0 0 0 0 000000 1
845 e9e 000 000 4 8 0 0 0 0 000000 1
875 91d 000 000 6 6 0 0 0 0 000000 1
86d 3d8 000 000 6 6 0 0 0 0 000000 1
861 5d7 000 000 4 8 0 0 0 0 000000 1
867 4b9 000 000 6 6 0 0 0 0 000000 1
864 50a 000 000 4 4 0 0 0 0 000000 1
9a5 a5c 000 000 6 6 0 0 0 0 000000 1
9c5 8ad 000 000 6 6 0 0 0 0 000000 1
9f5 f2e 000 000 8 8 0 0 0 0 000000 1
9ed 5eb 000 000 8 8 0 0 0 0 000000 1
9e1 3e4 000 000 6 6 0 0 0 0 000000 1
9e7 28a 000 000 8 4 0 0 0 0 000000 1
9e4 339 000 000 6 6 0 0 0 0 000000 1
905 2b0 000 000 4 4 0 0 0 0 000000 1
935 533 000 000 6 6 0 0 0 0 000000 1
92d ff6 000 000 6 a 0 0 0 0 000000 1
921 9f9 000 000 4 8 0 0 0 0 000000 1
927 897 000 000 6 6 0 0 0 0 000000 1
924 924 000 000 4 4 0 0 0 0 000000 1
955 7c2 000 000 6 6 0 0 0 0 000000 1
94d d07 000 000 6 6 0 0 0 0 000000 1
941 b08 000 000 4 4 0 0 0 0 000000 1
947 a66 000 000 6 6 0 0 0 0 000000 1
944 bd5 000 000 4 8 0 0 0 0 000000 1
97d a84 000 000 8 4 0 0 0 0 000000 1
971 c8b 000 000 6 6 0 0 0 0 000000 1
977 de5 000 000 8 8 0 0 0 0 000000 1
974 c56 000 000 6 6 0 0 0 0 000000 1
969 64e 000 000 6 6 0 0 0 0 000000 1
96f 720 000 000 8 4 0 0 0 0 000000 1
96c 693 000 000 6 6 0 0 0 0 000000 1
963 12f 000 000 6 6 0 0 0 0 000000 1
960 09c 000 000 4 4 0 0 0 0 000000 1
966 1f2 000 000 6 6 0 0 0 0 000000 1
9cc e7f 000 000 6 a 0 0 0 0 000000 1
acc 6ca 000 000 6 6 0 0 0 0 000000 1
b4c 0f9 000 000 6 6 0 0 0 0 000000 1
b8c ae4 000 000 6 6 0 0 0 0 000000 1
bec 815 000 000 8 4 0 0 0 0 000000 1
bdc f96 000 000 8 8 0 0 0 0 000000 1
bc4 553 000 000 6 6 0 0 0 0 000000 1
bc8 35c 000 000 6 6 0 0 0 0 000000 1
bce 232 000 000 8 4 0 0 0 0 000000 1
bcd 381 000 000 8 4 0 0 0 0 000000 1
ccc 17a 000 000 6 6 0 0 0 0 000000 1
d4c 749 000 000 6 6 0 0 0 0 000000 1
d8c d54 000 000 6 6 0 0 0 0 000000 1
dec fa5 000 000 8 8 0 0 0 0 000000 1
ddc 826 000 000 8 4 0 0 0 0 000000 1
dc4 2e3 000 000 6 6 0 0 0 0 000000 1
dc8 4ec 000 000 6 6 0 0 0 0 000000 1
dce 582 000 000 8 4 0 0 0 0 000000 1
dcd 431 000 000 8 4 0 0 0 0 000000 1
e4c ffc 000 000 6 a 0 0 0 0 000000 1
e8c 5e1 000 000 6 6 0 0 0 0 000000 1
eec 710 000 000 8 4 0 0 0 0 000000 1
edc 093 000 000 8 4 0 0 0 0 000000 1
ec4 a56 000 000 6 6 0 0 0 0 000000 1
ec8 c59 000 000 6 6 0 0 0 0 000000 1
ece d37 000 000 8 8 0 0 0 0 000000 1
ecd c84 000 000 8 4 0 0 0 0 000000 1
f0c 3d2 000 000 6 6 0 0 0 0 000000 1
f6c 123 000 000 8 4 0 0 0 0 000000 1
f5c 6a0 000 000 8 4 0 0 0 0 000000 1
f44 c65 000 000 6 6 0 0 0 0 000000 1
f48 a6a 000 000 6 6 0 0 0 0 000000 1
f4e b04 000 000 8 4 0 0 0 0 000000 1
f4d ab7 000 000 8 8 0 0 0 0 000000 1
fac b3e 000 000 8 8 0 0 0 0 000000 1
f9c cbd 000 000 8 8 0 0 0 0 000000 1
f84 678 000 000 6 6 0 0 0 0 000000 1
f88 077 000 000 6 6 0 0 0 0 000000 1
f8e 119 000 000 8 4 0 0 0 0 000000 1
f8d 0aa 000 000 8 4 0 0 0 0 000000 1
ffc e4c 000 000 a 6 0 0 0 0 000000 1
fe4 489 000 000 8 4 0 0 0 0 000000 1
fe8 286 000 000 8 4 0 0 0 0 000000 1
fee 3e8 000 000 a 6 0 0 0 0 000000 1
fed 25b 000 000 a 6 0 0 0 0 000000 1
fd4 30a 000 000 8 4 0 0 0 0 000000 1
fd8 505 000 000 8 4 0 0 0 0 000000 1
fde 46b 000 000 a 6 0 0 0 0 000000 1
fdd 5d8 000 000 a 6 0 0 0 0 000000 1
fc0 fc0 000 000 6 6 0 0 0 0 000000 1
fc6 eae 000 000 8 8 0 0 0 0 000000 1
fc5 f1d 000 000 8 8 0 0 0 0 000000 1
fca 8a1 000 000 8 4 0 0 0 0 000000 1
fc9 912 000 000 8 4 0 0 0 0 000000 1
fcf 87c 000 000 a 6 0 0 0 0 000000 1
0cc c12 000 000 4 4 0 0 0 0 000000 1
14c a21 000 000 4 4 0 0 0 0 000000 1
18c 03c 000 000 4 4 0 0 0 0 000000 1
1ec 2cd 000 000 6 6 0 0 0 0 000000 1
1dc 54e 000 000 6 6 0 0 0 0 000000 1
1c4 f8b 000 000 4 8 0 0 0 0 000000 1
1c8 984 000 000 4 4 0 0 0 0 000000 1
1ce 8ea 000 000 6 6 0 0 0 0 000000 1
1cd 959 000 000 6 6 0 0 0 0 000000 1
24c 294 000 000 4 4 0 0 0 0 000000 1
28c 889 000 000 4 4 0 0 0 0 000000 1
2ec a78 000 000 6 6 0 0 0 0 000000 1
2dc dfb 000 000 6 a 0 0 0 0 000000 1
2c4 73e 000 000 4 8 0 0 0 0 000000 1
2c8 131 000 000 4 4 0 0 0 0 000000 1
2ce 05f 000 000 6 6 0 0 0 0 000000 1
2cd 1ec 000 000 6 6 0 0 0 0 000000 1
30c eba 000 000 4 8 0 0 0 0 000000 1
36c c4b 000 000 6 6 0 0 0 0 000000 1
35c bc8 000 000 6 6 0 0 0 0 000000 1
344 10d 000 000 4 4 0 0 0 0 000000 1
348 702 000 000 4 4 0 0 0 0 000000 1
34e 66c 000 000 6 6 0 0 0 0 000000 1
34d 7df 000 000 6 a 0 0 0 0 000000 1
3ac 656 000 000 6 6 0 0 0 0 000000 1
39c 1d5 000 000 6 6 0 0 0 0 000000 1
384 b10 000 000 4 4 0 0 0 0 000000 1
388 d1f 000 000 4 8 0 0 0 0 000000 1
38e c71 000 000 6 6 0 0 0 0 000000 1
38d dc2 000 000 6 6 0 0 0 0 000000 1
3fc 324 000 000 8 4 0 0 0 0 000000 1
3e4 9e1 000 000 6 6 0 0 0 0 000000 1
3e8 fee 000 000 6 a 0 0 0 0 000000 1
3ee e80 000 000 8 4 0 0 0 0 000000 1
3ed f33 000 000 8 8 0 0 0 0 000000 1
3d4 e62 000 000 6 6 0 0 0 0 000000 1
3d8 86d 000 000 6 6 0 0 0 0 000000 1
3de 903 000 000 8 4 0 0 0 0 000000 1
3dd 8b0 000 000 8 4 0 0 0 0 000000 1
3c0 2a8 000 000 4 4 0 0 0 0 000000 1
3c6 3c6 000 000 6 6 0 0 0 0 000000 1
3c5 275 000 000 6 6 0 0 0 0 000000 1
3ca 5c9 000 000 6 6 0 0 0 0 000000 1
3c9 47a 000 000 6 6 0 0 0 0 000000 1
3cf 514 000 000 8 4 0 0 0 0 000000 1
44c 524 000 000 4 4 0 0 0 0 000000 1
48c f39 000 000 4 8 0 0 0 0 000000 1
4ec dc8 000 000 6 6 0 0 0 0 000000 1
4dc a4b 000 000 6 6 0 0 0 0 000000 1
4c4 08e 000 000 4 4 0 0 0 0 000000 1
4c8 681 000 000 4 4 0 0 0 0 000000 1
4ce 7ef 000 000 6 a 0 0 0 0 000000 1
4cd 65c 000 000 6 6 0 0 0 0 000000 1
50c 90a 000 000 4 4 0 0 0 0 000000 1
56c bfb 000 000 6 a 0 0 0 0 000000 1
55c c78 000 000 6 6 0 0 0 0 000000 1
544 6bd 000 000 4 8 0 0 0 0 000000 1
548 0b2 000 000 4 4 0 0 0 0 000000 1
54e 1dc 000 000 6 6 0 0 0 0 000000 1
54d 06f 000 000 6 6 0 0 0 0 000000 1
5ac 1e6 000 000 6 6 0 0 0 0 000000 1
59c 665 000 000 6 6 0 0 0 0 000000 1
584 ca0 000 000 4 4 0 0 0 0 000000 1
588 aaf 000 000 4 8 0 0 0 0 000000 1
58e bc1 000 000 6 6 0 0 0 0 000000 1
58d a72 000 000 6 6 0 0 0 0 000000 1
5fc 494 000 000 8 4 0 0 0 0 000000 1
5e4 e51 000 000 6 6 0 0 0 0 000000 1
5e8 85e 000 000 6 6 0 0 0 0 000000 1
5ee 930 000 000 8 4 0 0 0 0 000000 1
5ed 883 000 000 8 4 0 0 0 0 000000 1
5d4 9d2 000 000 6 6 0 0 0 0 000000 1
5d8 fdd 000 000 6 a 0 0 0 0 000000 1
5de eb3 000 000 8 8 0 0 0 0 000000 1
5dd f00 000 000 8 4 0 0 0 0 000000 1
5c0 518 000 000 4 4 0 0 0 0 000000 1
5c6 476 000 000 6 6 0 0 0 0 000000 1
5c5 5c5 000 000 6 6 0 0 0 0 000000 1
5ca 279 000 000 6 6 0 0 0 0 000000 1
5c9 3ca 000 000 6 6 0 0 0 0 000000 1
5cf 2a4 000 000 8 4 0 0 0 0 000000 1
60c 1bf 000 000 4 8 0 0 0 0 000000 1
66c 34e 000 000 6 6 0 0 0 0 000000 1
65c 4cd 000 000 6 6 0 0 0 0 000000 1
644 e08 000 000 4 4 0 0 0 0 000000 1
648 807 000 000 4 4 0 0 0 0 000000 1
64e 969 000 000 6 6 0 0 0 0 000000 1
64d 8da 000 000 6 6 0 0 0 0 000000 1
6ac 953 000 000 6 6 0 0 0 0 000000 1
69c ed0 000 000 6 6 0 0 0 0 000000 1
684 415 000 000 4 4 0 0 0 0 000000 1
688 21a 000 000 4 4 0 0 0 0 000000 1
68e 374 000 000 6 6 0 0 0 0 000000 1
68d 2c7 000 000 6 6 0 0 0 0 000000 1
6fc c21 000 000 8 4 0 0 0 0 000000 1
6e4 6e4 000 000 6 6 0 0 0 0 000000 1
6e8 0eb 000 000 6 6 0 0 0 0 000000 1
6ee 185 000 000 8 4 0 0 0 0 000000 1
6ed 036 000 000 8 4 0 0 0 0 000000 1
6d4 167 000 000 6 6 0 0 0 0 000000 1
6d8 768 000 000 6 6 0 0 0 0 000000 1
6de 606 000 000 8 4 0 0 0 0 000000 1
6dd 7b5 000 000 8 8 0 0 0 0 000000 1
6c0 dad 000 000 4 8 0 0 0 0 000000 1
6c6 cc3 000 000 6 6 0 0 0 0 000000 1
6c5 d70 000 000 6 6 0 0 0 0 000000 1
6ca acc 000 000 6 6 0 0 0 0 000000 1
6c9 b7f 000 000 6 a 0 0 0 0 000000 1
6cf a11 000 000 8 4 0 0 0 0 000000 1
72c f60 000 000 6 6 0 0 0 0 000000 1
71c 8e3 000 000 6 6 0 0 0 0 000000 1
704 226 000 000 4 4 0 0 0 0 000000 1
708 429 000 000 4 4 0 0 0 0 000000 1
70e 547 000 000 6 6 0 0 0 0 000000 1
70d 4f4 000 000 6 6 0 0 0 0 000000 1
77c a12 000 000 8 4 0 0 0 0 000000 1
764 0d7 000 000 6 6 0 0 0 0 000000 1
768 6d8 000 000 6 6 0 0 0 0 000000 1
76e 7b6 000 000 8 8 0 0 0 0 000000 1
76d 605 000 000 8 4 0 0 0 0 000000 1
754 754 000 000 6 6 0 0 0 0 000000 1
758 15b 000 000 6 6 0 0 0 0 000000 1
75e 035 000 000 8 4 0 0 0 0 000000 1
75d 186 000 000 8 4 0 0 0 0 000000 1
740 b9e 000 000 4 8 0 0 0 0 000000 1
746 af0 000 000 6 6 0 0 0 0 000000 1
745 b43 000 000 6 6 0 0 0 0 000000 1
74a cff 000 000 6 a 0 0 0 0 000000 1
749 d4c 000 000 6 6 0 0 0 0 000000 1
74f c22 000 000 8 4 0 0 0 0 000000 1
7bc 00f 000 000 8 4 0 0 0 0 000000 1
7a4 aca 000 000 6 6 0 0 0 0 000000 1
7a8 cc5 000 000 6 6 0 0 0 0 000000 1
7ae dab 000 000 8 8 0 0 0 0 000000 1
7ad c18 000 000 8 4 0 0 0 0 000000 1
794 d49 000 000 6 6 0 0 0 0 000000 1
798 b46 000 000 6 6 0 0 0 0 000000 1
79e a28 000 000 8 4 0 0 0 0 000000 1
79d b9b 000 000 8 8 0 0 0 0 000000 1
780 183 000 000 4 4 0 0 0 0 000000 1
786 0ed 000 000 6 6 0 0 0 0 000000 1
785 15e 000 000 6 6 0 0 0 0 000000 1
78a 6e2 000 000 6 6 0 0 0 0 000000 1
789 751 000 000 6 6 0 0 0 0 000000 1
78f 63f 000 000 8 8 0 0 0 0 000000 1
7f4 fb8 000 000 8 8 0 0 0 0 000000 1
7f8 9b7 000 000 8 8 0 0 0 0 000000 1
7fe 8d9 000 000 a 6 0 0 0 0 000000 1
7fd 96a 000 000 a 6 0 0 0 0 000000 1
7e0 372 000 000 6 6 0 0 0 0 000000 1
7e6 21c 000 000 8 4 0 0 0 0 000000 1
7e5 3af 000 000 8 8 0 0 0 0 000000 1
7ea 413 000 000 8 4 0 0 0 0 000000 1
7e9 5a0 000 000 8 4 0 0 0 0 000000 1
7ef 4ce 000 000 a 6 0 0 0 0 000000 1
7d0 4f1 000 000 6 6 0 0 0 0 000000 1
7d6 59f 000 000 8 8 0 0 0 0 000000 1
7d5 42c 000 000 8 4 0 0 0 0 000000 1
7da 390 000 000 8 4 0 0 0 0 000000 1
7d9 223 000 000 8 4 0 0 0 0 000000 1
7df 34d 000 000 a 6 0 0 0 0 000000 1
7c2 955 000 000 6 6 0 0 0 0 000000 1
7c1 8e6 000 000 6 6 0 0 0 0 000000 1
7c7 988 000 000 8 4 0 0 0 0 000000 1
7cb f87 000 000 8 8 0 0 0 0 000000 1
18c 03c 000 000 4 4 0 0 0 0 000000 1
0e2 03a 000 000 4 4 0 0 0 0 000000 1
151 039 000 000 4 4 0 0 0 0 000000 1
7f8 9b7 000 000 8 8 0 0 0 0 000000 1
bf8 4df 000 000 8 8 0 0 0 0 000000 1
df8 36f 000 000 8 8 0 0 0 0 000000 1
ef8 bda 000 000 8 8 0 0 0 0 000000 1
f78 de9 000 000 8 8 0 0 0 0 000000 1
fb8 7f4 000 000 8 8 0 0 0 0 000000 1
fd8 505 000 000 8 4 0 0 0 0 000000 1
fe8 286 000 000 8 4 0 0 0 0 000000 1
ff0 843 000 000 8 4 0 0 0 0 000000 1
ffc e4c 000 000 a 6 0 0 0 0 000000 1
ffa f22 000 000 a 6 0 0 0 0 000000 1
ff9 e91 000 000 a 6 0 0 0 0 000000 1
6ed 036 000 000 8 4 0 0 0 0 000000 1
75e 035 000 000 8 4 0 0 0 0 000000 1
1f7 9bb 000 000 8 8 0 0 0 0 000000 1
df7 4d3 000 000 a 6 0 0 0 0 000000 1
bf7 363 000 000 a 6 0 0 0 0 000000 1
8f7 bd6 000 000 8 8 0 0 0 0 000000 1
977 de5 000 000 8 8 0 0 0 0 000000 1
9b7 7f8 000 000 8 8 0 0 0 0 000000 1
9d7 509 000 000 8 4 0 0 0 0 000000 1
9e7 28a 000 000 8 4 0 0 0 0 000000 1
9ff 84f 000 000 a 6 0 0 0 0 000000 1
9f3 e40 000 000 8 4 0 0 0 0 000000 1
9f5 f2e 000 000 8 8 0 0 0 0 000000 1
9f6 e9d 000 000 8 8 0 0 0 0 000000 1
630 033 000 000 4 4 0 0 0 0 000000 1
099 9bd 000 000 4 8 0 0 0 0 000000 1
c99 4d5 000 000 6 6 0 0 0 0 000000 1
a99 365 000 000 6 6 0 0 0 0 000000 1
999 bd0 000 000 6 6 0 0 0 0 000000 1
819 de3 000 000 4 8 0 0 0 0 000000 1
8d9 7fe 000 000 6 a 0 0 0 0 000000 1
8b9 50f 000 000 6 6 0 0 0 0 000000 1
889 28c 000 000 4 4 0 0 0 0 000000 1
891 849 000 000 4 4 0 0 0 0 000000 1
89d e46 000 000 6 6 0 0 0 0 000000 1
89b f28 000 000 6 6 0 0 0 0 000000 1
898 e9b 000 000 4 8 0 0 0 0 000000 1
12a 9be 000 000 4 8 0 0 0 0 000000 1
d2a 4d6 000 000 6 6 0 0 0 0 000000 1
b2a 366 000 000 6 6 0 0 0 0 000000 1
82a bd3 000 000 4 8 0 0 0 0 000000 1
9aa de0 000 000 6 6 0 0 0 0 000000 1
96a 7fd 000 000 6 a 0 0 0 0 000000 1
90a 50c 000 000 4 4 0 0 0 0 000000 1
93a 28f 000 000 6 6 0 0 0 0 000000 1
922 84a 000 000 4 4 0 0 0 0 000000 1
92e e45 000 000 6 6 0 0 0 0 000000 1
928 f2b 000 000 4 8 0 0 0 0 000000 1
92b e98 000 000 6 6 0 0 0 0 000000 1
b83 d58 000 000 6 6 0 0 0 0 000000 1
d83 ae8 000 000 6 6 0 0 0 0 000000 1
e83 25d 000 000 6 6 0 0 0 0 000000 1
f03 46e 000 000 6 6 0 0 0 0 000000 1
fc3 e73 000 000 8 8 0 0 0 0 000000 1
fa3 c82 000 000 8 4 0 0 0 0 000000 1
f93 b01 000 000 8 4 0 0 0 0 000000 1
f8b 1c4 000 000 8 4 0 0 0 0 000000 1
f87 7cb 000 000 8 8 0 0 0 0 000000 1
f81 6a5 000 000 6 6 0 0 0 0 000000 1
f82 716 000 000 6 6 0 0 0 0 000000 1
183 780 000 000 4 4 0 0 0 0 000000 1
283 f35 000 000 4 8 0 0 0 0 000000 1
303 906 000 000 4 4 0 0 0 0 000000 1
3c3 31b 000 000 6 6 0 0 0 0 000000 1
3a3 1ea 000 000 6 6 0 0 0 0 000000 1
393 669 000 000 6 6 0 0 0 0 000000 1
38b cac 000 000 6 6 0 0 0 0 000000 1
387 aa3 000 000 6 6 0 0 0 0 000000 1
381 bcd 000 000 4 8 0 0 0 0 000000 1
382 a7e 000 000 4 8 0 0 0 0 000000 1
483 885 000 000 4 4 0 0 0 0 000000 1
503 eb6 000 000 4 8 0 0 0 0 000000 1
5c3 4ab 000 000 6 6 0 0 0 0 000000 1
5a3 65a 000 000 6 6 0 0 0 0 000000 1
593 1d9 000 000 6 6 0 0 0 0 000000 1
58b b1c 000 000 6 6 0 0 0 0 000000 1
587 d13 000 000 6 6 0 0 0 0 000000 1
581 c7d 000 000 4 8 0 0 0 0 000000 1
582 dce 000 000 4 8 0 0 0 0 000000 1
603 603 000 000 4 4 0 0 0 0 000000 1
6c3 c1e 000 000 6 6 0 0 0 0 000000 1
6a3 eef 000 000 6 a 0 0 0 0 000000 1
693 96c 000 000 6 6 0 0 0 0 000000 1
68b 3a9 000 000 6 6 0 0 0 0 000000 1
687 5a6 000 000 6 6 0 0 0 0 000000 1
681 4c8 000 000 4 4 0 0 0 0 000000 1
682 57b 000 000 4 8 0 0 0 0 000000 1
743 a2d 000 000 6 6 0 0 0 0 000000 1
723 8dc 000 000 6 6 0 0 0 0 000000 1
713 f5f 000 000 6 a 0 0 0 0 000000 1
70b 59a 000 000 6 6 0 0 0 0 000000 1
707 395 000 000 6 6 0 0 0 0 000000 1
701 2fb 000 000 4 8 0 0 0 0 000000 1
702 348 000 000 4 4 0 0 0 0 000000 1
7e3 2c1 000 000 8 4 0 0 0 0 000000 1
7d3 542 000 000 8 4 0 0 0 0 000000 1
7cb f87 000 000 8 8 0 0 0 0 000000 1
7c7 988 000 000 8 4 0 0 0 0 000000 1
7c1 8e6 000 000 6 6 0 0 0 0 000000 1
7c2 955 000 000 6 6 0 0 0 0 000000 1
7b3 7b3 000 000 8 8 0 0 0 0 000000 1
7ab d76 000 000 8 8 0 0 0 0 000000 1
7a7 b79 000 000 8 8 0 0 0 0 000000 1
7a1 a17 000 000 6 6 0 0 0 0 000000 1
7a2 ba4 000 000 6 6 0 0 0 0 000000 1
79b af5 000 000 8 8 0 0 0 0 000000 1
797 cfa 000 000 8 8 0 0 0 0 000000 1
791 d94 000 000 6 6 0 0 0 0 000000 1
792 c27 000 000 6 6 0 0 0 0 000000 1
78f 63f 000 000 8 8 0 0 0 0 000000 1
789 751 000 000 6 6 0 0 0 0 000000 1
78a 6e2 000 000 6 6 0 0 0 0 000000 1
785 15e 000 000 6 6 0 0 0 0 000000 1
786 0ed 000 000 6 6 0 0 0 0 000000 1
780 183 000 000 4 4 0 0 0 0 000000 1
c28 02e 000 000 4 4 0 0 0 0 000000 1
d9b 02d 000 000 8 4 0 0 0 0 000000 1
b32 9a3 000 000 6 6 0 0 0 0 000000 1
732 4cb 000 000 6 6 0 0 0 0 000000 1
132 37b 000 000 4 8 0 0 0 0 000000 1
232 bce 000 000 4 8 0 0 0 0 000000 1
3b2 dfd 000 000 6 a 0 0 0 0 000000 1
372 7e0 000 000 6 6 0 0 0 0 000000 1
312 511 000 000 4 4 0 0 0 0 000000 1
322 292 000 000 4 4 0 0 0 0 000000 1
33a 857 000 000 6 6 0 0 0 0 000000 1
336 e58 000 000 6 6 0 0 0 0 000000 1
330 f36 000 000 4 8 0 0 0 0 000000 1
333 e85 000 000 6 6 0 0 0 0 000000 1
cf5 02b 000 000 8 4 0 0 0 0 000000 1
a5c 9a5 000 000 6 6 0 0 0 0 000000 1
65c 4cd 000 000 6 6 0 0 0 0 000000 1
05c 37d 000 000 4 8 0 0 0 0 000000 1
35c bc8 000 000 6 6 0 0 0 0 000000 1
2dc dfb 000 000 6 a 0 0 0 0 000000 1
21c 7e6 000 000 4 8 0 0 0 0 000000 1
27c 517 000 000 6 6 0 0 0 0 000000 1
24c 294 000 000 4 4 0 0 0 0 000000 1
254 851 000 000 4 4 0 0 0 0 000000 1
258 e5e 000 000 4 8 0 0 0 0 000000 1
25e f30 000 000 6 6 0 0 0 0 000000 1
25d e83 000 000 6 6 0 0 0 0 000000 1
bef 9a6 000 000 a 6 0 0 0 0 000000 1
7ef 4ce 000 000 a 6 0 0 0 0 000000 1
1ef 37e 000 000 8 8 0 0 0 0 000000 1
2ef bcb 000 000 8 8 0 0 0 0 000000 1
36f df8 000 000 8 8 0 0 0 0 000000 1
3af 7e5 000 000 8 8 0 0 0 0 000000 1
3cf 514 000 000 8 4 0 0 0 0 000000 1
3ff 297 000 000 a 6 0 0 0 0 000000 1
3e7 852 000 000 8 4 0 0 0 0 000000 1
3eb e5d 000 000 8 8 0 0 0 0 000000 1
3ed f33 000 000 8 8 0 0 0 0 000000 1
3ee e80 000 000 8 4 0 0 0 0 000000 1
146 d40 000 000 4 4 0 0 0 0 000000 1
746 af0 000 000 6 6 0 0 0 0 000000 1
446 245 000 000 4 4 0 0 0 0 000000 1
5c6 476 000 000 6 6 0 0 0 0 000000 1
506 e6b 000 000 4 8 0 0 0 0 000000 1
566 c9a 000 000 6 6 0 0 0 0 000000 1
556 b19 000 000 6 6 0 0 0 0 000000 1
54e 1dc 000 000 6 6 0 0 0 0 000000 1
542 7d3 000 000 4 8 0 0 0 0 000000 1
544 6bd 000 000 4 8 0 0 0 0 000000 1
547 70e 000 000 6 6 0 0 0 0 000000 1
b46 798 000 000 6 6 0 0 0 0 000000 1
846 f2d 000 000 4 8 0 0 0 0 000000 1
9c6 91e 000 000 6 6 0 0 0 0 000000 1
906 303 000 000 4 4 0 0 0 0 000000 1
966 1f2 000 000 6 6 0 0 0 0 000000 1
956 671 000 000 6 6 0 0 0 0 000000 1
94e cb4 000 000 6 6 0 0 0 0 000000 1
942 abb 000 000 4 8 0 0 0 0 000000 1
944 bd5 000 000 4 8 0 0 0 0 000000 1
947 a66 000 000 6 6 0 0 0 0 000000 1
e46 89d 000 000 6 6 0 0 0 0 000000 1
fc6 eae 000 000 8 8 0 0 0 0 000000 1
f06 4b3 000 000 6 6 0 0 0 0 000000 1
f66 642 000 000 8 4 0 0 0 0 000000 1
f56 1c1 000 000 8 4 0 0 0 0 000000 1
f4e b04 000 000 8 4 0 0 0 0 000000 1
f42 d0b 000 000 6 6 0 0 0 0 000000 1
f44 c65 000 000 6 6 0 0 0 0 000000 1
f47 dd6 000 000 8 8 0 0 0 0 000000 1
cc6 61b 000 000 6 6 0 0 0 0 000000 1
c06 c06 000 000 4 4 0 0 0 0 000000 1
c66 ef7 000 000 6 a 0 0 0 0 000000 1
c56 974 000 000 6 6 0 0 0 0 000000 1
c4e 3b1 000 000 6 6 0 0 0 0 000000 1
c42 5be 000 000 4 8 0 0 0 0 000000 1
c44 4d0 000 000 4 4 0 0 0 0 000000 1
c47 563 000 000 6 6 0 0 0 0 000000 1
d86 a35 000 000 6 6 0 0 0 0 000000 1
de6 8c4 000 000 8 4 0 0 0 0 000000 1
dd6 f47 000 000 8 8 0 0 0 0 000000 1
dce 582 000 000 8 4 0 0 0 0 000000 1
dc2 38d 000 000 6 6 0 0 0 0 000000 1
dc4 2e3 000 000 6 6 0 0 0 0 000000 1
dc7 350 000 000 8 4 0 0 0 0 000000 1
d26 2d9 000 000 6 6 0 0 0 0 000000 1
d16 55a 000 000 6 6 0 0 0 0 000000 1
d0e f9f 000 000 6 a 0 0 0 0 000000 1
d02 990 000 000 4 4 0 0 0 0 000000 1
d04 8fe 000 000 4 8 0 0 0 0 000000 1
d07 94d 000 000 6 6 0 0 0 0 000000 1
d76 7ab 000 000 8 8 0 0 0 0 000000 1
d6e d6e 000 000 8 8 0 0 0 0 000000 1
d62 b61 000 000 6 6 0 0 0 0 000000 1
d64 a0f 000 000 6 6 0 0 0 0 000000 1
d67 bbc 000 000 8 8 0 0 0 0 000000 1
d5e aed 000 000 8 8 0 0 0 0 000000 1
d52 ce2 000 000 6 6 0 0 0 0 000000 1
d54 d8c 000 000 6 6 0 0 0 0 000000 1
d57 c3f 000 000 8 8 0 0 0 0 000000 1
d4a 627 000 000 6 6 0 0 0 0 000000 1
d4c 749 000 000 6 6 0 0 0 0 000000 1
d4f 6fa 000 000 8 8 0 0 0 0 000000 1
d40 146 000 000 4 4 0 0 0 0 000000 1
d43 0f5 000 000 6 6 0 0 0 0 000000 1
d45 19b 000 000 6 6 0 0 0 0 000000 1
afa 027 000 000 8 4 0 0 0 0 000000 1
c53 9a9 000 000 6 6 0 0 0 0 000000 1
053 4c1 000 000 4 4 0 0 0 0 000000 1
653 371 000 000 6 6 0 0 0 0 000000 1
553 bc4 000 000 6 6 0 0 0 0 000000 1
4d3 df7 000 000 6 a 0 0 0 0 000000 1
413 7ea 000 000 4 8 0 0 0 0 000000 1
473 51b 000 000 6 6 0 0 0 0 000000 1
443 298 000 000 4 4 0 0 0 0 000000 1
45b 85d 000 000 6 6 0 0 0 0 000000 1
457 e52 000 000 6 6 0 0 0 0 000000 1
451 f3c 000 000 4 8 0 0 0 0 000000 1
452 e8f 000 000 4 8 0 0 0 0 000000 1
de0 9aa 000 000 6 6 0 0 0 0 000000 1
1e0 4c2 000 000 4 4 0 0 0 0 000000 1
7e0 372 000 000 6 6 0 0 0 0 000000 1
4e0 bc7 000 000 4 8 0 0 0 0 000000 1
560 df4 000 000 4 8 0 0 0 0 000000 1
5a0 7e9 000 000 4 8 0 0 0 0 000000 1
5c0 518 000 000 4 4 0 0 0 0 000000 1
5f0 29b 000 000 6 6 0 0 0 0 000000 1
5e8 85e 000 000 6 6 0 0 0 0 000000 1
5e4 e51 000 000 6 6 0 0 0 0 000000 1
5e2 f3f 000 000 6 a 0 0 0 0 000000 1
5e1 e8c 000 000 6 6 0 0 0 0 000000 1
749 d4c 000 000 6 6 0 0 0 0 000000 1
149 afc 000 000 4 8 0 0 0 0 000000 1
249 249 000 000 4 4 0 0 0 0 000000 1
3c9 47a 000 000 6 6 0 0 0 0 000000 1
309 e67 000 000 4 8 0 0 0 0 000000 1
369 c96 000 000 6 6 0 0 0 0 000000 1
359 b15 000 000 6 6 0 0 0 0 000000 1
341 1d0 000 000 4 4 0 0 0 0 000000 1
34d 7df 000 000 6 a 0 0 0 0 000000 1
34b 6b1 000 000 6 6 0 0 0 0 000000 1
348 702 000 000 4 4 0 0 0 0 000000 1
d49 794 000 000 6 6 0 0 0 0 000000 1
e49 f21 000 000 6 6 0 0 0 0 000000 1
fc9 912 000 000 8 4 0 0 0 0 000000 1
f09 30f 000 000 6 6 0 0 0 0 000000 1
f69 1fe 000 000 8 8 0 0 0 0 000000 1
f59 67d 000 000 8 8 0 0 0 0 000000 1
f41 cb8 000 000 6 6 0 0 0 0 000000 1
f4d ab7 000 000 8 8 0 0 0 0 000000 1
f4b bd9 000 000 8 8 0 0 0 0 000000 1
f48 a6a 000 000 6 6 0 0 0 0 000000 1
849 891 000 000 4 4 0 0 0 0 000000 1
9c9 ea2 000 000 6 6 0 0 0 0 000000 1
909 4bf 000 000 4 8 0 0 0 0 000000 1
969 64e 000 000 6 6 0 0 0 0 000000 1
959 1cd 000 000 6 6 0 0 0 0 000000 1
941 b08 000 000 4 4 0 0 0 0 000000 1
94d d07 000 000 6 6 0 0 0 0 000000 1
94b c69 000 000 6 6 0 0 0 0 000000 1
948 dda 000 000 4 8 0 0 0 0 000000 1
ac9 617 000 000 6 6 0 0 0 0 000000 1
a09 c0a 000 000 4 4 0 0 0 0 000000 1
a69 efb 000 000 6 a 0 0 0 0 000000 1
a59 978 000 000 6 6 0 0 0 0 000000 1
a41 3bd 000 000 4 8 0 0 0 0 000000 1
a4d 5b2 000 000 6 6 0 0 0 0 000000 1
a4b 4dc 000 000 6 6 0 0 0 0 000000 1
a48 56f 000 000 4 8 0 0 0 0 000000 1
b89 a39 000 000 6 6 0 0 0 0 000000 1
be9 8c8 000 000 8 4 0 0 0 0 000000 1
bd9 f4b 000 000 8 8 0 0 0 0 000000 1
bc1 58e 000 000 6 6 0 0 0 0 000000 1
bcd 381 000 000 8 4 0 0 0 0 000000 1
bcb 2ef 000 000 8 8 0 0 0 0 000000 1
bc8 35c 000 000 6 6 0 0 0 0 000000 1
b29 2d5 000 000 6 6 0 0 0 0 000000 1
b19 556 000 000 6 6 0 0 0 0 000000 1
b01 f93 000 000 4 8 0 0 0 0 000000 1
b0d 99c 000 000 6 6 0 0 0 0 000000 1
b0b 8f2 000 000 6 6 0 0 0 0 000000 1
b08 941 000 000 4 4 0 0 0 0 000000 1
b79 7a7 000 000 8 8 0 0 0 0 000000 1
b61 d62 000 000 6 6 0 0 0 0 000000 1
b6d b6d 000 000 8 8 0 0 0 0 000000 1
b6b a03 000 000 8 4 0 0 0 0 000000 1
b68 bb0 000 000 6 6 0 0 0 0 000000 1
b51 ae1 000 000 6 6 0 0 0 0 000000 1
b5d cee 000 000 8 8 0 0 0 0 000000 1
b5b d80 000 000 8 4 0 0 0 0 000000 1
b58 c33 000 000 6 6 0 0 0 0 000000 1
b45 62b 000 000 6 6 0 0 0 0 000000 1
b43 745 000 000 6 6 0 0 0 0 000000 1
b40 6f6 000 000 4 8 0 0 0 0 000000 1
b4f 14a 000 000 8 4 0 0 0 0 000000 1
b4c 0f9 000 000 6 6 0 0 0 0 000000 1
b4a 197 000 000 6 6 0 0 0 0 000000 1
c8e 9ac 000 000 6 6 0 0 0 0 000000 1
08e 4c4 000 000 4 4 0 0 0 0 000000 1
68e 374 000 000 6 6 0 0 0 0 000000 1
58e bc1 000 000 6 6 0 0 0 0 000000 1
40e df2 000 000 4 8 0 0 0 0 000000 1
4ce 7ef 000 000 6 a 0 0 0 0 000000 1
4ae 51e 000 000 6 6 0 0 0 0 000000 1
49e 29d 000 000 6 6 0 0 0 0 000000 1
486 858 000 000 4 4 0 0 0 0 000000 1
48a e57 000 000 4 8 0 0 0 0 000000 1
48c f39 000 000 4 8 0 0 0 0 000000 1
48f e8a 000 000 6 6 0 0 0 0 000000 1
627 d4a 000 000 6 6 0 0 0 0 000000 1
027 afa 000 000 4 8 0 0 0 0 000000 1
327 24f 000 000 6 6 0 0 0 0 000000 1
2a7 47c 000 000 6 6 0 0 0 0 000000 1
267 e61 000 000 6 6 0 0 0 0 000000 1
207 c90 000 000 4 4 0 0 0 0 000000 1
237 b13 000 000 6 6 0 0 0 0 000000 1
22f 1d6 000 000 6 6 0 0 0 0 000000 1
223 7d9 000 000 4 8 0 0 0 0 000000 1
225 6b7 000 000 4 8 0 0 0 0 000000 1
226 704 000 000 4 4 0 0 0 0 000000 1
c27 792 000 000 6 6 0 0 0 0 000000 1
f27 f27 000 000 8 8 0 0 0 0 000000 1
ea7 914 000 000 8 4 0 0 0 0 000000 1
e67 309 000 000 8 4 0 0 0 0 000000 1
e07 1f8 000 000 6 6 0 0 0 0 000000 1
e37 67b 000 000 8 8 0 0 0 0 000000 1
e2f cbe 000 000 8 8 0 0 0 0 000000 1
e23 ab1 000 000 6 6 0 0 0 0 000000 1
e25 bdf 000 000 6 a 0 0 0 0 000000 1
e26 a6c 000 000 6 6 0 0 0 0 000000 1
927 897 000 000 6 6 0 0 0 0 000000 1
8a7 ea4 000 000 6 6 0 0 0 0 000000 1
867 4b9 000 000 6 6 0 0 0 0 000000 1
807 648 000 000 4 4 0 0 0 0 000000 1
837 1cb 000 000 6 6 0 0 0 0 000000 1
82f b0e 000 000 6 6 0 0 0 0 000000 1
823 d01 000 000 4 4 0 0 0 0 000000 1
825 c6f 000 000 4 8 0 0 0 0 000000 1
826 ddc 000 000 4 8 0 0 0 0 000000 1
ba7 611 000 000 8 4 0 0 0 0 000000 1
b67 c0c 000 000 8 4 0 0 0 0 000000 1
b07 efd 000 000 6 a 0 0 0 0 000000 1
b37 97e 000 000 8 8 0 0 0 0 000000 1
b2f 3bb 000 000 8 8 0 0 0 0 000000 1
b23 5b4 000 000 6 6 0 0 0 0 000000 1
b25 4da 000 000 6 6 0 0 0 0 000000 1
b26 569 000 000 6 6 0 0 0 0 000000 1
ae7 a3f 000 000 8 8 0 0 0 0 000000 1
a87 8ce 000 000 6 6 0 0 0 0 000000 1
ab7 f4d 000 000 8 8 0 0 0 0 000000 1
aaf 588 000 000 8 4 0 0 0 0 000000 1
aa3 387 000 000 6 6 0 0 0 0 000000 1
aa5 2e9 000 000 6 6 0 0 0 0 000000 1
aa6 35a 000 000 6 6 0 0 0 0 000000 1
a47 2d3 000 000 6 6 0 0 0 0 000000 1
a77 550 000 000 8 4 0 0 0 0 000000 1
a6f f95 000 000 8 8 0 0 0 0 000000 1
a63 99a 000 000 6 6 0 0 0 0 000000 1
a65 8f4 000 000 6 6 0 0 0 0 000000 1
a66 947 000 000 6 6 0 0 0 0 000000 1
a17 7a1 000 000 6 6 0 0 0 0 000000 1
a0f d64 000 000 6 6 0 0 0 0 000000 1
a03 b6b 000 000 4 8 0 0 0 0 000000 1
a05 a05 000 000 4 4 0 0 0 0 000000 1
a06 bb6 000 000 4 8 0 0 0 0 000000 1
a3f ae7 000 000 8 8 0 0 0 0 000000 1
a33 ce8 000 000 6 6 0 0 0 0 000000 1
a35 d86 000 000 6 6 0 0 0 0 000000 1
a36 c35 000 000 6 6 0 0 0 0 000000 1
a2b 62d 000 000 6 6 0 0 0 0 000000 1
a2d 743 000 000 6 6 0 0 0 0 000000 1
a2e 6f0 000 000 6 6 0 0 0 0 000000 1
a21 14c 000 000 4 4 0 0 0 0 000000 1
a22 0ff 000 000 4 8 0 0 0 0 000000 1
a24 191 000 000 4 4 0 0 0 0 000000 1
794 d49 000 000 6 6 0 0 0 0 000000 1
194 af9 000 000 4 8 0 0 0 0 000000 1
294 24c 000 000 4 4 0 0 0 0 000000 1
314 47f 000 000 4 8 0 0 0 0 000000 1
3d4 e62 000 000 6 6 0 0 0 0 000000 1
3b4 c93 000 000 6 6 0 0 0 0 000000 1
384 b10 000 000 4 4 0 0 0 0 000000 1
39c 1d5 000 000 6 6 0 0 0 0 000000 1
390 7da 000 000 4 8 0 0 0 0 000000 1
396 6b4 000 000 6 6 0 0 0 0 000000 1
395 707 000 000 6 6 0 0 0 0 000000 1
d94 791 000 000 6 6 0 0 0 0 000000 1
e94 f24 000 000 6 6 0 0 0 0 000000 1
f14 917 000 000 6 6 0 0 0 0 000000 1
fd4 30a 000 000 8 4 0 0 0 0 000000 1
fb4 1fb 000 000 8 8 0 0 0 0 000000 1
f84 678 000 000 6 6 0 0 0 0 000000 1
f9c cbd 000 000 8 8 0 0 0 0 000000 1
f90 ab2 000 000 6 6 0 0 0 0 000000 1
f96 bdc 000 000 8 8 0 0 0 0 000000 1
f95 a6f 000 000 8 8 0 0 0 0 000000 1
894 894 000 000 4 4 0 0 0 0 000000 1
914 ea7 000 000 4 8 0 0 0 0 000000 1
9d4 4ba 000 000 6 6 0 0 0 0 000000 1
9b4 64b 000 000 6 6 0 0 0 0 000000 1
984 1c8 000 000 4 4 0 0 0 0 000000 1
99c b0d 000 000 6 6 0 0 0 0 000000 1
990 d02 000 000 4 4 0 0 0 0 000000 1
996 c6c 000 000 6 6 0 0 0 0 000000 1
995 ddf 000 000 6 a 0 0 0 0 000000 1
a14 612 000 000 4 4 0 0 0 0 000000 1
ad4 c0f 000 000 6 6 0 0 0 0 000000 1
ab4 efe 000 000 6 a 0 0 0 0 000000 1
a84 97d 000 000 4 8 0 0 0 0 000000 1
a9c 3b8 000 000 6 6 0 0 0 0 000000 1
a90 5b7 000 000 4 8 0 0 0 0 000000 1
a96 4d9 000 000 6 6 0 0 0 0 000000 1
a95 56a 000 000 6 6 0 0 0 0 000000 1
b54 a3c 000 000 6 6 0 0 0 0 000000 1
b34 8cd 000 000 6 6 0 0 0 0 000000 1
b04 f4e 000 000 4 8 0 0 0 0 000000 1
b1c 58b 000 000 6 6 0 0 0 0 000000 1
b10 384 000 000 4 4 0 0 0 0 000000 1
b16 2ea 000 000 6 6 0 0 0 0 000000 1
b15 359 000 000 6 6 0 0 0 0 000000 1
bf4 2d0 000 000 8 4 0 0 0 0 000000 1
bc4 553 000 000 6 6 0 0 0 0 000000 1
bdc f96 000 000 8 8 0 0 0 0 000000 1
bd0 999 000 000 6 6 0 0 0 0 000000 1
bd6 8f7 000 000 8 8 0 0 0 0 000000 1
bd5 944 000 000 8 4 0 0 0 0 000000 1
ba4 7a2 000 000 6 6 0 0 0 0 000000 1
bbc d67 000 000 8 8 0 0 0 0 000000 1
bb0 b68 000 000 6 6 0 0 0 0 000000 1
bb6 a06 000 000 8 4 0 0 0 0 000000 1
bb5 bb5 000 000 8 8 0 0 0 0 000000 1
b8c ae4 000 000 6 6 0 0 0 0 000000 1
b80 ceb 000 000 4 8 0 0 0 0 000000 1
b86 d85 000 000 6 6 0 0 0 0 000000 1
b85 c36 000 000 6 6 0 0 0 0 000000 1
b98 62e 000 000 6 6 0 0 0 0 000000 1
b9e 740 000 000 8 4 0 0 0 0 000000 1
b9d 6f3 000 000 8 8 0 0 0 0 000000 1
b92 14f 000 000 6 6 0 0 0 0 000000 1
b91 0fc 000 000 6 6 0 0 0 0 000000 1
b97 192 000 000 8 4 0 0 0 0 000000 1
b3d e1f 000 000 8 8 0 0 0 0 000000 1
83d 6aa 000 000 6 6 0 0 0 0 000000 1
9bd 099 000 000 8 4 0 0 0 0 000000 1
97d a84 000 000 8 4 0 0 0 0 000000 1
91d 875 000 000 6 6 0 0 0 0 000000 1
92d ff6 000 000 6 a 0 0 0 0 000000 1
935 533 000 000 6 6 0 0 0 0 000000 1
939 33c 000 000 6 6 0 0 0 0 000000 1
93f 252 000 000 8 4 0 0 0 0 000000 1
93c 3e1 000 000 6 6 0 0 0 0 000000 1
e3d 11a 000 000 8 4 0 0 0 0 000000 1
fbd 729 000 000 a 6 0 0 0 0 000000 1
f7d d34 000 000 a 6 0 0 0 0 000000 1
f1d fc5 000 000 8 8 0 0 0 0 000000 1
f2d 846 000 000 8 4 0 0 0 0 000000 1
f35 283 000 000 8 4 0 0 0 0 000000 1
f39 48c 000 000 8 4 0 0 0 0 000000 1
f3f 5e2 000 000 a 6 0 0 0 0 000000 1
f3c 451 000 000 8 4 0 0 0 0 000000 1
cbd f9c 000 000 8 8 0 0 0 0 000000 1
c7d 581 000 000 8 4 0 0 0 0 000000 1
c1d 770 000 000 6 6 0 0 0 0 000000 1
c2d 0f3 000 000 6 6 0 0 0 0 000000 1
c35 a36 000 000 6 6 0 0 0 0 000000 1
c39 c39 000 000 6 6 0 0 0 0 000000 1
c3f d57 000 000 8 8 0 0 0 0 000000 1
c3c ce4 000 000 6 6 0 0 0 0 000000 1
dfd 3b2 000 000 a 6 0 0 0 0 000000 1
d9d 143 000 000 8 4 0 0 0 0 000000 1
dad 6c0 000 000 8 4 0 0 0 0 000000 1
db5 c05 000 000 8 4 0 0 0 0 000000 1
db9 a0a 000 000 8 4 0 0 0 0 000000 1
dbf b64 000 000 a 6 0 0 0 0 000000 1
dbc ad7 000 000 8 8 0 0 0 0 000000 1
d5d b5e 000 000 8 8 0 0 0 0 000000 1
d6d cdd 000 000 8 8 0 0 0 0 000000 1
d75 618 000 000 8 4 0 0 0 0 000000 1
d79 017 000 000 8 4 0 0 0 0 000000 1
d7f 179 000 000 a 6 0 0 0 0 000000 1
d7c 0ca 000 000 8 4 0 0 0 0 000000 1
d0d e2c 000 000 6 6 0 0 0 0 000000 1
d15 4e9 000 000 6 6 0 0 0 0 000000 1
d19 2e6 000 000 6 6 0 0 0 0 000000 1
d1f 388 000 000 8 4 0 0 0 0 000000 1
d1c 23b 000 000 6 6 0 0 0 0 000000 1
d25 36a 000 000 6 6 0 0 0 0 000000 1
d29 565 000 000 6 6 0 0 0 0 000000 1
d2f 40b 000 000 8 4 0 0 0 0 000000 1
d2c 5b8 000 000 6 6 0 0 0 0 000000 1
d31 fa0 000 000 6 6 0 0 0 0 000000 1
d37 ece 000 000 8 8 0 0 0 0 000000 1
d34 f7d 000 000 6 a 0 0 0 0 000000 1
d3b 8c1 000 000 8 4 0 0 0 0 000000 1
d38 972 000 000 6 6 0 0 0 0 000000 1
d3e 81c 000 000 8 4 0 0 0 0 000000 1
23d c72 000 000 6 6 0 0 0 0 000000 1
3bd a41 000 000 8 4 0 0 0 0 000000 1
37d 05c 000 000 8 4 0 0 0 0 000000 1
31d 2ad 000 000 6 6 0 0 0 0 000000 1
32d 52e 000 000 6 6 0 0 0 0 000000 1
335 feb 000 000 6 a 0 0 0 0 000000 1
339 9e4 000 000 6 6 0 0 0 0 000000 1
33f 88a 000 000 8 4 0 0 0 0 000000 1
33c 939 000 000 6 6 0 0 0 0 000000 1
0bd 2f4 000 000 6 6 0 0 0 0 000000 1
07d 8e9 000 000 6 6 0 0 0 0 000000 1
01d a18 000 000 4 4 0 0 0 0 000000 1
02d d9b 000 000 4 8 0 0 0 0 000000 1
035 75e 000 000 4 8 0 0 0 0 000000 1
039 151 000 000 4 4 0 0 0 0 000000 1
03f 03f 000 000 6 6 0 0 0 0 000000 1
03c 18c 000 000 4 4 0 0 0 0 000000 1
1fd eda 000 000 8 8 0 0 0 0 000000 1
19d c2b 000 000 6 6 0 0 0 0 000000 1
1ad ba8 000 000 6 6 0 0 0 0 000000 1
1b5 16d 000 000 6 6 0 0 0 0 000000 1
1b9 762 000 000 6 6 0 0 0 0 000000 1
1bf 60c 000 000 8 4 0 0 0 0 000000 1
1bc 7bf 000 000 6 a 0 0 0 0 000000 1
15d 636 000 000 6 6 0 0 0 0 000000 1
16d 1b5 000 000 6 6 0 0 0 0 000000 1
175 b70 000 000 6 6 0 0 0 0 000000 1
179 d7f 000 000 6 a 0 0 0 0 000000 1
17f c11 000 000 8 4 0 0 0 0 000000 1
17c da2 000 000 6 6 0 0 0 0 000000 1
10d 344 000 000 4 4 0 0 0 0 000000 1
115 981 000 000 4 4 0 0 0 0 000000 1
119 f8e 000 000 4 8 0 0 0 0 000000 1
11f ee0 000 000 6 6 0 0 0 0 000000 1
11c f53 000 000 4 8 0 0 0 0 000000 1
125 e02 000 000 4 4 0 0 0 0 000000 1
129 80d 000 000 4 4 0 0 0 0 000000 1
12f 963 000 000 6 6 0 0 0 0 000000 1
12c 8d0 000 000 4 4 0 0 0 0 000000 1
131 2c8 000 000 4 4 0 0 0 0 000000 1
137 3a6 000 000 6 6 0 0 0 0 000000 1
134 215 000 000 4 4 0 0 0 0 000000 1
13b 5a9 000 000 6 6 0 0 0 0 000000 1
138 41a 000 000 4 4 0 0 0 0 000000 1
13e 574 000 000 6 6 0 0 0 0 000000 1
6bd 544 000 000 8 4 0 0 0 0 000000 1
67d f59 000 000 8 8 0 0 0 0 000000 1
61d da8 000 000 6 6 0 0 0 0 000000 1
62d a2b 000 000 6 6 0 0 0 0 000000 1
635 0ee 000 000 6 6 0 0 0 0 000000 1
639 6e1 000 000 6 6 0 0 0 0 000000 1
63f 78f 000 000 8 8 0 0 0 0 000000 1
63c 63c 000 000 6 6 0 0 0 0 000000 1
7fd 96a 000 000 a 6 0 0 0 0 000000 1
79d b9b 000 000 8 8 0 0 0 0 000000 1
7ad c18 000 000 8 4 0 0 0 0 000000 1
7b5 6dd 000 000 8 8 0 0 0 0 000000 1
7b9 0d2 000 000 8 4 0 0 0 0 000000 1
7bf 1bc 000 000 a 6 0 0 0 0 000000 1
7bc 00f 000 000 8 4 0 0 0 0 000000 1
75d 186 000 000 8 4 0 0 0 0 000000 1
76d 605 000 000 8 4 0 0 0 0 000000 1
775 cc0 000 000 8 4 0 0 0 0 000000 1
779 acf 000 000 8 8 0 0 0 0 000000 1
77f ba1 000 000 a 6 0 0 0 0 000000 1
77c a12 000 000 8 4 0 0 0 0 000000 1
70d 4f4 000 000 6 6 0 0 0 0 000000 1
715 e31 000 000 6 6 0 0 0 0 000000 1
719 83e 000 000 6 6 0 0 0 0 000000 1
71f 950 000 000 8 4 0 0 0 0 000000 1
71c 8e3 000 000 6 6 0 0 0 0 000000 1
725 9b2 000 000 6 6 0 0 0 0 000000 1
729 fbd 000 000 6 a 0 0 0 0 000000 1
72f ed3 000 000 8 8 0 0 0 0 000000 1
72c f60 000 000 6 6 0 0 0 0 000000 1
731 578 000 000 6 6 0 0 0 0 000000 1
737 416 000 000 8 4 0 0 0 0 000000 1
734 5a5 000 000 6 6 0 0 0 0 000000 1
73b 219 000 000 8 4 0 0 0 0 000000 1
738 3aa 000 000 6 6 0 0 0 0 000000 1
73e 2c4 000 000 8 4 0 0 0 0 000000 1
4fd 1df 000 000 8 8 0 0 0 0 000000 1
49d 32e 000 000 6 6 0 0 0 0 000000 1
4ad 4ad 000 000 6 6 0 0 0 0 000000 1
4b5 e68 000 000 6 6 0 0 0 0 000000 1
4b9 867 000 000 6 6 0 0 0 0 000000 1
4bf 909 000 000 8 4 0 0 0 0 000000 1
4bc 8ba 000 000 6 6 0 0 0 0 000000 1
45d 933 000 000 6 6 0 0 0 0 000000 1
46d eb0 000 000 6 6 0 0 0 0 000000 1
475 475 000 000 6 6 0 0 0 0 000000 1
479 27a 000 000 6 6 0 0 0 0 000000 1
47f 314 000 000 8 4 0 0 0 0 000000 1
47c 2a7 000 000 6 6 0 0 0 0 000000 1
40d c41 000 000 4 4 0 0 0 0 000000 1
415 684 000 000 4 4 0 0 0 0 000000 1
419 08b 000 000 4 4 0 0 0 0 000000 1
41f 1e5 000 000 6 6 0 0 0 0 000000 1
41c 056 000 000 4 4 0 0 0 0 000000 1
425 107 000 000 4 4 0 0 0 0 000000 1
429 708 000 000 4 4 0 0 0 0 000000 1
42f 666 000 000 6 6 0 0 0 0 000000 1
42c 7d5 000 000 4 8 0 0 0 0 000000 1
431 dcd 000 000 4 8 0 0 0 0 000000 1
437 ca3 000 000 6 6 0 0 0 0 000000 1
434 d10 000 000 4 4 0 0 0 0 000000 1
43b aac 000 000 6 6 0 0 0 0 000000 1
438 b1f 000 000 4 8 0 0 0 0 000000 1
43e a71 000 000 6 6 0 0 0 0 000000 1
5dd f00 000 000 8 4 0 0 0 0 000000 1
5ed 883 000 000 8 4 0 0 0 0 000000 1
5f5 246 000 000 8 4 0 0 0 0 000000 1
5f9 449 000 000 8 4 0 0 0 0 000000 1
5ff 527 000 000 a 6 0 0 0 0 000000 1
5fc 494 000 000 8 4 0 0 0 0 000000 1
58d a72 000 000 6 6 0 0 0 0 000000 1
595 0b7 000 000 6 6 0 0 0 0 000000 1
599 6b8 000 000 6 6 0 0 0 0 000000 1
59f 7d6 000 000 8 8 0 0 0 0 000000 1
59c 665 000 000 6 6 0 0 0 0 000000 1
5a5 734 000 000 6 6 0 0 0 0 000000 1
5a9 13b 000 000 6 6 0 0 0 0 000000 1
5af 055 000 000 8 4 0 0 0 0 000000 1
5ac 1e6 000 000 6 6 0 0 0 0 000000 1
5b1 bfe 000 000 6 a 0 0 0 0 000000 1
5b7 a90 000 000 8 4 0 0 0 0 000000 1
5b4 b23 000 000 6 6 0 0 0 0 000000 1
5bb c9f 000 000 8 8 0 0 0 0 000000 1
5b8 d2c 000 000 6 6 0 0 0 0 000000 1
5be c42 000 000 8 4 0 0 0 0 000000 1
54d 06f 000 000 6 6 0 0 0 0 000000 1
555 aaa 000 000 6 6 0 0 0 0 000000 1
559 ca5 000 000 6 6 0 0 0 0 000000 1
55f dcb 000 000 8 8 0 0 0 0 000000 1
55c c78 000 000 6 6 0 0 0 0 000000 1
565 d29 000 000 6 6 0 0 0 0 000000 1
569 b26 000 000 6 6 0 0 0 0 000000 1
56f a48 000 000 8 4 0 0 0 0 000000 1
56c bfb 000 000 6 a 0 0 0 0 000000 1
571 1e3 000 000 6 6 0 0 0 0 000000 1
577 08d 000 000 8 4 0 0 0 0 000000 1
574 13e 000 000 6 6 0 0 0 0 000000 1
57b 682 000 000 8 4 0 0 0 0 000000 1
578 731 000 000 6 6 0 0 0 0 000000 1
57e 65f 000 000 8 8 0 0 0 0 000000 1
505 fd8 000 000 4 8 0 0 0 0 000000 1
509 9d7 000 000 4 8 0 0 0 0 000000 1
50f 8b9 000 000 6 6 0 0 0 0 000000 1
50c 90a 000 000 4 4 0 0 0 0 000000 1
511 312 000 000 4 4 0 0 0 0 000000 1
517 27c 000 000 6 6 0 0 0 0 000000 1
514 3cf 000 000 4 8 0 0 0 0 000000 1
51b 473 000 000 6 6 0 0 0 0 000000 1
518 5c0 000 000 4 4 0 0 0 0 000000 1
51e 4ae 000 000 6 6 0 0 0 0 000000 1
521 491 000 000 4 4 0 0 0 0 000000 1
527 5ff 000 000 6 a 0 0 0 0 000000 1
524 44c 000 000 4 4 0 0 0 0 000000 1
52b 3f0 000 000 6 6 0 0 0 0 000000 1
528 243 000 000 4 4 0 0 0 0 000000 1
52e 32d 000 000 6 6 0 0 0 0 000000 1
533 935 000 000 6 6 0 0 0 0 000000 1
530 886 000 000 4 4 0 0 0 0 000000 1
536 9e8 000 000 6 6 0 0 0 0 000000 1
53a fe7 000 000 6 a 0 0 0 0 000000 1
bab 01e 000 000 8 4 0 0 0 0 000000 1
a18 01d 000 000 4 4 0 0 0 0 000000 1
cb1 993 000 000 6 6 0 0 0 0 000000 1
0b1 4fb 000 000 4 8 0 0 0 0 000000 1
6b1 34b 000 000 6 6 0 0 0 0 000000 1
5b1 bfe 000 000 6 a 0 0 0 0 000000 1
431 dcd 000 000 4 8 0 0 0 0 000000 1
4f1 7d0 000 000 6 6 0 0 0 0 000000 1
491 521 000 000 4 4 0 0 0 0 000000 1
4a1 2a2 000 000 4 4 0 0 0 0 000000 1
4b9 867 000 000 6 6 0 0 0 0 000000 1
4b5 e68 000 000 6 6 0 0 0 0 000000 1
4b3 f06 000 000 6 6 0 0 0 0 000000 1
4b0 eb5 000 000 4 8 0 0 0 0 000000 1
b76 01b 000 000 8 4 0 0 0 0 000000 1
ddf 995 000 000 a 6 0 0 0 0 000000 1
1df 4fd 000 000 8 8 0 0 0 0 000000 1
7df 34d 000 000 a 6 0 0 0 0 000000 1
4df bf8 000 000 8 8 0 0 0 0 000000 1
55f dcb 000 000 8 8 0 0 0 0 000000 1
59f 7d6 000 000 8 8 0 0 0 0 000000 1
5ff 527 000 000 a 6 0 0 0 0 000000 1
5cf 2a4 000 000 8 4 0 0 0 0 000000 1
5d7 861 000 000 8 4 0 0 0 0 000000 1
5db e6e 000 000 8 8 0 0 0 0 000000 1
5dd f00 000 000 8 4 0 0 0 0 000000 1
5de eb3 000 000 8 8 0 0 0 0 000000 1
c6c 996 000 000 6 6 0 0 0 0 000000 1
06c 4fe 000 000 4 8 0 0 0 0 000000 1
66c 34e 000 000 6 6 0 0 0 0 000000 1
56c bfb 000 000 6 a 0 0 0 0 000000 1
4ec dc8 000 000 6 6 0 0 0 0 000000 1
42c 7d5 000 000 4 8 0 0 0 0 000000 1
44c 524 000 000 4 4 0 0 0 0 000000 1
47c 2a7 000 000 6 6 0 0 0 0 000000 1
464 862 000 000 4 4 0 0 0 0 000000 1
468 e6d 000 000 4 8 0 0 0 0 000000 1
46e f03 000 000 6 6 0 0 0 0 000000 1
46d eb0 000 000 6 6 0 0 0 0 000000 1
6c5 d70 000 000 6 6 0 0 0 0 000000 1
0c5 ac0 000 000 4 4 0 0 0 0 000000 1
3c5 275 000 000 6 6 0 0 0 0 000000 1
245 446 000 000 4 4 0 0 0 0 000000 1
285 e5b 000 000 4 8 0 0 0 0 000000 1
2e5 caa 000 000 6 6 0 0 0 0 000000 1
2d5 b29 000 000 6 6 0 0 0 0 000000 1
2cd 1ec 000 000 6 6 0 0 0 0 000000 1
2c1 7e3 000 000 4 8 0 0 0 0 000000 1
2c7 68d 000 000 6 6 0 0 0 0 000000 1
2c4 73e 000 000 4 8 0 0 0 0 000000 1
cc5 7a8 000 000 6 6 0 0 0 0 000000 1
fc5 f1d 000 000 8 8 0 0 0 0 000000 1
e45 92e 000 000 6 6 0 0 0 0 000000 1
e85 333 000 000 6 6 0 0 0 0 000000 1
ee5 1c2 000 000 8 4 0 0 0 0 000000 1
ed5 641 000 000 8 4 0 0 0 0 000000 1
ecd c84 000 000 8 4 0 0 0 0 000000 1
ec1 a8b 000 000 6 6 0 0 0 0 000000 1
ec7 be5 000 000 8 8 0 0 0 0 000000 1
ec4 a56 000 000 6 6 0 0 0 0 000000 1
9c5 8ad 000 000 6 6 0 0 0 0 000000 1
845 e9e 000 000 4 8 0 0 0 0 000000 1
885 483 000 000 4 4 0 0 0 0 000000 1
8e5 672 000 000 6 6 0 0 0 0 000000 1
8d5 1f1 000 000 6 6 0 0 0 0 000000 1
8cd b34 000 000 6 6 0 0 0 0 000000 1
8c1 d3b 000 000 4 8 0 0 0 0 000000 1
8c7 c55 000 000 6 6 0 0 0 0 000000 1
8c4 de6 000 000 4 8 0 0 0 0 000000 1
b45 62b 000 000 6 6 0 0 0 0 000000 1
b85 c36 000 000 6 6 0 0 0 0 000000 1
be5 ec7 000 000 8 8 0 0 0 0 000000 1
bd5 944 000 000 8 4 0 0 0 0 000000 1
bcd 381 000 000 8 4 0 0 0 0 000000 1
bc1 58e 000 000 6 6 0 0 0 0 000000 1
bc7 4e0 000 000 8 4 0 0 0 0 000000 1
bc4 553 000 000 6 6 0 0 0 0 000000 1
a05 a05 000 000 4 4 0 0 0 0 000000 1
a65 8f4 000 000 6 6 0 0 0 0 000000 1
a55 f77 000 000 6 a 0 0 0 0 000000 1
a4d 5b2 000 000 6 6 0 0 0 0 000000 1
a41 3bd 000 000 4 8 0 0 0 0 000000 1
a47 2d3 000 000 6 6 0 0 0 0 000000 1
a44 360 000 000 4 4 0 0 0 0 000000 1
aa5 2e9 000 000 6 6 0 0 0 0 000000 1
a95 56a 000 000 6 6 0 0 0 0 000000 1
a8d faf 000 000 6 a 0 0 0 0 000000 1
a81 9a0 000 000 4 4 0 0 0 0 000000 1
a87 8ce 000 000 6 6 0 0 0 0 000000 1
a84 97d 000 000 4 8 0 0 0 0 000000 1
af5 79b 000 000 8 8 0 0 0 0 000000 1
aed d5e 000 000 8 8 0 0 0 0 000000 1
ae1 b51 000 000 6 6 0 0 0 0 000000 1
ae7 a3f 000 000 8 8 0 0 0 0 000000 1
ae4 b8c 000 000 6 6 0 0 0 0 000000 1
add add 000 000 8 8 0 0 0 0 000000 1
ad1 cd2 000 000 6 6 0 0 0 0 000000 1
ad7 dbc 000 000 8 8 0 0 0 0 000000 1
ad4 c0f 000 000 6 6 0 0 0 0 000000 1
ac9 617 000 000 6 6 0 0 0 0 000000 1
acf 779 000 000 8 8 0 0 0 0 000000 1
acc 6ca 000 000 6 6 0 0 0 0 000000 1
ac3 176 000 000 6 6 0 0 0 0 000000 1
ac0 0c5 000 000 4 4 0 0 0 0 000000 1
ac6 1ab 000 000 6 6 0 0 0 0 000000 1
d79 017 000 000 8 4 0 0 0 0 000000 1
bd0 999 000 000 6 6 0 0 0 0 000000 1
7d0 4f1 000 000 6 6 0 0 0 0 000000 1
1d0 341 000 000 4 4 0 0 0 0 000000 1
2d0 bf4 000 000 4 8 0 0 0 0 000000 1
350 dc7 000 000 4 8 0 0 0 0 000000 1
390 7da 000 000 4 8 0 0 0 0 000000 1
3f0 52b 000 000 6 6 0 0 0 0 000000 1
3c0 2a8 000 000 4 4 0 0 0 0 000000 1
3d8 86d 000 000 6 6 0 0 0 0 000000 1
3d4 e62 000 000 6 6 0 0 0 0 000000 1
3d2 f0c 000 000 6 6 0 0 0 0 000000 1
3d1 ebf 000 000 6 a 0 0 0 0 000000 1
a63 99a 000 000 6 6 0 0 0 0 000000 1
663 4f2 000 000 6 6 0 0 0 0 000000 1
063 342 000 000 4 4 0 0 0 0 000000 1
363 bf7 000 000 6 a 0 0 0 0 000000 1
2e3 dc4 000 000 6 6 0 0 0 0 000000 1
223 7d9 000 000 4 8 0 0 0 0 000000 1
243 528 000 000 4 4 0 0 0 0 000000 1
273 2ab 000 000 6 6 0 0 0 0 000000 1
26b 86e 000 000 6 6 0 0 0 0 000000 1
267 e61 000 000 6 6 0 0 0 0 000000 1
261 f0f 000 000 4 8 0 0 0 0 000000 1
262 ebc 000 000 4 8 0 0 0 0 000000 1
0ca d7c 000 000 4 8 0 0 0 0 000000 1
6ca acc 000 000 6 6 0 0 0 0 000000 1
5ca 279 000 000 6 6 0 0 0 0 000000 1
44a 44a 000 000 4 4 0 0 0 0 000000 1
48a e57 000 000 4 8 0 0 0 0 000000 1
4ea ca6 000 000 6 6 0 0 0 0 000000 1
4da b25 000 000 6 6 0 0 0 0 000000 1
4c2 1e0 000 000 4 4 0 0 0 0 000000 1
4ce 7ef 000 000 6 a 0 0 0 0 000000 1
4c8 681 000 000 4 4 0 0 0 0 000000 1
4cb 732 000 000 6 6 0 0 0 0 000000 1
aca 7a4 000 000 6 6 0 0 0 0 000000 1
9ca f11 000 000 6 6 0 0 0 0 000000 1
84a 922 000 000 4 4 0 0 0 0 000000 1
88a 33f 000 000 4 8 0 0 0 0 000000 1
8ea 1ce 000 000 6 6 0 0 0 0 000000 1
8da 64d 000 000 6 6 0 0 0 0 000000 1
8c2 c88 000 000 4 4 0 0 0 0 000000 1
8ce a87 000 000 6 6 0 0 0 0 000000 1
8c8 be9 000 000 4 8 0 0 0 0 000000 1
8cb a5a 000 000 6 6 0 0 0 0 000000 1
fca 8a1 000 000 8 4 0 0 0 0 000000 1
e4a e92 000 000 6 6 0 0 0 0 000000 1
e8a 48f 000 000 6 6 0 0 0 0 000000 1
eea 67e 000 000 8 8 0 0 0 0 000000 1
eda 1fd 000 000 8 8 0 0 0 0 000000 1
ec2 b38 000 000 6 6 0 0 0 0 000000 1
ece d37 000 000 8 8 0 0 0 0 000000 1
ec8 c59 000 000 6 6 0 0 0 0 000000 1
ecb dea 000 000 8 8 0 0 0 0 000000 1
d4a 627 000 000 6 6 0 0 0 0 000000 1
d8a c3a 000 000 6 6 0 0 0 0 000000 1
dea ecb 000 000 8 8 0 0 0 0 000000 1
dda 948 000 000 8 4 0 0 0 0 000000 1
dc2 38d 000 000 6 6 0 0 0 0 000000 1
dce 582 000 000 8 4 0 0 0 0 000000 1
dc8 4ec 000 000 6 6 0 0 0 0 000000 1
dcb 55f 000 000 8 8 0 0 0 0 000000 1
c0a a09 000 000 4 4 0 0 0 0 000000 1
c6a 8f8 000 000 6 6 0 0 0 0 000000 1
c5a f7b 000 000 6 a 0 0 0 0 000000 1
c42 5be 000 000 4 8 0 0 0 0 000000 1
c4e 3b1 000 000 6 6 0 0 0 0 000000 1
c48 2df 000 000 4 8 0 0 0 0 000000 1
c4b 36c 000 000 6 6 0 0 0 0 000000 1
caa 2e5 000 000 6 6 0 0 0 0 000000 1
c9a 566 000 000 6 6 0 0 0 0 000000 1
c82 fa3 000 000 4 8 0 0 0 0 000000 1
c8e 9ac 000 000 6 6 0 0 0 0 000000 1
c88 8c2 000 000 4 4 0 0 0 0 000000 1
c8b 971 000 000 6 6 0 0 0 0 000000 1
cfa 797 000 000 8 8 0 0 0 0 000000 1
ce2 d52 000 000 6 6 0 0 0 0 000000 1
cee b5d 000 000 8 8 0 0 0 0 000000 1
ce8 a33 000 000 6 6 0 0 0 0 000000 1
ceb b80 000 000 8 4 0 0 0 0 000000 1
cd2 ad1 000 000 6 6 0 0 0 0 000000 1
cde cde 000 000 8 8 0 0 0 0 000000 1
cd8 db0 000 000 6 6 0 0 0 0 000000 1
cdb c03 000 000 8 4 0 0 0 0 000000 1
cc6 61b 000 000 6 6 0 0 0 0 000000 1
cc0 775 000 000 4 8 0 0 0 0 000000 1
cc3 6c6 000 000 6 6 0 0 0 0 000000 1
ccc 17a 000 000 6 6 0 0 0 0 000000 1
ccf 0c9 000 000 8 4 0 0 0 0 000000 1
cc9 1a7 000 000 6 6 0 0 0 0 000000 1
b0d 99c 000 000 6 6 0 0 0 0 000000 1
70d 4f4 000 000 6 6 0 0 0 0 000000 1
10d 344 000 000 4 4 0 0 0 0 000000 1
20d bf1 000 000 4 8 0 0 0 0 000000 1
38d dc2 000 000 6 6 0 0 0 0 000000 1
34d 7df 000 000 6 a 0 0 0 0 000000 1
32d 52e 000 000 6 6 0 0 0 0 000000 1
31d 2ad 000 000 6 6 0 0 0 0 000000 1
305 868 000 000 4 4 0 0 0 0 000000 1
309 e67 000 000 4 8 0 0 0 0 000000 1
30f f09 000 000 6 6 0 0 0 0 000000 1
30c eba 000 000 4 8 0 0 0 0 000000 1
1a4 d7a 000 000 4 8 0 0 0 0 000000 1
7a4 aca 000 000 6 6 0 0 0 0 000000 1
4a4 27f 000 000 4 8 0 0 0 0 000000 1
524 44c 000 000 4 4 0 0 0 0 000000 1
5e4 e51 000 000 6 6 0 0 0 0 000000 1
584 ca0 000 000 4 4 0 0 0 0 000000 1
5b4 b23 000 000 6 6 0 0 0 0 000000 1
5ac 1e6 000 000 6 6 0 0 0 0 000000 1
5a0 7e9 000 000 4 8 0 0 0 0 000000 1
5a6 687 000 000 6 6 0 0 0 0 000000 1
5a5 734 000 000 6 6 0 0 0 0 000000 1
ba4 7a2 000 000 6 6 0 0 0 0 000000 1
8a4 f17 000 000 4 8 0 0 0 0 000000 1
924 924 000 000 4 4 0 0 0 0 000000 1
9e4 339 000 000 6 6 0 0 0 0 000000 1
984 1c8 000 000 4 4 0 0 0 0 000000 1
9b4 64b 000 000 6 6 0 0 0 0 000000 1
9ac c8e 000 000 6 6 0 0 0 0 000000 1
9a0 a81 000 000 4 4 0 0 0 0 000000 1
9a6 bef 000 000 6 a 0 0 0 0 000000 1
9a5 a5c 000 000 6 6 0 0 0 0 000000 1
ea4 8a7 000 000 6 6 0 0 0 0 000000 1
f24 e94 000 000 6 6 0 0 0 0 000000 1
fe4 489 000 000 8 4 0 0 0 0 000000 1
f84 678 000 000 6 6 0 0 0 0 000000 1
fb4 1fb 000 000 8 8 0 0 0 0 000000 1
fac b3e 000 000 8 8 0 0 0 0 000000 1
fa0 d31 000 000 6 6 0 0 0 0 000000 1
fa6 c5f 000 000 8 8 0 0 0 0 000000 1
fa5 dec 000 000 8 8 0 0 0 0 000000 1
c24 621 000 000 4 4 0 0 0 0 000000 1
ce4 c3c 000 000 6 6 0 0 0 0 000000 1
c84 ecd 000 000 4 8 0 0 0 0 000000 1
cb4 94e 000 000 6 6 0 0 0 0 000000 1
cac 38b 000 000 6 6 0 0 0 0 000000 1
ca0 584 000 000 4 4 0 0 0 0 000000 1
ca6 4ea 000 000 6 6 0 0 0 0 000000 1
ca5 559 000 000 6 6 0 0 0 0 000000 1
d64 a0f 000 000 6 6 0 0 0 0 000000 1
d04 8fe 000 000 4 8 0 0 0 0 000000 1
d34 f7d 000 000 6 a 0 0 0 0 000000 1
d2c 5b8 000 000 6 6 0 0 0 0 000000 1
d20 3b7 000 000 4 8 0 0 0 0 000000 1
d26 2d9 000 000 6 6 0 0 0 0 000000 1
d25 36a 000 000 6 6 0 0 0 0 000000 1
dc4 2e3 000 000 6 6 0 0 0 0 000000 1
df4 560 000 000 8 4 0 0 0 0 000000 1
dec fa5 000 000 8 8 0 0 0 0 000000 1
de0 9aa 000 000 6 6 0 0 0 0 000000 1
de6 8c4 000 000 8 4 0 0 0 0 000000 1
de5 977 000 000 8 8 0 0 0 0 000000 1
d94 791 000 000 6 6 0 0 0 0 000000 1
d8c d54 000 000 6 6 0 0 0 0 000000 1
d80 b5b 000 000 4 8 0 0 0 0 000000 1
d86 a35 000 000 6 6 0 0 0 0 000000 1
d85 b86 000 000 6 6 0 0 0 0 000000 1
dbc ad7 000 000 8 8 0 0 0 0 000000 1
db0 cd8 000 000 6 6 0 0 0 0 000000 1
db6 db6 000 000 8 8 0 0 0 0 000000 1
db5 c05 000 000 8 4 0 0 0 0 000000 1
da8 61d 000 000 6 6 0 0 0 0 000000 1
dae 773 000 000 8 8 0 0 0 0 000000 1
dad 6c0 000 000 8 4 0 0 0 0 000000 1
da2 17c 000 000 6 6 0 0 0 0 000000 1
da1 0cf 000 000 6 6 0 0 0 0 000000 1
da7 1a1 000 000 8 4 0 0 0 0 000000 1
017 d79 000 000 4 8 0 0 0 0 000000 1
617 ac9 000 000 6 6 0 0 0 0 000000 1
517 27c 000 000 6 6 0 0 0 0 000000 1
497 44f 000 000 6 6 0 0 0 0 000000 1
457 e52 000 000 6 6 0 0 0 0 000000 1
437 ca3 000 000 6 6 0 0 0 0 000000 1
407 b20 000 000 4 4 0 0 0 0 000000 1
41f 1e5 000 000 6 6 0 0 0 0 000000 1
413 7ea 000 000 4 8 0 0 0 0 000000 1
415 684 000 000 4 4 0 0 0 0 000000 1
416 737 000 000 4 8 0 0 0 0 000000 1
a17 7a1 000 000 6 6 0 0 0 0 000000 1
917 f14 000 000 6 6 0 0 0 0 000000 1
897 927 000 000 6 6 0 0 0 0 000000 1
857 33a 000 000 6 6 0 0 0 0 000000 1
837 1cb 000 000 6 6 0 0 0 0 000000 1
807 648 000 000 4 4 0 0 0 0 000000 1
81f c8d 000 000 6 6 0 0 0 0 000000 1
813 a82 000 000 4 4 0 0 0 0 000000 1
815 bec 000 000 4 8 0 0 0 0 000000 1
816 a5f 000 000 4 8 0 0 0 0 000000 1
f17 8a4 000 000 8 4 0 0 0 0 000000 1
e97 e97 000 000 8 8 0 0 0 0 000000 1
e57 48a 000 000 8 4 0 0 0 0 000000 1
e37 67b 000 000 8 8 0 0 0 0 000000 1
e07 1f8 000 000 6 6 0 0 0 0 000000 1
e1f b3d 000 000 8 8 0 0 0 0 000000 1
e13 d32 000 000 6 6 0 0 0 0 000000 1
e15 c5c 000 000 6 6 0 0 0 0 000000 1
e16 def 000 000 6 a 0 0 0 0 000000 1
d97 622 000 000 8 4 0 0 0 0 000000 1
d57 c3f 000 000 8 8 0 0 0 0 000000 1
d37 ece 000 000 8 8 0 0 0 0 000000 1
d07 94d 000 000 6 6 0 0 0 0 000000 1
d1f 388 000 000 8 4 0 0 0 0 000000 1
d13 587 000 000 6 6 0 0 0 0 000000 1
d15 4e9 000 000 6 6 0 0 0 0 000000 1
d16 55a 000 000 6 6 0 0 0 0 000000 1
cd7 a0c 000 000 8 4 0 0 0 0 000000 1
cb7 8fd 000 000 8 8 0 0 0 0 000000 1
c87 f7e 000 000 6 a 0 0 0 0 000000 1
c9f 5bb 000 000 8 8 0 0 0 0 000000 1
c93 3b4 000 000 6 6 0 0 0 0 000000 1
c95 2da 000 000 6 6 0 0 0 0 000000 1
c96 369 000 000 6 6 0 0 0 0 000000 1
c77 2e0 000 000 8 4 0 0 0 0 000000 1
c47 563 000 000 6 6 0 0 0 0 000000 1
c5f fa6 000 000 8 8 0 0 0 0 000000 1
c53 9a9 000 000 6 6 0 0 0 0 000000 1
c55 8c7 000 000 6 6 0 0 0 0 000000 1
c56 974 000 000 6 6 0 0 0 0 000000 1
c27 792 000 000 6 6 0 0 0 0 000000 1
c3f d57 000 000 8 8 0 0 0 0 000000 1
c33 b58 000 000 6 6 0 0 0 0 000000 1
c35 a36 000 000 6 6 0 0 0 0 000000 1
c36 b85 000 000 6 6 0 0 0 0 000000 1
c0f ad4 000 000 6 6 0 0 0 0 000000 1
c03 cdb 000 000 4 8 0 0 0 0 000000 1
c05 db5 000 000 4 8 0 0 0 0 000000 1
c06 c06 000 000 4 4 0 0 0 0 000000 1
c1b 61e 000 000 6 6 0 0 0 0 000000 1
c1d 770 000 000 6 6 0 0 0 0 000000 1
c1e 6c3 000 000 6 6 0 0 0 0 000000 1
c11 17f 000 000 4 8 0 0 0 0 000000 1
c12 0cc 000 000 4 4 0 0 0 0 000000 1
c14 1a2 000 000 4 4 0 0 0 0 000000 1
cbe e2f 000 000 8 8 0 0 0 0 000000 1
fbe 69a 000 000 a 6 0 0 0 0 000000 1
e3e 0a9 000 000 8 4 0 0 0 0 000000 1
efe ab4 000 000 a 6 0 0 0 0 000000 1
e9e 845 000 000 8 4 0 0 0 0 000000 1
eae fc6 000 000 8 8 0 0 0 0 000000 1
eb6 503 000 000 8 4 0 0 0 0 000000 1
eba 30c 000 000 8 4 0 0 0 0 000000 1
ebc 262 000 000 8 4 0 0 0 0 000000 1
ebf 3d1 000 000 a 6 0 0 0 0 000000 1
9be 12a 000 000 8 4 0 0 0 0 000000 1
83e 719 000 000 6 6 0 0 0 0 000000 1
8fe d04 000 000 8 4 0 0 0 0 000000 1
89e ff5 000 000 6 a 0 0 0 0 000000 1
8ae 876 000 000 6 6 0 0 0 0 000000 1
8b6 2b3 000 000 6 6 0 0 0 0 000000 1
8ba 4bc 000 000 6 6 0 0 0 0 000000 1
8bc 5d2 000 000 6 6 0 0 0 0 000000 1
8bf 461 000 000 8 4 0 0 0 0 000000 1
b3e fac 000 000 8 8 0 0 0 0 000000 1
bfe 5b1 000 000 a 6 0 0 0 0 000000 1
b9e 740 000 000 8 4 0 0 0 0 000000 1
bae 0c3 000 000 8 4 0 0 0 0 000000 1
bb6 a06 000 000 8 4 0 0 0 0 000000 1
bba c09 000 000 8 4 0 0 0 0 000000 1
bbc d67 000 000 8 8 0 0 0 0 000000 1
bbf cd4 000 000 a 6 0 0 0 0 000000 1
a7e 382 000 000 8 4 0 0 0 0 000000 1
a1e 173 000 000 6 6 0 0 0 0 000000 1
a2e 6f0 000 000 6 6 0 0 0 0 000000 1
a36 c35 000 000 6 6 0 0 0 0 000000 1
a3a a3a 000 000 6 6 0 0 0 0 000000 1
a3c b54 000 000 6 6 0 0 0 0 000000 1
a3f ae7 000 000 8 8 0 0 0 0 000000 1
ade b6e 000 000 8 8 0 0 0 0 000000 1
aee ced 000 000 8 8 0 0 0 0 000000 1
af6 628 000 000 8 4 0 0 0 0 000000 1
afa 027 000 000 8 4 0 0 0 0 000000 1
afc 149 000 000 8 4 0 0 0 0 000000 1
aff 0fa 000 000 a 6 0 0 0 0 000000 1
a8e e1c 000 000 6 6 0 0 0 0 000000 1
a96 4d9 000 000 6 6 0 0 0 0 000000 1
a9a 2d6 000 000 6 6 0 0 0 0 000000 1
a9c 3b8 000 000 6 6 0 0 0 0 000000 1
a9f 20b 000 000 8 4 0 0 0 0 000000 1
aa6 35a 000 000 6 6 0 0 0 0 000000 1
aaa 555 000 000 6 6 0 0 0 0 000000 1
aac 43b 000 000 6 6 0 0 0 0 000000 1
aaf 588 000 000 8 4 0 0 0 0 000000 1
ab2 f90 000 000 6 6 0 0 0 0 000000 1
ab4 efe 000 000 6 a 0 0 0 0 000000 1
ab7 f4d 000 000 8 8 0 0 0 0 000000 1
ab8 8f1 000 000 6 6 0 0 0 0 000000 1
abb 942 000 000 8 4 0 0 0 0 000000 1
abd 82c 000 000 8 4 0 0 0 0 000000 1
5be c42 000 000 8 4 0 0 0 0 000000 1
43e a71 000 000 6 6 0 0 0 0 000000 1
4fe 06c 000 000 8 4 0 0 0 0 000000 1
49e 29d 000 000 6 6 0 0 0 0 000000 1
4ae 51e 000 000 6 6 0 0 0 0 000000 1
4b6 fdb 000 000 6 a 0 0 0 0 000000 1
4ba 9d4 000 000 6 6 0 0 0 0 000000 1
4bc 8ba 000 000 6 6 0 0 0 0 000000 1
4bf 909 000 000 8 4 0 0 0 0 000000 1
73e 2c4 000 000 8 4 0 0 0 0 000000 1
7fe 8d9 000 000 a 6 0 0 0 0 000000 1
79e a28 000 000 8 4 0 0 0 0 000000 1
7ae dab 000 000 8 8 0 0 0 0 000000 1
7b6 76e 000 000 8 8 0 0 0 0 000000 1
7ba 161 000 000 8 4 0 0 0 0 000000 1
7bc 00f 000 000 8 4 0 0 0 0 000000 1
7bf 1bc 000 000 a 6 0 0 0 0 000000 1
67e eea 000 000 8 8 0 0 0 0 000000 1
61e c1b 000 000 6 6 0 0 0 0 000000 1
62e b98 000 000 6 6 0 0 0 0 000000 1
636 15d 000 000 6 6 0 0 0 0 000000 1
63a 752 000 000 6 6 0 0 0 0 000000 1
63c 63c 000 000 6 6 0 0 0 0 000000 1
63f 78f 000 000 8 8 0 0 0 0 000000 1
6de 606 000 000 8 4 0 0 0 0 000000 1
6ee 185 000 000 8 4 0 0 0 0 000000 1
6f6 b40 000 000 8 4 0 0 0 0 000000 1
6fa d4f 000 000 8 8 0 0 0 0 000000 1
6fc c21 000 000 8 4 0 0 0 0 000000 1
6ff d92 000 000 a 6 0 0 0 0 000000 1
68e 374 000 000 6 6 0 0 0 0 000000 1
696 9b1 000 000 6 6 0 0 0 0 000000 1
69a fbe 000 000 6 a 0 0 0 0 000000 1
69c ed0 000 000 6 6 0 0 0 0 000000 1
69f f63 000 000 8 8 0 0 0 0 000000 1
6a6 e32 000 000 6 6 0 0 0 0 000000 1
6aa 83d 000 000 6 6 0 0 0 0 000000 1
6ac 953 000 000 6 6 0 0 0 0 000000 1
6af 8e0 000 000 8 4 0 0 0 0 000000 1
6b2 2f8 000 000 6 6 0 0 0 0 000000 1
6b4 396 000 000 6 6 0 0 0 0 000000 1
6b7 225 000 000 8 4 0 0 0 0 000000 1
6b8 599 000 000 6 6 0 0 0 0 000000 1
6bb 42a 000 000 8 4 0 0 0 0 000000 1
6bd 544 000 000 8 4 0 0 0 0 000000 1
13e 574 000 000 6 6 0 0 0 0 000000 1
1fe f69 000 000 8 8 0 0 0 0 000000 1
19e d98 000 000 6 6 0 0 0 0 000000 1
1ae a1b 000 000 6 6 0 0 0 0 000000 1
1b6 0de 000 000 6 6 0 0 0 0 000000 1
1ba 6d1 000 000 6 6 0 0 0 0 000000 1
1bc 7bf 000 000 6 a 0 0 0 0 000000 1
1bf 60c 000 000 8 4 0 0 0 0 000000 1
07e 95a 000 000 6 6 0 0 0 0 000000 1
01e bab 000 000 4 8 0 0 0 0 000000 1
02e c28 000 000 4 4 0 0 0 0 000000 1
036 6ed 000 000 4 8 0 0 0 0 000000 1
03a 0e2 000 000 4 4 0 0 0 0 000000 1
03c 18c 000 000 4 4 0 0 0 0 000000 1
03f 03f 000 000 6 6 0 0 0 0 000000 1
0de 1b6 000 000 6 6 0 0 0 0 000000 1
0ee 635 000 000 6 6 0 0 0 0 000000 1
0f6 cf0 000 000 6 6 0 0 0 0 000000 1
0fa aff 000 000 6 a 0 0 0 0 000000 1
0fc b91 000 000 6 6 0 0 0 0 000000 1
0ff a22 000 000 8 4 0 0 0 0 000000 1
08e 4c4 000 000 4 4 0 0 0 0 000000 1
096 e01 000 000 4 4 0 0 0 0 000000 1
09a 80e 000 000 4 4 0 0 0 0 000000 1
09c 960 000 000 4 4 0 0 0 0 000000 1
09f 8d3 000 000 6 6 0 0 0 0 000000 1
0a6 982 000 000 4 4 0 0 0 0 000000 1
0aa f8d 000 000 4 8 0 0 0 0 000000 1
0ac ee3 000 000 4 8 0 0 0 0 000000 1
0af f50 000 000 6 6 0 0 0 0 000000 1
0b2 548 000 000 4 4 0 0 0 0 000000 1
0b4 426 000 000 4 4 0 0 0 0 000000 1
0b7 595 000 000 6 6 0 0 0 0 000000 1
0b8 229 000 000 4 4 0 0 0 0 000000 1
0bb 39a 000 000 6 6 0 0 0 0 000000 1
0bd 2f4 000 000 6 6 0 0 0 0 000000 1
37e 1ef 000 000 8 8 0 0 0 0 000000 1
31e 31e 000 000 6 6 0 0 0 0 000000 1
32e 49d 000 000 6 6 0 0 0 0 000000 1
336 e58 000 000 6 6 0 0 0 0 000000 1
33a 857 000 000 6 6 0 0 0 0 000000 1
33c 939 000 000 6 6 0 0 0 0 000000 1
33f 88a 000 000 8 4 0 0 0 0 000000 1
3de 903 000 000 8 4 0 0 0 0 000000 1
3ee e80 000 000 8 4 0 0 0 0 000000 1
3f6 445 000 000 8 4 0 0 0 0 000000 1
3fa 24a 000 000 8 4 0 0 0 0 000000 1
3fc 324 000 000 8 4 0 0 0 0 000000 1
3ff 297 000 000 a 6 0 0 0 0 000000 1
38e c71 000 000 6 6 0 0 0 0 000000 1
396 6b4 000 000 6 6 0 0 0 0 000000 1
39a 0bb 000 000 6 6 0 0 0 0 000000 1
39c 1d5 000 000 6 6 0 0 0 0 000000 1
39f 066 000 000 8 4 0 0 0 0 000000 1
3a6 137 000 000 6 6 0 0 0 0 000000 1
3aa 738 000 000 6 6 0 0 0 0 000000 1
3ac 656 000 000 6 6 0 0 0 0 000000 1
3af 7e5 000 000 8 8 0 0 0 0 000000 1
3b2 dfd 000 000 6 a 0 0 0 0 000000 1
3b4 c93 000 000 6 6 0 0 0 0 000000 1
3b7 d20 000 000 8 4 0 0 0 0 000000 1
3b8 a9c 000 000 6 6 0 0 0 0 000000 1
3bb b2f 000 000 8 8 0 0 0 0 000000 1
3bd a41 000 000 8 4 0 0 0 0 000000 1
25e f30 000 000 6 6 0 0 0 0 000000 1
26e 8b3 000 000 6 6 0 0 0 0 000000 1
276 276 000 000 6 6 0 0 0 0 000000 1
27a 479 000 000 6 6 0 0 0 0 000000 1
27c 517 000 000 6 6 0 0 0 0 000000 1
27f 4a4 000 000 8 4 0 0 0 0 000000 1
20e a42 000 000 4 4 0 0 0 0 000000 1
216 087 000 000 4 4 0 0 0 0 000000 1
21a 688 000 000 4 4 0 0 0 0 000000 1
21c 7e6 000 000 4 8 0 0 0 0 000000 1
21f 655 000 000 6 6 0 0 0 0 000000 1
226 704 000 000 4 4 0 0 0 0 000000 1
22a 10b 000 000 4 4 0 0 0 0 000000 1
22c 065 000 000 4 4 0 0 0 0 000000 1
22f 1d6 000 000 6 6 0 0 0 0 000000 1
232 bce 000 000 4 8 0 0 0 0 000000 1
234 aa0 000 000 4 4 0 0 0 0 000000 1
237 b13 000 000 6 6 0 0 0 0 000000 1
238 caf 000 000 4 8 0 0 0 0 000000 1
23b d1c 000 000 6 6 0 0 0 0 000000 1
23d c72 000 000 6 6 0 0 0 0 000000 1
2ce 05f 000 000 6 6 0 0 0 0 000000 1
2d6 a9a 000 000 6 6 0 0 0 0 000000 1
2da c95 000 000 6 6 0 0 0 0 000000 1
2dc dfb 000 000 6 a 0 0 0 0 000000 1
2df c48 000 000 8 4 0 0 0 0 000000 1
2e6 d19 000 000 6 6 0 0 0 0 000000 1
2ea b16 000 000 6 6 0 0 0 0 000000 1
2ec a78 000 000 6 6 0 0 0 0 000000 1
2ef bcb 000 000 8 8 0 0 0 0 000000 1
2f2 1d3 000 000 6 6 0 0 0 0 000000 1
2f4 0bd 000 000 6 6 0 0 0 0 000000 1
2f7 10e 000 000 8 4 0 0 0 0 000000 1
2f8 6b2 000 000 6 6 0 0 0 0 000000 1
2fb 701 000 000 8 4 0 0 0 0 000000 1
2fd 66f 000 000 8 8 0 0 0 0 000000 1
286 fe8 000 000 4 8 0 0 0 0 000000 1
28a 9e7 000 000 4 8 0 0 0 0 000000 1
28c 889 000 000 4 4 0 0 0 0 000000 1
28f 93a 000 000 6 6 0 0 0 0 000000 1
292 322 000 000 4 4 0 0 0 0 000000 1
294 24c 000 000 4 4 0 0 0 0 000000 1
297 3ff 000 000 6 a 0 0 0 0 000000 1
298 443 000 000 4 4 0 0 0 0 000000 1
29b 5f0 000 000 6 6 0 0 0 0 000000 1
29d 49e 000 000 6 6 0 0 0 0 000000 1
2a2 4a1 000 000 4 4 0 0 0 0 000000 1
2a4 5cf 000 000 4 8 0 0 0 0 000000 1
2a7 47c 000 000 6 6 0 0 0 0 000000 1
2a8 3c0 000 000 4 4 0 0 0 0 000000 1
2ab 273 000 000 6 6 0 0 0 0 000000 1
2ad 31d 000 000 6 6 0 0 0 0 000000 1
2b0 905 000 000 4 4 0 0 0 0 000000 1
2b3 8b6 000 000 6 6 0 0 0 0 000000 1
2b5 9d8 000 000 6 6 0 0 0 0 000000 1
2b9 fd7 000 000 6 a 0 0 0 0 000000 1
7bc 00f 000 000 8 4 0 0 0 0 000000 1
115 981 000 000 4 4 0 0 0 0 000000 1
d15 4e9 000 000 6 6 0 0 0 0 000000 1
b15 359 000 000 6 6 0 0 0 0 000000 1
815 bec 000 000 4 8 0 0 0 0 000000 1
995 ddf 000 000 6 a 0 0 0 0 000000 1
955 7c2 000 000 6 6 0 0 0 0 000000 1
935 533 000 000 6 6 0 0 0 0 000000 1
905 2b0 000 000 4 4 0 0 0 0 000000 1
91d 875 000 000 6 6 0 0 0 0 000000 1
911 e7a 000 000 4 8 0 0 0 0 000000 1
917 f14 000 000 6 6 0 0 0 0 000000 1
914 ea7 000 000 4 8 0 0 0 0 000000 1
0a6 982 000 000 4 4 0 0 0 0 000000 1
ca6 4ea 000 000 6 6 0 0 0 0 000000 1
aa6 35a 000 000 6 6 0 0 0 0 000000 1
9a6 bef 000 000 6 a 0 0 0 0 000000 1
826 ddc 000 000 4 8 0 0 0 0 000000 1
8e6 7c1 000 000 6 6 0 0 0 0 000000 1
886 530 000 000 4 4 0 0 0 0 000000 1
8b6 2b3 000 000 6 6 0 0 0 0 000000 1
8ae 876 000 000 6 6 0 0 0 0 000000 1
8a2 e79 000 000 4 8 0 0 0 0 000000 1
8a4 f17 000 000 4 8 0 0 0 0 000000 1
8a7 ea4 000 000 6 6 0 0 0 0 000000 1
a0f d64 000 000 6 6 0 0 0 0 000000 1
c0f ad4 000 000 6 6 0 0 0 0 000000 1
f0f 261 000 000 8 4 0 0 0 0 000000 1
e8f 452 000 000 8 4 0 0 0 0 000000 1
e4f e4f 000 000 8 8 0 0 0 0 000000 1
e2f cbe 000 000 8 8 0 0 0 0 000000 1
e1f b3d 000 000 8 8 0 0 0 0 000000 1
e07 1f8 000 000 6 6 0 0 0 0 000000 1
e0b 7f7 000 000 6 a 0 0 0 0 000000 1
e0d 699 000 000 6 6 0 0 0 0 000000 1
e0e 72a 000 000 6 6 0 0 0 0 000000 1
00f 7bc 000 000 4 8 0 0 0 0 000000 1
30f f09 000 000 6 6 0 0 0 0 000000 1
28f 93a 000 000 6 6 0 0 0 0 000000 1
24f 327 000 000 6 6 0 0 0 0 000000 1
22f 1d6 000 000 6 6 0 0 0 0 000000 1
21f 655 000 000 6 6 0 0 0 0 000000 1
207 c90 000 000 4 4 0 0 0 0 000000 1
20b a9f 000 000 4 8 0 0 0 0 000000 1
20d bf1 000 000 4 8 0 0 0 0 000000 1
20e a42 000 000 4 4 0 0 0 0 000000 1
50f 8b9 000 000 6 6 0 0 0 0 000000 1
48f e8a 000 000 6 6 0 0 0 0 000000 1
44f 497 000 000 6 6 0 0 0 0 000000 1
42f 666 000 000 6 6 0 0 0 0 000000 1
41f 1e5 000 000 6 6 0 0 0 0 000000 1
407 b20 000 000 4 4 0 0 0 0 000000 1
40b d2f 000 000 4 8 0 0 0 0 000000 1
40d c41 000 000 4 4 0 0 0 0 000000 1
40e df2 000 000 4 8 0 0 0 0 000000 1
78f 63f 000 000 8 8 0 0 0 0 000000 1
74f c22 000 000 8 4 0 0 0 0 000000 1
72f ed3 000 000 8 8 0 0 0 0 000000 1
71f 950 000 000 8 4 0 0 0 0 000000 1
707 395 000 000 6 6 0 0 0 0 000000 1
70b 59a 000 000 6 6 0 0 0 0 000000 1
70d 4f4 000 000 6 6 0 0 0 0 000000 1
70e 547 000 000 6 6 0 0 0 0 000000 1
6cf a11 000 000 8 4 0 0 0 0 000000 1
6af 8e0 000 000 8 4 0 0 0 0 000000 1
69f f63 000 000 8 8 0 0 0 0 000000 1
687 5a6 000 000 6 6 0 0 0 0 000000 1
68b 3a9 000 000 6 6 0 0 0 0 000000 1
68d 2c7 000 000 6 6 0 0 0 0 000000 1
68e 374 000 000 6 6 0 0 0 0 000000 1
66f 2fd 000 000 8 8 0 0 0 0 000000 1
65f 57e 000 000 8 8 0 0 0 0 000000 1
647 fbb 000 000 6 a 0 0 0 0 000000 1
64b 9b4 000 000 6 6 0 0 0 0 000000 1
64d 8da 000 000 6 6 0 0 0 0 000000 1
64e 969 000 000 6 6 0 0 0 0 000000 1
63f 78f 000 000 8 8 0 0 0 0 000000 1
627 d4a 000 000 6 6 0 0 0 0 000000 1
62b b45 000 000 6 6 0 0 0 0 000000 1
62d a2b 000 000 6 6 0 0 0 0 000000 1
62e b98 000 000 6 6 0 0 0 0 000000 1
617 ac9 000 000 6 6 0 0 0 0 000000 1
61b cc6 000 000 6 6 0 0 0 0 000000 1
61d da8 000 000 6 6 0 0 0 0 000000 1
61e c1b 000 000 6 6 0 0 0 0 000000 1
603 603 000 000 4 4 0 0 0 0 000000 1
605 76d 000 000 4 8 0 0 0 0 000000 1
606 6de 000 000 4 8 0 0 0 0 000000 1
609 162 000 000 4 4 0 0 0 0 000000 1
60a 0d1 000 000 4 4 0 0 0 0 000000 1
60c 1bf 000 000 4 8 0 0 0 0 000000 1
1c8 984 000 000 4 4 0 0 0 0 000000 1
dc8 4ec 000 000 6 6 0 0 0 0 000000 1
bc8 35c 000 000 6 6 0 0 0 0 000000 1
8c8 be9 000 000 4 8 0 0 0 0 000000 1
948 dda 000 000 4 8 0 0 0 0 000000 1
988 7c7 000 000 4 8 0 0 0 0 000000 1
9e8 536 000 000 6 6 0 0 0 0 000000 1
9d8 2b5 000 000 6 6 0 0 0 0 000000 1
9c0 870 000 000 4 4 0 0 0 0 000000 1
9cc e7f 000 000 6 a 0 0 0 0 000000 1
9ca f11 000 000 6 6 0 0 0 0 000000 1
9c9 ea2 000 000 6 6 0 0 0 0 000000 1
b61 d62 000 000 6 6 0 0 0 0 000000 1
d61 ad2 000 000 6 6 0 0 0 0 000000 1
e61 267 000 000 6 6 0 0 0 0 000000 1
fe1 454 000 000 8 4 0 0 0 0 000000 1
f21 e49 000 000 6 6 0 0 0 0 000000 1
f41 cb8 000 000 6 6 0 0 0 0 000000 1
f71 b3b 000 000 8 8 0 0 0 0 000000 1
f69 1fe 000 000 8 8 0 0 0 0 000000 1
f65 7f1 000 000 8 8 0 0 0 0 000000 1
f63 69f 000 000 8 8 0 0 0 0 000000 1
f60 72c 000 000 6 6 0 0 0 0 000000 1
161 7ba 000 000 4 8 0 0 0 0 000000 1
261 f0f 000 000 4 8 0 0 0 0 000000 1
3e1 93c 000 000 6 6 0 0 0 0 000000 1
321 321 000 000 4 4 0 0 0 0 000000 1
341 1d0 000 000 4 4 0 0 0 0 000000 1
371 653 000 000 6 6 0 0 0 0 000000 1
369 c96 000 000 6 6 0 0 0 0 000000 1
365 a99 000 000 6 6 0 0 0 0 000000 1
363 bf7 000 000 6 a 0 0 0 0 000000 1
360 a44 000 000 4 4 0 0 0 0 000000 1
461 8bf 000 000 4 8 0 0 0 0 000000 1
5e1 e8c 000 000 6 6 0 0 0 0 000000 1
521 491 000 000 4 4 0 0 0 0 000000 1
541 660 000 000 4 4 0 0 0 0 000000 1
571 1e3 000 000 6 6 0 0 0 0 000000 1
569 b26 000 000 6 6 0 0 0 0 000000 1
565 d29 000 000 6 6 0 0 0 0 000000 1
563 c47 000 000 6 6 0 0 0 0 000000 1
560 df4 000 000 4 8 0 0 0 0 000000 1
6e1 639 000 000 6 6 0 0 0 0 000000 1
621 c24 000 000 4 4 0 0 0 0 000000 1
641 ed5 000 000 4 8 0 0 0 0 000000 1
671 956 000 000 6 6 0 0 0 0 000000 1
669 393 000 000 6 6 0 0 0 0 000000 1
665 59c 000 000 6 6 0 0 0 0 000000 1
663 4f2 000 000 6 6 0 0 0 0 000000 1
660 541 000 000 4 4 0 0 0 0 000000 1
7a1 a17 000 000 6 6 0 0 0 0 000000 1
7c1 8e6 000 000 6 6 0 0 0 0 000000 1
7f1 f65 000 000 8 8 0 0 0 0 000000 1
7e9 5a0 000 000 8 4 0 0 0 0 000000 1
7e5 3af 000 000 8 8 0 0 0 0 000000 1
7e3 2c1 000 000 8 4 0 0 0 0 000000 1
7e0 372 000 000 6 6 0 0 0 0 000000 1
701 2fb 000 000 4 8 0 0 0 0 000000 1
731 578 000 000 6 6 0 0 0 0 000000 1
729 fbd 000 000 6 a 0 0 0 0 000000 1
725 9b2 000 000 6 6 0 0 0 0 000000 1
723 8dc 000 000 6 6 0 0 0 0 000000 1
720 96f 000 000 4 8 0 0 0 0 000000 1
751 789 000 000 6 6 0 0 0 0 000000 1
749 d4c 000 000 6 6 0 0 0 0 000000 1
745 b43 000 000 6 6 0 0 0 0 000000 1
743 a2d 000 000 6 6 0 0 0 0 000000 1
740 b9e 000 000 4 8 0 0 0 0 000000 1
779 acf 000 000 8 8 0 0 0 0 000000 1
775 cc0 000 000 8 4 0 0 0 0 000000 1
773 dae 000 000 8 8 0 0 0 0 000000 1
770 c1d 000 000 6 6 0 0 0 0 000000 1
76d 605 000 000 8 4 0 0 0 0 000000 1
76b 76b 000 000 8 8 0 0 0 0 000000 1
768 6d8 000 000 6 6 0 0 0 0 000000 1
767 164 000 000 8 4 0 0 0 0 000000 1
764 0d7 000 000 6 6 0 0 0 0 000000 1
762 1b9 000 000 6 6 0 0 0 0 000000 1
ad2 d61 000 000 6 6 0 0 0 0 000000 1
cd2 ad1 000 000 6 6 0 0 0 0 000000 1
fd2 264 000 000 8 4 0 0 0 0 000000 1
e52 457 000 000 6 6 0 0 0 0 000000 1
e92 e4a 000 000 6 6 0 0 0 0 000000 1
ef2 cbb 000 000 8 8 0 0 0 0 000000 1
ec2 b38 000 000 6 6 0 0 0 0 000000 1
eda 1fd 000 000 8 8 0 0 0 0 000000 1
ed6 7f2 000 000 8 8 0 0 0 0 000000 1
ed0 69c 000 000 6 6 0 0 0 0 000000 1
ed3 72f 000 000 8 8 0 0 0 0 000000 1
0d2 7b9 000 000 4 8 0 0 0 0 000000 1
3d2 f0c 000 000 6 6 0 0 0 0 000000 1
252 93f 000 000 4 8 0 0 0 0 000000 1
292 322 000 000 4 4 0 0 0 0 000000 1
2f2 1d3 000 000 6 6 0 0 0 0 000000 1
2c2 650 000 000 4 4 0 0 0 0 000000 1
2da c95 000 000 6 6 0 0 0 0 000000 1
2d6 a9a 000 000 6 6 0 0 0 0 000000 1
2d0 bf4 000 000 4 8 0 0 0 0 000000 1
2d3 a47 000 000 6 6 0 0 0 0 000000 1
5d2 8bc 000 000 6 6 0 0 0 0 000000 1
452 e8f 000 000 4 8 0 0 0 0 000000 1
492 492 000 000 4 4 0 0 0 0 000000 1
4f2 663 000 000 6 6 0 0 0 0 000000 1
4c2 1e0 000 000 4 4 0 0 0 0 000000 1
4da b25 000 000 6 6 0 0 0 0 000000 1
4d6 d2a 000 000 6 6 0 0 0 0 000000 1
4d0 c44 000 000 4 4 0 0 0 0 000000 1
4d3 df7 000 000 6 a 0 0 0 0 000000 1
752 63a 000 000 6 6 0 0 0 0 000000 1
792 c27 000 000 6 6 0 0 0 0 000000 1
7f2 ed6 000 000 8 8 0 0 0 0 000000 1
7c2 955 000 000 6 6 0 0 0 0 000000 1
7da 390 000 000 8 4 0 0 0 0 000000 1
7d6 59f 000 000 8 8 0 0 0 0 000000 1
7d0 4f1 000 000 6 6 0 0 0 0 000000 1
7d3 542 000 000 8 4 0 0 0 0 000000 1
612 a14 000 000 4 4 0 0 0 0 000000 1
672 8e5 000 000 6 6 0 0 0 0 000000 1
642 f66 000 000 4 8 0 0 0 0 000000 1
65a 5a3 000 000 6 6 0 0 0 0 000000 1
656 3ac 000 000 6 6 0 0 0 0 000000 1
650 2c2 000 000 4 4 0 0 0 0 000000 1
653 371 000 000 6 6 0 0 0 0 000000 1
6b2 2f8 000 000 6 6 0 0 0 0 000000 1
682 57b 000 000 4 8 0 0 0 0 000000 1
69a fbe 000 000 6 a 0 0 0 0 000000 1
696 9b1 000 000 6 6 0 0 0 0 000000 1
690 8df 000 000 4 8 0 0 0 0 000000 1
693 96c 000 000 6 6 0 0 0 0 000000 1
6e2 78a 000 000 6 6 0 0 0 0 000000 1
6fa d4f 000 000 8 8 0 0 0 0 000000 1
6f6 b40 000 000 8 4 0 0 0 0 000000 1
6f0 a2e 000 000 6 6 0 0 0 0 000000 1
6f3 b9d 000 000 8 8 0 0 0 0 000000 1
6ca acc 000 000 6 6 0 0 0 0 000000 1
6c6 cc3 000 000 6 6 0 0 0 0 000000 1
6c0 dad 000 000 4 8 0 0 0 0 000000 1
6c3 c1e 000 000 6 6 0 0 0 0 000000 1
6de 606 000 000 8 4 0 0 0 0 000000 1
6d8 768 000 000 6 6 0 0 0 0 000000 1
6db 6db 000 000 8 8 0 0 0 0 000000 1
6d4 167 000 000 6 6 0 0 0 0 000000 1
6d7 0d4 000 000 8 4 0 0 0 0 000000 1
6d1 1ba 000 000 6 6 0 0 0 0 000000 1
67b e37 000 000 8 8 0 0 0 0 000000 1
57b 682 000 000 8 4 0 0 0 0 000000 1
4fb 0b1 000 000 8 4 0 0 0 0 000000 1
43b aac 000 000 6 6 0 0 0 0 000000 1
45b 85d 000 000 6 6 0 0 0 0 000000 1
46b fde 000 000 6 a 0 0 0 0 000000 1
473 51b 000 000 6 6 0 0 0 0 000000 1
47f 314 000 000 8 4 0 0 0 0 000000 1
479 27a 000 000 6 6 0 0 0 0 000000 1
47a 3c9 000 000 6 6 0 0 0 0 000000 1
37b 132 000 000 8 4 0 0 0 0 000000 1
2fb 701 000 000 8 4 0 0 0 0 000000 1
23b d1c 000 000 6 6 0 0 0 0 000000 1
25b fed 000 000 6 a 0 0 0 0 000000 1
26b 86e 000 000 6 6 0 0 0 0 000000 1
273 2ab 000 000 6 6 0 0 0 0 000000 1
27f 4a4 000 000 8 4 0 0 0 0 000000 1
279 5ca 000 000 6 6 0 0 0 0 000000 1
27a 479 000 000 6 6 0 0 0 0 000000 1
1fb fb4 000 000 8 8 0 0 0 0 000000 1
13b 5a9 000 000 6 6 0 0 0 0 000000 1
15b 758 000 000 6 6 0 0 0 0 000000 1
16b 0db 000 000 6 6 0 0 0 0 000000 1
173 a1e 000 000 6 6 0 0 0 0 000000 1
17f c11 000 000 8 4 0 0 0 0 000000 1
179 d7f 000 000 6 a 0 0 0 0 000000 1
17a ccc 000 000 6 6 0 0 0 0 000000 1
0bb 39a 000 000 6 6 0 0 0 0 000000 1
0db 16b 000 000 6 6 0 0 0 0 000000 1
0eb 6e8 000 000 6 6 0 0 0 0 000000 1
0f3 c2d 000 000 6 6 0 0 0 0 000000 1
0ff a22 000 000 8 4 0 0 0 0 000000 1
0f9 b4c 000 000 6 6 0 0 0 0 000000 1
0fa aff 000 000 6 a 0 0 0 0 000000 1
01b b76 000 000 4 8 0 0 0 0 000000 1
02b cf5 000 000 4 8 0 0 0 0 000000 1
033 630 000 000 4 4 0 0 0 0 000000 1
03f 03f 000 000 6 6 0 0 0 0 000000 1
039 151 000 000 4 4 0 0 0 0 000000 1
03a 0e2 000 000 4 4 0 0 0 0 000000 1
04b e04 000 000 4 4 0 0 0 0 000000 1
053 4c1 000 000 4 4 0 0 0 0 000000 1
05f 2ce 000 000 6 6 0 0 0 0 000000 1
059 3a0 000 000 4 4 0 0 0 0 000000 1
05a 213 000 000 4 4 0 0 0 0 000000 1
063 342 000 000 4 4 0 0 0 0 000000 1
06f 54d 000 000 6 6 0 0 0 0 000000 1
069 423 000 000 4 4 0 0 0 0 000000 1
06a 590 000 000 4 4 0 0 0 0 000000 1
077 f88 000 000 6 6 0 0 0 0 000000 1
071 ee6 000 000 4 8 0 0 0 0 000000 1
072 f55 000 000 4 8 0 0 0 0 000000 1
07d 8e9 000 000 6 6 0 0 0 0 000000 1
07e 95a 000 000 6 6 0 0 0 0 000000 1
078 834 000 000 4 4 0 0 0 0 000000 1
f7b c5a 000 000 a 6 0 0 0 0 000000 1
efb a69 000 000 a 6 0 0 0 0 000000 1
e3b 074 000 000 8 4 0 0 0 0 000000 1
e5b 285 000 000 8 4 0 0 0 0 000000 1
e6b 506 000 000 8 4 0 0 0 0 000000 1
e73 fc3 000 000 8 8 0 0 0 0 000000 1
e7f 9cc 000 000 a 6 0 0 0 0 000000 1
e79 8a2 000 000 8 4 0 0 0 0 000000 1
e7a 911 000 000 8 4 0 0 0 0 000000 1
dfb 2dc 000 000 a 6 0 0 0 0 000000 1
d3b 8c1 000 000 8 4 0 0 0 0 000000 1
d5b a30 000 000 8 4 0 0 0 0 000000 1
d6b db3 000 000 8 8 0 0 0 0 000000 1
d73 776 000 000 8 8 0 0 0 0 000000 1
d7f 179 000 000 a 6 0 0 0 0 000000 1
d79 017 000 000 8 4 0 0 0 0 000000 1
d7a 1a4 000 000 8 4 0 0 0 0 000000 1
cbb ef2 000 000 8 8 0 0 0 0 000000 1
cdb c03 000 000 8 4 0 0 0 0 000000 1
ceb b80 000 000 8 4 0 0 0 0 000000 1
cf3 145 000 000 8 4 0 0 0 0 000000 1
cff 74a 000 000 a 6 0 0 0 0 000000 1
cf9 624 000 000 8 4 0 0 0 0 000000 1
cfa 797 000 000 8 8 0 0 0 0 000000 1
c1b 61e 000 000 6 6 0 0 0 0 000000 1
c2b 19d 000 000 6 6 0 0 0 0 000000 1
c33 b58 000 000 6 6 0 0 0 0 000000 1
c3f d57 000 000 8 8 0 0 0 0 000000 1
c39 c39 000 000 6 6 0 0 0 0 000000 1
c3a d8a 000 000 6 6 0 0 0 0 000000 1
c4b 36c 000 000 6 6 0 0 0 0 000000 1
c53 9a9 000 000 6 6 0 0 0 0 000000 1
c5f fa6 000 000 8 8 0 0 0 0 000000 1
c59 ec8 000 000 6 6 0 0 0 0 000000 1
c5a f7b 000 000 6 a 0 0 0 0 000000 1
c63 e2a 000 000 6 6 0 0 0 0 000000 1
c6f 825 000 000 8 4 0 0 0 0 000000 1
c69 94b 000 000 6 6 0 0 0 0 000000 1
c6a 8f8 000 000 6 6 0 0 0 0 000000 1
c77 2e0 000 000 8 4 0 0 0 0 000000 1
c71 38e 000 000 6 6 0 0 0 0 000000 1
c72 23d 000 000 6 6 0 0 0 0 000000 1
c7d 581 000 000 8 4 0 0 0 0 000000 1
c7e 432 000 000 8 4 0 0 0 0 000000 1
c78 55c 000 000 6 6 0 0 0 0 000000 1
bfb 56c 000 000 a 6 0 0 0 0 000000 1
b3b f71 000 000 8 8 0 0 0 0 000000 1
b5b d80 000 000 8 4 0 0 0 0 000000 1
b6b a03 000 000 8 4 0 0 0 0 000000 1
b73 0c6 000 000 8 4 0 0 0 0 000000 1
b7f 6c9 000 000 a 6 0 0 0 0 000000 1
b79 7a7 000 000 8 8 0 0 0 0 000000 1
b7a 614 000 000 8 4 0 0 0 0 000000 1
abb 942 000 000 8 4 0 0 0 0 000000 1
adb bb3 000 000 8 8 0 0 0 0 000000 1
aeb c30 000 000 8 4 0 0 0 0 000000 1
af3 6f5 000 000 8 8 0 0 0 0 000000 1
aff 0fa 000 000 a 6 0 0 0 0 000000 1
af9 194 000 000 8 4 0 0 0 0 000000 1
afa 027 000 000 8 4 0 0 0 0 000000 1
a1b 1ae 000 000 6 6 0 0 0 0 000000 1
a2b 62d 000 000 6 6 0 0 0 0 000000 1
a33 ce8 000 000 6 6 0 0 0 0 000000 1
a3f ae7 000 000 8 8 0 0 0 0 000000 1
a39 b89 000 000 6 6 0 0 0 0 000000 1
a3a a3a 000 000 6 6 0 0 0 0 000000 1
a4b 4dc 000 000 6 6 0 0 0 0 000000 1
a53 e19 000 000 6 6 0 0 0 0 000000 1
a5f 816 000 000 8 4 0 0 0 0 000000 1
a59 978 000 000 6 6 0 0 0 0 000000 1
a5a 8cb 000 000 6 6 0 0 0 0 000000 1
a63 99a 000 000 6 6 0 0 0 0 000000 1
a6f f95 000 000 8 8 0 0 0 0 000000 1
a69 efb 000 000 6 a 0 0 0 0 000000 1
a6a f48 000 000 6 6 0 0 0 0 000000 1
a77 550 000 000 8 4 0 0 0 0 000000 1
a71 43e 000 000 6 6 0 0 0 0 000000 1
a72 58d 000 000 6 6 0 0 0 0 000000 1
a7d 231 000 000 8 4 0 0 0 0 000000 1
a7e 382 000 000 8 4 0 0 0 0 000000 1
a78 2ec 000 000 6 6 0 0 0 0 000000 1
9bb 1f7 000 000 8 8 0 0 0 0 000000 1
9db 306 000 000 8 4 0 0 0 0 000000 1
9eb 485 000 000 8 4 0 0 0 0 000000 1
9f3 e40 000 000 8 4 0 0 0 0 000000 1
9ff 84f 000 000 a 6 0 0 0 0 000000 1
9f9 921 000 000 8 4 0 0 0 0 000000 1
9fa 892 000 000 8 4 0 0 0 0 000000 1
91b 91b 000 000 6 6 0 0 0 0 000000 1
92b e98 000 000 6 6 0 0 0 0 000000 1
933 45d 000 000 6 6 0 0 0 0 000000 1
93f 252 000 000 8 4 0 0 0 0 000000 1
939 33c 000 000 6 6 0 0 0 0 000000 1
93a 28f 000 000 6 6 0 0 0 0 000000 1
94b c69 000 000 6 6 0 0 0 0 000000 1
953 6ac 000 000 6 6 0 0 0 0 000000 1
95f 0a3 000 000 8 4 0 0 0 0 000000 1
959 1cd 000 000 6 6 0 0 0 0 000000 1
95a 07e 000 000 6 6 0 0 0 0 000000 1
963 12f 000 000 6 6 0 0 0 0 000000 1
96f 720 000 000 8 4 0 0 0 0 000000 1
969 64e 000 000 6 6 0 0 0 0 000000 1
96a 7fd 000 000 6 a 0 0 0 0 000000 1
977 de5 000 000 8 8 0 0 0 0 000000 1
971 c8b 000 000 6 6 0 0 0 0 000000 1
972 d38 000 000 6 6 0 0 0 0 000000 1
97d a84 000 000 8 4 0 0 0 0 000000 1
97e b37 000 000 8 8 0 0 0 0 000000 1
978 a59 000 000 6 6 0 0 0 0 000000 1
89b f28 000 000 6 6 0 0 0 0 000000 1
8ab 8ab 000 000 6 6 0 0 0 0 000000 1
8b3 26e 000 000 6 6 0 0 0 0 000000 1
8bf 461 000 000 8 4 0 0 0 0 000000 1
8b9 50f 000 000 6 6 0 0 0 0 000000 1
8ba 4bc 000 000 6 6 0 0 0 0 000000 1
8cb a5a 000 000 6 6 0 0 0 0 000000 1
8d3 09f 000 000 6 6 0 0 0 0 000000 1
8df 690 000 000 8 4 0 0 0 0 000000 1
8d9 7fe 000 000 6 a 0 0 0 0 000000 1
8da 64d 000 000 6 6 0 0 0 0 000000 1
8e3 71c 000 000 6 6 0 0 0 0 000000 1
8ef 113 000 000 8 4 0 0 0 0 000000 1
8e9 07d 000 000 6 6 0 0 0 0 000000 1
8ea 1ce 000 000 6 6 0 0 0 0 000000 1
8f7 bd6 000 000 8 8 0 0 0 0 000000 1
8f1 ab8 000 000 6 6 0 0 0 0 000000 1
8f2 b0b 000 000 6 6 0 0 0 0 000000 1
8fd cb7 000 000 8 8 0 0 0 0 000000 1
8fe d04 000 000 8 4 0 0 0 0 000000 1
8f8 c6a 000 000 6 6 0 0 0 0 000000 1
80b 047 000 000 4 4 0 0 0 0 000000 1
813 a82 000 000 4 4 0 0 0 0 000000 1
81f c8d 000 000 6 6 0 0 0 0 000000 1
819 de3 000 000 4 8 0 0 0 0 000000 1
81a c50 000 000 4 4 0 0 0 0 000000 1
823 d01 000 000 4 4 0 0 0 0 000000 1
82f b0e 000 000 6 6 0 0 0 0 000000 1
829 a60 000 000 4 4 0 0 0 0 000000 1
82a bd3 000 000 4 8 0 0 0 0 000000 1
837 1cb 000 000 6 6 0 0 0 0 000000 1
831 0a5 000 000 4 4 0 0 0 0 000000 1
832 116 000 000 4 4 0 0 0 0 000000 1
83d 6aa 000 000 6 6 0 0 0 0 000000 1
83e 719 000 000 6 6 0 0 0 0 000000 1
838 677 000 000 4 8 0 0 0 0 000000 1
843 ff0 000 000 4 8 0 0 0 0 000000 1
84f 9ff 000 000 6 a 0 0 0 0 000000 1
849 891 000 000 4 4 0 0 0 0 000000 1
84a 922 000 000 4 4 0 0 0 0 000000 1
857 33a 000 000 6 6 0 0 0 0 000000 1
851 254 000 000 4 4 0 0 0 0 000000 1
852 3e7 000 000 4 8 0 0 0 0 000000 1
85d 45b 000 000 6 6 0 0 0 0 000000 1
85e 5e8 000 000 6 6 0 0 0 0 000000 1
858 486 000 000 4 4 0 0 0 0 000000 1
867 4b9 000 000 6 6 0 0 0 0 000000 1
861 5d7 000 000 4 8 0 0 0 0 000000 1
862 464 000 000 4 4 0 0 0 0 000000 1
86d 3d8 000 000 6 6 0 0 0 0 000000 1
86e 26b 000 000 6 6 0 0 0 0 000000 1
868 305 000 000 4 4 0 0 0 0 000000 1
875 91d 000 000 6 6 0 0 0 0 000000 1
876 8ae 000 000 6 6 0 0 0 0 000000 1
870 9c0 000 000 4 4 0 0 0 0 000000 1
87c fcf 000 000 6 a 0 0 0 0 000000 1
7c7 988 000 000 8 4 0 0 0 0 000000 1
bc7 4e0 000 000 8 4 0 0 0 0 000000 1
dc7 350 000 000 8 4 0 0 0 0 000000 1
ec7 be5 000 000 8 8 0 0 0 0 000000 1
f47 dd6 000 000 8 8 0 0 0 0 000000 1
f87 7cb 000 000 8 8 0 0 0 0 000000 1
fe7 53a 000 000 a 6 0 0 0 0 000000 1
fd7 2b9 000 000 a 6 0 0 0 0 000000 1
fcf 87c 000 000 a 6 0 0 0 0 000000 1
fc3 e73 000 000 8 8 0 0 0 0 000000 1
fc5 f1d 000 000 8 8 0 0 0 0 000000 1
fc6 eae 000 000 8 8 0 0 0 0 000000 1
d6e d6e 000 000 8 8 0 0 0 0 000000 1
b6e ade 000 000 8 8 0 0 0 0 000000 1
86e 26b 000 000 6 6 0 0 0 0 000000 1
9ee 458 000 000 8 4 0 0 0 0 000000 1
92e e45 000 000 6 6 0 0 0 0 000000 1
94e cb4 000 000 6 6 0 0 0 0 000000 1
97e b37 000 000 8 8 0 0 0 0 000000 1
966 1f2 000 000 6 6 0 0 0 0 000000 1
96a 7fd 000 000 6 a 0 0 0 0 000000 1
96c 693 000 000 6 6 0 0 0 0 000000 1
96f 720 000 000 8 4 0 0 0 0 000000 1
76e 7b6 000 000 8 8 0 0 0 0 000000 1
46e f03 000 000 6 6 0 0 0 0 000000 1
5ee 930 000 000 8 4 0 0 0 0 000000 1
52e 32d 000 000 6 6 0 0 0 0 000000 1
54e 1dc 000 000 6 6 0 0 0 0 000000 1
57e 65f 000 000 8 8 0 0 0 0 000000 1
566 c9a 000 000 6 6 0 0 0 0 000000 1
56a a95 000 000 6 6 0 0 0 0 000000 1
56c bfb 000 000 6 a 0 0 0 0 000000 1
56f a48 000 000 8 4 0 0 0 0 000000 1
26e 8b3 000 000 6 6 0 0 0 0 000000 1
3ee e80 000 000 8 4 0 0 0 0 000000 1
32e 49d 000 000 6 6 0 0 0 0 000000 1
34e 66c 000 000 6 6 0 0 0 0 000000 1
37e 1ef 000 000 8 8 0 0 0 0 000000 1
366 b2a 000 000 6 6 0 0 0 0 000000 1
36a d25 000 000 6 6 0 0 0 0 000000 1
36c c4b 000 000 6 6 0 0 0 0 000000 1
36f df8 000 000 8 8 0 0 0 0 000000 1
0ee 635 000 000 6 6 0 0 0 0 000000 1
02e c28 000 000 4 4 0 0 0 0 000000 1
04e ed9 000 000 4 8 0 0 0 0 000000 1
07e 95a 000 000 6 6 0 0 0 0 000000 1
066 39f 000 000 4 8 0 0 0 0 000000 1
06a 590 000 000 4 4 0 0 0 0 000000 1
06c 4fe 000 000 4 8 0 0 0 0 000000 1
06f 54d 000 000 6 6 0 0 0 0 000000 1
1ae a1b 000 000 6 6 0 0 0 0 000000 1
1ce 8ea 000 000 6 6 0 0 0 0 000000 1
1fe f69 000 000 8 8 0 0 0 0 000000 1
1e6 5ac 000 000 6 6 0 0 0 0 000000 1
1ea 3a3 000 000 6 6 0 0 0 0 000000 1
1ec 2cd 000 000 6 6 0 0 0 0 000000 1
1ef 37e 000 000 8 8 0 0 0 0 000000 1
10e 2f7 000 000 4 8 0 0 0 0 000000 1
13e 574 000 000 6 6 0 0 0 0 000000 1
126 fb1 000 000 4 8 0 0 0 0 000000 1
12a 9be 000 000 4 8 0 0 0 0 000000 1
12c 8d0 000 000 4 4 0 0 0 0 000000 1
12f 963 000 000 6 6 0 0 0 0 000000 1
15e 785 000 000 6 6 0 0 0 0 000000 1
146 d40 000 000 4 4 0 0 0 0 000000 1
14a b4f 000 000 4 8 0 0 0 0 000000 1
14c a21 000 000 4 4 0 0 0 0 000000 1
14f b92 000 000 6 6 0 0 0 0 000000 1
176 ac3 000 000 6 6 0 0 0 0 000000 1
17a ccc 000 000 6 6 0 0 0 0 000000 1
17c da2 000 000 6 6 0 0 0 0 000000 1
17f c11 000 000 8 4 0 0 0 0 000000 1
162 609 000 000 4 4 0 0 0 0 000000 1
164 767 000 000 4 8 0 0 0 0 000000 1
167 6d4 000 000 6 6 0 0 0 0 000000 1
168 168 000 000 4 4 0 0 0 0 000000 1
16b 0db 000 000 6 6 0 0 0 0 000000 1
16d 1b5 000 000 6 6 0 0 0 0 000000 1
cdd d6d 000 000 8 8 0 0 0 0 000000 1
add add 000 000 8 8 0 0 0 0 000000 1
9dd 268 000 000 8 4 0 0 0 0 000000 1
85d 45b 000 000 6 6 0 0 0 0 000000 1
89d e46 000 000 6 6 0 0 0 0 000000 1
8fd cb7 000 000 8 8 0 0 0 0 000000 1
8cd b34 000 000 6 6 0 0 0 0 000000 1
8d5 1f1 000 000 6 6 0 0 0 0 000000 1
8d9 7fe 000 000 6 a 0 0 0 0 000000 1
8df 690 000 000 8 4 0 0 0 0 000000 1
8dc 723 000 000 6 6 0 0 0 0 000000 1
6dd 7b5 000 000 8 8 0 0 0 0 000000 1
5dd f00 000 000 8 4 0 0 0 0 000000 1
45d 933 000 000 6 6 0 0 0 0 000000 1
49d 32e 000 000 6 6 0 0 0 0 000000 1
4fd 1df 000 000 8 8 0 0 0 0 000000 1
4cd 65c 000 000 6 6 0 0 0 0 000000 1
4d5 c99 000 000 6 6 0 0 0 0 000000 1
4d9 a96 000 000 6 6 0 0 0 0 000000 1
4df bf8 000 000 8 8 0 0 0 0 000000 1
4dc a4b 000 000 6 6 0 0 0 0 000000 1
3dd 8b0 000 000 8 4 0 0 0 0 000000 1
25d e83 000 000 6 6 0 0 0 0 000000 1
29d 49e 000 000 6 6 0 0 0 0 000000 1
2fd 66f 000 000 8 8 0 0 0 0 000000 1
2cd 1ec 000 000 6 6 0 0 0 0 000000 1
2d5 b29 000 000 6 6 0 0 0 0 000000 1
2d9 d26 000 000 6 6 0 0 0 0 000000 1
2df c48 000 000 8 4 0 0 0 0 000000 1
2dc dfb 000 000 6 a 0 0 0 0 000000 1
15d 636 000 000 6 6 0 0 0 0 000000 1
19d c2b 000 000 6 6 0 0 0 0 000000 1
1fd eda 000 000 8 8 0 0 0 0 000000 1
1cd 959 000 000 6 6 0 0 0 0 000000 1
1d5 39c 000 000 6 6 0 0 0 0 000000 1
1d9 593 000 000 6 6 0 0 0 0 000000 1
1df 4fd 000 000 8 8 0 0 0 0 000000 1
1dc 54e 000 000 6 6 0 0 0 0 000000 1
01d a18 000 000 4 4 0 0 0 0 000000 1
07d 8e9 000 000 6 6 0 0 0 0 000000 1
04d f6a 000 000 4 8 0 0 0 0 000000 1
055 5af 000 000 4 8 0 0 0 0 000000 1
059 3a0 000 000 4 4 0 0 0 0 000000 1
05f 2ce 000 000 6 6 0 0 0 0 000000 1
05c 37d 000 000 4 8 0 0 0 0 000000 1
0bd 2f4 000 000 6 6 0 0 0 0 000000 1
08d 577 000 000 4 8 0 0 0 0 000000 1
095 fb2 000 000 4 8 0 0 0 0 000000 1
099 9bd 000 000 4 8 0 0 0 0 000000 1
09f 8d3 000 000 6 6 0 0 0 0 000000 1
09c 960 000 000 4 4 0 0 0 0 000000 1
0ed 786 000 000 6 6 0 0 0 0 000000 1
0f5 d43 000 000 6 6 0 0 0 0 000000 1
0f9 b4c 000 000 6 6 0 0 0 0 000000 1
0ff a22 000 000 8 4 0 0 0 0 000000 1
0fc b91 000 000 6 6 0 0 0 0 000000 1
0c5 ac0 000 000 4 4 0 0 0 0 000000 1
0c9 ccf 000 000 4 8 0 0 0 0 000000 1
0cf da1 000 000 6 6 0 0 0 0 000000 1
0cc c12 000 000 4 4 0 0 0 0 000000 1
0d1 60a 000 000 4 4 0 0 0 0 000000 1
0d7 764 000 000 6 6 0 0 0 0 000000 1
0d4 6d7 000 000 4 8 0 0 0 0 000000 1
0db 16b 000 000 6 6 0 0 0 0 000000 1
0d8 0d8 000 000 4 4 0 0 0 0 000000 1
0de 1b6 000 000 6 6 0 0 0 0 000000 1
074 e3b 000 000 4 8 0 0 0 0 000000 1
374 68e 000 000 6 6 0 0 0 0 000000 1
2f4 0bd 000 000 6 6 0 0 0 0 000000 1
234 aa0 000 000 4 4 0 0 0 0 000000 1
254 851 000 000 4 4 0 0 0 0 000000 1
264 fd2 000 000 4 8 0 0 0 0 000000 1
27c 517 000 000 6 6 0 0 0 0 000000 1
270 318 000 000 4 4 0 0 0 0 000000 1
276 276 000 000 6 6 0 0 0 0 000000 1
275 3c5 000 000 6 6 0 0 0 0 000000 1
574 13e 000 000 6 6 0 0 0 0 000000 1
4f4 70d 000 000 6 6 0 0 0 0 000000 1
434 d10 000 000 4 4 0 0 0 0 000000 1
454 fe1 000 000 4 8 0 0 0 0 000000 1
464 862 000 000 4 4 0 0 0 0 000000 1
47c 2a7 000 000 6 6 0 0 0 0 000000 1
470 4a8 000 000 4 4 0 0 0 0 000000 1
476 5c6 000 000 6 6 0 0 0 0 000000 1
475 475 000 000 6 6 0 0 0 0 000000 1
7f4 fb8 000 000 8 8 0 0 0 0 000000 1
734 5a5 000 000 6 6 0 0 0 0 000000 1
754 754 000 000 6 6 0 0 0 0 000000 1
764 0d7 000 000 6 6 0 0 0 0 000000 1
77c a12 000 000 8 4 0 0 0 0 000000 1
770 c1d 000 000 6 6 0 0 0 0 000000 1
776 d73 000 000 8 8 0 0 0 0 000000 1
775 cc0 000 000 8 4 0 0 0 0 000000 1
6b4 396 000 000 6 6 0 0 0 0 000000 1
6d4 167 000 000 6 6 0 0 0 0 000000 1
6e4 6e4 000 000 6 6 0 0 0 0 000000 1
6fc c21 000 000 8 4 0 0 0 0 000000 1
6f0 a2e 000 000 6 6 0 0 0 0 000000 1
6f6 b40 000 000 8 4 0 0 0 0 000000 1
6f5 af3 000 000 8 8 0 0 0 0 000000 1
614 b7a 000 000 4 8 0 0 0 0 000000 1
624 cf9 000 000 4 8 0 0 0 0 000000 1
63c 63c 000 000 6 6 0 0 0 0 000000 1
630 033 000 000 4 4 0 0 0 0 000000 1
636 15d 000 000 6 6 0 0 0 0 000000 1
635 0ee 000 000 6 6 0 0 0 0 000000 1
644 e08 000 000 4 4 0 0 0 0 000000 1
65c 4cd 000 000 6 6 0 0 0 0 000000 1
650 2c2 000 000 4 4 0 0 0 0 000000 1
656 3ac 000 000 6 6 0 0 0 0 000000 1
655 21f 000 000 6 6 0 0 0 0 000000 1
66c 34e 000 000 6 6 0 0 0 0 000000 1
660 541 000 000 4 4 0 0 0 0 000000 1
666 42f 000 000 6 6 0 0 0 0 000000 1
665 59c 000 000 6 6 0 0 0 0 000000 1
678 f84 000 000 6 6 0 0 0 0 000000 1
67e eea 000 000 8 8 0 0 0 0 000000 1
67d f59 000 000 8 8 0 0 0 0 000000 1
672 8e5 000 000 6 6 0 0 0 0 000000 1
671 956 000 000 6 6 0 0 0 0 000000 1
677 838 000 000 8 4 0 0 0 0 000000 1
974 c56 000 000 6 6 0 0 0 0 000000 1
8f4 a65 000 000 6 6 0 0 0 0 000000 1
834 078 000 000 4 4 0 0 0 0 000000 1
854 289 000 000 4 4 0 0 0 0 000000 1
864 50a 000 000 4 4 0 0 0 0 000000 1
87c fcf 000 000 6 a 0 0 0 0 000000 1
870 9c0 000 000 4 4 0 0 0 0 000000 1
876 8ae 000 000 6 6 0 0 0 0 000000 1
875 91d 000 000 6 6 0 0 0 0 000000 1
bf4 2d0 000 000 8 4 0 0 0 0 000000 1
b34 8cd 000 000 6 6 0 0 0 0 000000 1
b54 a3c 000 000 6 6 0 0 0 0 000000 1
b64 dbf 000 000 6 a 0 0 0 0 000000 1
b7c 77a 000 000 8 8 0 0 0 0 000000 1
b70 175 000 000 6 6 0 0 0 0 000000 1
b76 01b 000 000 8 4 0 0 0 0 000000 1
b75 1a8 000 000 8 4 0 0 0 0 000000 1
ab4 efe 000 000 6 a 0 0 0 0 000000 1
ad4 c0f 000 000 6 6 0 0 0 0 000000 1
ae4 b8c 000 000 6 6 0 0 0 0 000000 1
afc 149 000 000 8 4 0 0 0 0 000000 1
af0 746 000 000 6 6 0 0 0 0 000000 1
af6 628 000 000 8 4 0 0 0 0 000000 1
af5 79b 000 000 8 8 0 0 0 0 000000 1
a14 612 000 000 4 4 0 0 0 0 000000 1
a24 191 000 000 4 4 0 0 0 0 000000 1
a3c b54 000 000 6 6 0 0 0 0 000000 1
a30 d5b 000 000 4 8 0 0 0 0 000000 1
a36 c35 000 000 6 6 0 0 0 0 000000 1
a35 d86 000 000 6 6 0 0 0 0 000000 1
a44 360 000 000 4 4 0 0 0 0 000000 1
a5c 9a5 000 000 6 6 0 0 0 0 000000 1
a50 faa 000 000 4 8 0 0 0 0 000000 1
a56 ec4 000 000 6 6 0 0 0 0 000000 1
a55 f77 000 000 6 a 0 0 0 0 000000 1
a6c e26 000 000 6 6 0 0 0 0 000000 1
a60 829 000 000 4 4 0 0 0 0 000000 1
a66 947 000 000 6 6 0 0 0 0 000000 1
a65 8f4 000 000 6 6 0 0 0 0 000000 1
a78 2ec 000 000 6 6 0 0 0 0 000000 1
a7e 382 000 000 8 4 0 0 0 0 000000 1
a7d 231 000 000 8 4 0 0 0 0 000000 1
a72 58d 000 000 6 6 0 0 0 0 000000 1
a71 43e 000 000 6 6 0 0 0 0 000000 1
a77 550 000 000 8 4 0 0 0 0 000000 1
df4 560 000 000 8 4 0 0 0 0 000000 1
d34 f7d 000 000 6 a 0 0 0 0 000000 1
d54 d8c 000 000 6 6 0 0 0 0 000000 1
d64 a0f 000 000 6 6 0 0 0 0 000000 1
d7c 0ca 000 000 8 4 0 0 0 0 000000 1
d70 6c5 000 000 6 6 0 0 0 0 000000 1
d76 7ab 000 000 8 8 0 0 0 0 000000 1
d75 618 000 000 8 4 0 0 0 0 000000 1
cb4 94e 000 000 6 6 0 0 0 0 000000 1
cd4 bbf 000 000 6 a 0 0 0 0 000000 1
ce4 c3c 000 000 6 6 0 0 0 0 000000 1
cfc 6f9 000 000 8 8 0 0 0 0 000000 1
cf0 0f6 000 000 6 6 0 0 0 0 000000 1
cf6 198 000 000 8 4 0 0 0 0 000000 1
cf5 02b 000 000 8 4 0 0 0 0 000000 1
c14 1a2 000 000 4 4 0 0 0 0 000000 1
c24 621 000 000 4 4 0 0 0 0 000000 1
c3c ce4 000 000 6 6 0 0 0 0 000000 1
c30 aeb 000 000 4 8 0 0 0 0 000000 1
c36 b85 000 000 6 6 0 0 0 0 000000 1
c35 a36 000 000 6 6 0 0 0 0 000000 1
c44 4d0 000 000 4 4 0 0 0 0 000000 1
c5c e15 000 000 6 6 0 0 0 0 000000 1
c50 81a 000 000 4 4 0 0 0 0 000000 1
c56 974 000 000 6 6 0 0 0 0 000000 1
c55 8c7 000 000 6 6 0 0 0 0 000000 1
c6c 996 000 000 6 6 0 0 0 0 000000 1
c60 f99 000 000 4 8 0 0 0 0 000000 1
c66 ef7 000 000 6 a 0 0 0 0 000000 1
c65 f44 000 000 6 6 0 0 0 0 000000 1
c78 55c 000 000 6 6 0 0 0 0 000000 1
c7e 432 000 000 8 4 0 0 0 0 000000 1
c7d 581 000 000 8 4 0 0 0 0 000000 1
c72 23d 000 000 6 6 0 0 0 0 000000 1
c71 38e 000 000 6 6 0 0 0 0 000000 1
c77 2e0 000 000 8 4 0 0 0 0 000000 1
fb4 1fb 000 000 8 8 0 0 0 0 000000 1
fd4 30a 000 000 8 4 0 0 0 0 000000 1
fe4 489 000 000 8 4 0 0 0 0 000000 1
ffc e4c 000 000 a 6 0 0 0 0 000000 1
ff0 843 000 000 8 4 0 0 0 0 000000 1
ff6 92d 000 000 a 6 0 0 0 0 000000 1
ff5 89e 000 000 a 6 0 0 0 0 000000 1
f14 917 000 000 6 6 0 0 0 0 000000 1
f24 e94 000 000 6 6 0 0 0 0 000000 1
f3c 451 000 000 8 4 0 0 0 0 000000 1
f30 25e 000 000 6 6 0 0 0 0 000000 1
f36 330 000 000 8 4 0 0 0 0 000000 1
f35 283 000 000 8 4 0 0 0 0 000000 1
f44 c65 000 000 6 6 0 0 0 0 000000 1
f5c 6a0 000 000 8 4 0 0 0 0 000000 1
f50 0af 000 000 6 6 0 0 0 0 000000 1
f56 1c1 000 000 8 4 0 0 0 0 000000 1
f55 072 000 000 8 4 0 0 0 0 000000 1
f6c 123 000 000 8 4 0 0 0 0 000000 1
f60 72c 000 000 6 6 0 0 0 0 000000 1
f66 642 000 000 8 4 0 0 0 0 000000 1
f65 7f1 000 000 8 8 0 0 0 0 000000 1
f78 de9 000 000 8 8 0 0 0 0 000000 1
f7e c87 000 000 a 6 0 0 0 0 000000 1
f7d d34 000 000 a 6 0 0 0 0 000000 1
f72 a88 000 000 8 4 0 0 0 0 000000 1
f71 b3b 000 000 8 8 0 0 0 0 000000 1
f77 a55 000 000 a 6 0 0 0 0 000000 1
e94 f24 000 000 6 6 0 0 0 0 000000 1
ea4 8a7 000 000 6 6 0 0 0 0 000000 1
ebc 262 000 000 8 4 0 0 0 0 000000 1
eb0 46d 000 000 6 6 0 0 0 0 000000 1
eb6 503 000 000 8 4 0 0 0 0 000000 1
eb5 4b0 000 000 8 4 0 0 0 0 000000 1
ec4 a56 000 000 6 6 0 0 0 0 000000 1
edc 093 000 000 8 4 0 0 0 0 000000 1
ed0 69c 000 000 6 6 0 0 0 0 000000 1
ed6 7f2 000 000 8 8 0 0 0 0 000000 1
ed5 641 000 000 8 4 0 0 0 0 000000 1
eec 710 000 000 8 4 0 0 0 0 000000 1
ee0 11f 000 000 6 6 0 0 0 0 000000 1
ee6 071 000 000 8 4 0 0 0 0 000000 1
ee5 1c2 000 000 8 4 0 0 0 0 000000 1
ef8 bda 000 000 8 8 0 0 0 0 000000 1
efe ab4 000 000 a 6 0 0 0 0 000000 1
efd b07 000 000 a 6 0 0 0 0 000000 1
ef2 cbb 000 000 8 8 0 0 0 0 000000 1
ef1 d08 000 000 8 4 0 0 0 0 000000 1
ef7 c66 000 000 a 6 0 0 0 0 000000 1
e04 04b 000 000 4 4 0 0 0 0 000000 1
e1c a8e 000 000 6 6 0 0 0 0 000000 1
e10 c81 000 000 4 4 0 0 0 0 000000 1
e16 def 000 000 6 a 0 0 0 0 000000 1
e15 c5c 000 000 6 6 0 0 0 0 000000 1
e2c d0d 000 000 6 6 0 0 0 0 000000 1
e20 b02 000 000 4 4 0 0 0 0 000000 1
e26 a6c 000 000 6 6 0 0 0 0 000000 1
e25 bdf 000 000 6 a 0 0 0 0 000000 1
e38 1c7 000 000 6 6 0 0 0 0 000000 1
e3e 0a9 000 000 8 4 0 0 0 0 000000 1
e3d 11a 000 000 8 4 0 0 0 0 000000 1
e32 6a6 000 000 6 6 0 0 0 0 000000 1
e31 715 000 000 6 6 0 0 0 0 000000 1
e37 67b 000 000 8 8 0 0 0 0 000000 1
e4c ffc 000 000 6 a 0 0 0 0 000000 1
e40 9f3 000 000 4 8 0 0 0 0 000000 1
e46 89d 000 000 6 6 0 0 0 0 000000 1
e45 92e 000 000 6 6 0 0 0 0 000000 1
e58 336 000 000 6 6 0 0 0 0 000000 1
e5e 258 000 000 8 4 0 0 0 0 000000 1
e5d 3eb 000 000 8 8 0 0 0 0 000000 1
e52 457 000 000 6 6 0 0 0 0 000000 1
e51 5e4 000 000 6 6 0 0 0 0 000000 1
e57 48a 000 000 8 4 0 0 0 0 000000 1
e68 4b5 000 000 6 6 0 0 0 0 000000 1
e6e 5db 000 000 8 8 0 0 0 0 000000 1
e6d 468 000 000 8 4 0 0 0 0 000000 1
e62 3d4 000 000 6 6 0 0 0 0 000000 1
e61 267 000 000 6 6 0 0 0 0 000000 1
e67 309 000 000 8 4 0 0 0 0 000000 1
e7a 911 000 000 8 4 0 0 0 0 000000 1
e79 8a2 000 000 8 4 0 0 0 0 000000 1
e7f 9cc 000 000 a 6 0 0 0 0 000000 1
e73 fc3 000 000 8 8 0 0 0 0 000000 1
db3 d6b 000 000 8 8 0 0 0 0 000000 1
bb3 adb 000 000 8 8 0 0 0 0 000000 1
8b3 26e 000 000 6 6 0 0 0 0 000000 1
933 45d 000 000 6 6 0 0 0 0 000000 1
9f3 e40 000 000 8 4 0 0 0 0 000000 1
993 cb1 000 000 6 6 0 0 0 0 000000 1
9a3 b32 000 000 6 6 0 0 0 0 000000 1
9bb 1f7 000 000 8 8 0 0 0 0 000000 1
9b7 7f8 000 000 8 8 0 0 0 0 000000 1
9b1 696 000 000 6 6 0 0 0 0 000000 1
9b2 725 000 000 6 6 0 0 0 0 000000 1
7b3 7b3 000 000 8 8 0 0 0 0 000000 1
4b3 f06 000 000 6 6 0 0 0 0 000000 1
533 935 000 000 6 6 0 0 0 0 000000 1
5f3 328 000 000 8 4 0 0 0 0 000000 1
593 1d9 000 000 6 6 0 0 0 0 000000 1
5a3 65a 000 000 6 6 0 0 0 0 000000 1
5bb c9f 000 000 8 8 0 0 0 0 000000 1
5b7 a90 000 000 8 4 0 0 0 0 000000 1
5b1 bfe 000 000 6 a 0 0 0 0 000000 1
5b2 a4d 000 000 6 6 0 0 0 0 000000 1
2b3 8b6 000 000 6 6 0 0 0 0 000000 1
333 e85 000 000 6 6 0 0 0 0 000000 1
3f3 498 000 000 8 4 0 0 0 0 000000 1
393 669 000 000 6 6 0 0 0 0 000000 1
3a3 1ea 000 000 6 6 0 0 0 0 000000 1
3bb b2f 000 000 8 8 0 0 0 0 000000 1
3b7 d20 000 000 8 4 0 0 0 0 000000 1
3b1 c4e 000 000 6 6 0 0 0 0 000000 1
3b2 dfd 000 000 6 a 0 0 0 0 000000 1
033 630 000 000 4 4 0 0 0 0 000000 1
0f3 c2d 000 000 6 6 0 0 0 0 000000 1
093 edc 000 000 4 8 0 0 0 0 000000 1
0a3 95f 000 000 4 8 0 0 0 0 000000 1
0bb 39a 000 000 6 6 0 0 0 0 000000 1
0b7 595 000 000 6 6 0 0 0 0 000000 1
0b1 4fb 000 000 4 8 0 0 0 0 000000 1
0b2 548 000 000 4 4 0 0 0 0 000000 1
173 a1e 000 000 6 6 0 0 0 0 000000 1
113 8ef 000 000 4 8 0 0 0 0 000000 1
123 f6c 000 000 4 8 0 0 0 0 000000 1
13b 5a9 000 000 6 6 0 0 0 0 000000 1
137 3a6 000 000 6 6 0 0 0 0 000000 1
131 2c8 000 000 4 4 0 0 0 0 000000 1
132 37b 000 000 4 8 0 0 0 0 000000 1
1d3 2f2 000 000 6 6 0 0 0 0 000000 1
1e3 571 000 000 6 6 0 0 0 0 000000 1
1fb fb4 000 000 8 8 0 0 0 0 000000 1
1f7 9bb 000 000 8 8 0 0 0 0 000000 1
1f1 8d5 000 000 6 6 0 0 0 0 000000 1
1f2 966 000 000 6 6 0 0 0 0 000000 1
183 780 000 000 4 4 0 0 0 0 000000 1
19b d45 000 000 6 6 0 0 0 0 000000 1
197 b4a 000 000 6 6 0 0 0 0 000000 1
191 a24 000 000 4 4 0 0 0 0 000000 1
192 b97 000 000 4 8 0 0 0 0 000000 1
1ab ac6 000 000 6 6 0 0 0 0 000000 1
1a7 cc9 000 000 6 6 0 0 0 0 000000 1
1a1 da7 000 000 4 8 0 0 0 0 000000 1
1a2 c14 000 000 4 4 0 0 0 0 000000 1
1bf 60c 000 000 8 4 0 0 0 0 000000 1
1b9 762 000 000 6 6 0 0 0 0 000000 1
1ba 6d1 000 000 6 6 0 0 0 0 000000 1
1b5 16d 000 000 6 6 0 0 0 0 000000 1
1b6 0de 000 000 6 6 0 0 0 0 000000 1
1b0 1b0 000 000 4 4 0 0 0 0 000000 1
11a e3d 000 000 4 8 0 0 0 0 000000 1
21a 688 000 000 4 4 0 0 0 0 000000 1
39a 0bb 000 000 6 6 0 0 0 0 000000 1
35a aa6 000 000 6 6 0 0 0 0 000000 1
33a 857 000 000 6 6 0 0 0 0 000000 1
30a fd4 000 000 4 8 0 0 0 0 000000 1
312 511 000 000 4 4 0 0 0 0 000000 1
31e 31e 000 000 6 6 0 0 0 0 000000 1
318 270 000 000 4 4 0 0 0 0 000000 1
31b 3c3 000 000 6 6 0 0 0 0 000000 1
41a 138 000 000 4 4 0 0 0 0 000000 1
59a 70b 000 000 6 6 0 0 0 0 000000 1
55a d16 000 000 6 6 0 0 0 0 000000 1
53a fe7 000 000 6 a 0 0 0 0 000000 1
50a 864 000 000 4 4 0 0 0 0 000000 1
512 2a1 000 000 4 4 0 0 0 0 000000 1
51e 4ae 000 000 6 6 0 0 0 0 000000 1
518 5c0 000 000 4 4 0 0 0 0 000000 1
51b 473 000 000 6 6 0 0 0 0 000000 1
69a fbe 000 000 6 a 0 0 0 0 000000 1
65a 5a3 000 000 6 6 0 0 0 0 000000 1
63a 752 000 000 6 6 0 0 0 0 000000 1
60a 0d1 000 000 4 4 0 0 0 0 000000 1
612 a14 000 000 4 4 0 0 0 0 000000 1
61e c1b 000 000 6 6 0 0 0 0 000000 1
618 d75 000 000 4 8 0 0 0 0 000000 1
61b cc6 000 000 6 6 0 0 0 0 000000 1
7da 390 000 000 8 4 0 0 0 0 000000 1
7ba 161 000 000 8 4 0 0 0 0 000000 1
78a 6e2 000 000 6 6 0 0 0 0 000000 1
792 c27 000 000 6 6 0 0 0 0 000000 1
79e a28 000 000 8 4 0 0 0 0 000000 1
798 b46 000 000 6 6 0 0 0 0 000000 1
79b af5 000 000 8 8 0 0 0 0 000000 1
77a b7c 000 000 8 8 0 0 0 0 000000 1
74a cff 000 000 6 a 0 0 0 0 000000 1
752 63a 000 000 6 6 0 0 0 0 000000 1
75e 035 000 000 8 4 0 0 0 0 000000 1
758 15b 000 000 6 6 0 0 0 0 000000 1
75b 0e8 000 000 8 4 0 0 0 0 000000 1
72a e0e 000 000 6 6 0 0 0 0 000000 1
732 4cb 000 000 6 6 0 0 0 0 000000 1
73e 2c4 000 000 8 4 0 0 0 0 000000 1
738 3aa 000 000 6 6 0 0 0 0 000000 1
73b 219 000 000 8 4 0 0 0 0 000000 1
702 348 000 000 4 4 0 0 0 0 000000 1
70e 547 000 000 6 6 0 0 0 0 000000 1
708 429 000 000 4 4 0 0 0 0 000000 1
70b 59a 000 000 6 6 0 0 0 0 000000 1
716 f82 000 000 6 6 0 0 0 0 000000 1
710 eec 000 000 4 8 0 0 0 0 000000 1
713 f5f 000 000 6 a 0 0 0 0 000000 1
71c 8e3 000 000 6 6 0 0 0 0 000000 1
71f 950 000 000 8 4 0 0 0 0 000000 1
719 83e 000 000 6 6 0 0 0 0 000000 1
81a c50 000 000 4 4 0 0 0 0 000000 1
99a a63 000 000 6 6 0 0 0 0 000000 1
95a 07e 000 000 6 6 0 0 0 0 000000 1
93a 28f 000 000 6 6 0 0 0 0 000000 1
90a 50c 000 000 4 4 0 0 0 0 000000 1
912 fc9 000 000 4 8 0 0 0 0 000000 1
91e 9c6 000 000 6 6 0 0 0 0 000000 1
918 8a8 000 000 4 4 0 0 0 0 000000 1
91b 91b 000 000 6 6 0 0 0 0 000000 1
a9a 2d6 000 000 6 6 0 0 0 0 000000 1
a5a 8cb 000 000 6 6 0 0 0 0 000000 1
a3a a3a 000 000 6 6 0 0 0 0 000000 1
a0a db9 000 000 4 8 0 0 0 0 000000 1
a12 77c 000 000 4 8 0 0 0 0 000000 1
a1e 173 000 000 6 6 0 0 0 0 000000 1
a18 01d 000 000 4 4 0 0 0 0 000000 1
a1b 1ae 000 000 6 6 0 0 0 0 000000 1
bda ef8 000 000 8 8 0 0 0 0 000000 1
bba c09 000 000 8 4 0 0 0 0 000000 1
b8a b8a 000 000 6 6 0 0 0 0 000000 1
b92 14f 000 000 6 6 0 0 0 0 000000 1
b9e 740 000 000 8 4 0 0 0 0 000000 1
b98 62e 000 000 6 6 0 0 0 0 000000 1
b9b 79d 000 000 8 8 0 0 0 0 000000 1
b7a 614 000 000 8 4 0 0 0 0 000000 1
b4a 197 000 000 6 6 0 0 0 0 000000 1
b52 b52 000 000 6 6 0 0 0 0 000000 1
b5e d5d 000 000 8 8 0 0 0 0 000000 1
b58 c33 000 000 6 6 0 0 0 0 000000 1
b5b d80 000 000 8 4 0 0 0 0 000000 1
b2a 366 000 000 6 6 0 0 0 0 000000 1
b32 9a3 000 000 6 6 0 0 0 0 000000 1
b3e fac 000 000 8 8 0 0 0 0 000000 1
b38 ec2 000 000 6 6 0 0 0 0 000000 1
b3b f71 000 000 8 8 0 0 0 0 000000 1
b02 e20 000 000 4 4 0 0 0 0 000000 1
b0e 82f 000 000 6 6 0 0 0 0 000000 1
b08 941 000 000 4 4 0 0 0 0 000000 1
b0b 8f2 000 000 6 6 0 0 0 0 000000 1
b16 2ea 000 000 6 6 0 0 0 0 000000 1
b10 384 000 000 4 4 0 0 0 0 000000 1
b13 237 000 000 6 6 0 0 0 0 000000 1
b1c 58b 000 000 6 6 0 0 0 0 000000 1
b1f 438 000 000 8 4 0 0 0 0 000000 1
b19 556 000 000 6 6 0 0 0 0 000000 1
c9a 566 000 000 6 6 0 0 0 0 000000 1
c5a f7b 000 000 6 a 0 0 0 0 000000 1
c3a d8a 000 000 6 6 0 0 0 0 000000 1
c0a a09 000 000 4 4 0 0 0 0 000000 1
c12 0cc 000 000 4 4 0 0 0 0 000000 1
c1e 6c3 000 000 6 6 0 0 0 0 000000 1
c18 7ad 000 000 4 8 0 0 0 0 000000 1
c1b 61e 000 000 6 6 0 0 0 0 000000 1
dda 948 000 000 8 4 0 0 0 0 000000 1
dba bb9 000 000 8 8 0 0 0 0 000000 1
d8a c3a 000 000 6 6 0 0 0 0 000000 1
d92 6ff 000 000 6 a 0 0 0 0 000000 1
d9e 0f0 000 000 8 4 0 0 0 0 000000 1
d98 19e 000 000 6 6 0 0 0 0 000000 1
d9b 02d 000 000 8 4 0 0 0 0 000000 1
d7a 1a4 000 000 8 4 0 0 0 0 000000 1
d4a 627 000 000 6 6 0 0 0 0 000000 1
d52 ce2 000 000 6 6 0 0 0 0 000000 1
d5e aed 000 000 8 8 0 0 0 0 000000 1
d58 b83 000 000 6 6 0 0 0 0 000000 1
d5b a30 000 000 8 4 0 0 0 0 000000 1
d2a 4d6 000 000 6 6 0 0 0 0 000000 1
d32 e13 000 000 6 6 0 0 0 0 000000 1
d3e 81c 000 000 8 4 0 0 0 0 000000 1
d38 972 000 000 6 6 0 0 0 0 000000 1
d3b 8c1 000 000 8 4 0 0 0 0 000000 1
d02 990 000 000 4 4 0 0 0 0 000000 1
d0e f9f 000 000 6 a 0 0 0 0 000000 1
d08 ef1 000 000 4 8 0 0 0 0 000000 1
d0b f42 000 000 6 6 0 0 0 0 000000 1
d16 55a 000 000 6 6 0 0 0 0 000000 1
d10 434 000 000 4 4 0 0 0 0 000000 1
d13 587 000 000 6 6 0 0 0 0 000000 1
d1c 23b 000 000 6 6 0 0 0 0 000000 1
d1f 388 000 000 8 4 0 0 0 0 000000 1
d19 2e6 000 000 6 6 0 0 0 0 000000 1
eda 1fd 000 000 8 8 0 0 0 0 000000 1
eba 30c 000 000 8 4 0 0 0 0 000000 1
e8a 48f 000 000 6 6 0 0 0 0 000000 1
e92 e4a 000 000 6 6 0 0 0 0 000000 1
e9e 845 000 000 8 4 0 0 0 0 000000 1
e98 92b 000 000 6 6 0 0 0 0 000000 1
e9b 898 000 000 8 4 0 0 0 0 000000 1
e7a 911 000 000 8 4 0 0 0 0 000000 1
e4a e92 000 000 6 6 0 0 0 0 000000 1
e52 457 000 000 6 6 0 0 0 0 000000 1
e5e 258 000 000 8 4 0 0 0 0 000000 1
e58 336 000 000 6 6 0 0 0 0 000000 1
e5b 285 000 000 8 4 0 0 0 0 000000 1
e2a c63 000 000 6 6 0 0 0 0 000000 1
e32 6a6 000 000 6 6 0 0 0 0 000000 1
e3e 0a9 000 000 8 4 0 0 0 0 000000 1
e38 1c7 000 000 6 6 0 0 0 0 000000 1
e3b 074 000 000 8 4 0 0 0 0 000000 1
e02 125 000 000 4 4 0 0 0 0 000000 1
e0e 72a 000 000 6 6 0 0 0 0 000000 1
e08 644 000 000 4 4 0 0 0 0 000000 1
e0b 7f7 000 000 6 a 0 0 0 0 000000 1
e16 def 000 000 6 a 0 0 0 0 000000 1
e10 c81 000 000 4 4 0 0 0 0 000000 1
e13 d32 000 000 6 6 0 0 0 0 000000 1
e1c a8e 000 000 6 6 0 0 0 0 000000 1
e1f b3d 000 000 8 8 0 0 0 0 000000 1
e19 a53 000 000 6 6 0 0 0 0 000000 1
ffa f22 000 000 a 6 0 0 0 0 000000 1
fca 8a1 000 000 8 4 0 0 0 0 000000 1
fd2 264 000 000 8 4 0 0 0 0 000000 1
fde 46b 000 000 a 6 0 0 0 0 000000 1
fd8 505 000 000 8 4 0 0 0 0 000000 1
fdb 4b6 000 000 a 6 0 0 0 0 000000 1
faa a50 000 000 8 4 0 0 0 0 000000 1
fb2 095 000 000 8 4 0 0 0 0 000000 1
fbe 69a 000 000 a 6 0 0 0 0 000000 1
fb8 7f4 000 000 8 8 0 0 0 0 000000 1
fbb 647 000 000 a 6 0 0 0 0 000000 1
f82 716 000 000 6 6 0 0 0 0 000000 1
f8e 119 000 000 8 4 0 0 0 0 000000 1
f88 077 000 000 6 6 0 0 0 0 000000 1
f8b 1c4 000 000 8 4 0 0 0 0 000000 1
f96 bdc 000 000 8 8 0 0 0 0 000000 1
f90 ab2 000 000 6 6 0 0 0 0 000000 1
f93 b01 000 000 8 4 0 0 0 0 000000 1
f9c cbd 000 000 8 8 0 0 0 0 000000 1
f9f d0e 000 000 a 6 0 0 0 0 000000 1
f99 c60 000 000 8 4 0 0 0 0 000000 1
f6a 04d 000 000 8 4 0 0 0 0 000000 1
f72 a88 000 000 8 4 0 0 0 0 000000 1
f7e c87 000 000 a 6 0 0 0 0 000000 1
f78 de9 000 000 8 8 0 0 0 0 000000 1
f7b c5a 000 000 a 6 0 0 0 0 000000 1
f42 d0b 000 000 6 6 0 0 0 0 000000 1
f4e b04 000 000 8 4 0 0 0 0 000000 1
f48 a6a 000 000 6 6 0 0 0 0 000000 1
f4b bd9 000 000 8 8 0 0 0 0 000000 1
f56 1c1 000 000 8 4 0 0 0 0 000000 1
f50 0af 000 000 6 6 0 0 0 0 000000 1
f53 11c 000 000 8 4 0 0 0 0 000000 1
f5c 6a0 000 000 8 4 0 0 0 0 000000 1
f5f 713 000 000 a 6 0 0 0 0 000000 1
f59 67d 000 000 8 8 0 0 0 0 000000 1
f22 ffa 000 000 6 a 0 0 0 0 000000 1
f2e 9f5 000 000 8 8 0 0 0 0 000000 1
f28 89b 000 000 6 6 0 0 0 0 000000 1
f2b 928 000 000 8 4 0 0 0 0 000000 1
f36 330 000 000 8 4 0 0 0 0 000000 1
f30 25e 000 000 6 6 0 0 0 0 000000 1
f33 3ed 000 000 8 8 0 0 0 0 000000 1
f3c 451 000 000 8 4 0 0 0 0 000000 1
f3f 5e2 000 000 a 6 0 0 0 0 000000 1
f39 48c 000 000 8 4 0 0 0 0 000000 1
f06 4b3 000 000 6 6 0 0 0 0 000000 1
f00 5dd 000 000 4 8 0 0 0 0 000000 1
f03 46e 000 000 6 6 0 0 0 0 000000 1
f0c 3d2 000 000 6 6 0 0 0 0 000000 1
f0f 261 000 000 8 4 0 0 0 0 000000 1
f09 30f 000 000 6 6 0 0 0 0 000000 1
f14 917 000 000 6 6 0 0 0 0 000000 1
f17 8a4 000 000 8 4 0 0 0 0 000000 1
f11 9ca 000 000 6 6 0 0 0 0 000000 1
f1d fc5 000 000 8 8 0 0 0 0 000000 1
0a9 e3e 000 000 4 8 0 0 0 0 000000 1
3a9 68b 000 000 6 6 0 0 0 0 000000 1
229 0b8 000 000 4 4 0 0 0 0 000000 1
2e9 aa5 000 000 6 6 0 0 0 0 000000 1
289 854 000 000 4 4 0 0 0 0 000000 1
2b9 fd7 000 000 6 a 0 0 0 0 000000 1
2a1 512 000 000 4 4 0 0 0 0 000000 1
2ad 31d 000 000 6 6 0 0 0 0 000000 1
2ab 273 000 000 6 6 0 0 0 0 000000 1
2a8 3c0 000 000 4 4 0 0 0 0 000000 1
5a9 13b 000 000 6 6 0 0 0 0 000000 1
429 708 000 000 4 4 0 0 0 0 000000 1
4e9 d15 000 000 6 6 0 0 0 0 000000 1
489 fe4 000 000 4 8 0 0 0 0 000000 1
4b9 867 000 000 6 6 0 0 0 0 000000 1
4a1 2a2 000 000 4 4 0 0 0 0 000000 1
4ad 4ad 000 000 6 6 0 0 0 0 000000 1
4ab 5c3 000 000 6 6 0 0 0 0 000000 1
4a8 470 000 000 4 4 0 0 0 0 000000 1
729 fbd 000 000 6 a 0 0 0 0 000000 1
7e9 5a0 000 000 8 4 0 0 0 0 000000 1
789 751 000 000 6 6 0 0 0 0 000000 1
7b9 0d2 000 000 8 4 0 0 0 0 000000 1
7a1 a17 000 000 6 6 0 0 0 0 000000 1
7ad c18 000 000 8 4 0 0 0 0 000000 1
7ab d76 000 000 8 8 0 0 0 0 000000 1
7a8 cc5 000 000 6 6 0 0 0 0 000000 1
669 393 000 000 6 6 0 0 0 0 000000 1
609 162 000 000 4 4 0 0 0 0 000000 1
639 6e1 000 000 6 6 0 0 0 0 000000 1
621 c24 000 000 4 4 0 0 0 0 000000 1
62d a2b 000 000 6 6 0 0 0 0 000000 1
62b b45 000 000 6 6 0 0 0 0 000000 1
628 af6 000 000 4 8 0 0 0 0 000000 1
6c9 b7f 000 000 6 a 0 0 0 0 000000 1
6f9 cfc 000 000 8 8 0 0 0 0 000000 1
6e1 639 000 000 6 6 0 0 0 0 000000 1
6ed 036 000 000 8 4 0 0 0 0 000000 1
6eb 158 000 000 8 4 0 0 0 0 000000 1
6e8 0eb 000 000 6 6 0 0 0 0 000000 1
699 e0d 000 000 6 6 0 0 0 0 000000 1
681 4c8 000 000 4 4 0 0 0 0 000000 1
68d 2c7 000 000 6 6 0 0 0 0 000000 1
68b 3a9 000 000 6 6 0 0 0 0 000000 1
688 21a 000 000 4 4 0 0 0 0 000000 1
6b1 34b 000 000 6 6 0 0 0 0 000000 1
6bd 544 000 000 8 4 0 0 0 0 000000 1
6bb 42a 000 000 8 4 0 0 0 0 000000 1
6b8 599 000 000 6 6 0 0 0 0 000000 1
6a5 f81 000 000 6 6 0 0 0 0 000000 1
6a3 eef 000 000 6 a 0 0 0 0 000000 1
6a0 f5c 000 000 4 8 0 0 0 0 000000 1
6af 8e0 000 000 8 4 0 0 0 0 000000 1
6ac 953 000 000 6 6 0 0 0 0 000000 1
6aa 83d 000 000 6 6 0 0 0 0 000000 1
9a9 c53 000 000 6 6 0 0 0 0 000000 1
829 a60 000 000 4 4 0 0 0 0 000000 1
8e9 07d 000 000 6 6 0 0 0 0 000000 1
889 28c 000 000 4 4 0 0 0 0 000000 1
8b9 50f 000 000 6 6 0 0 0 0 000000 1
8a1 fca 000 000 4 8 0 0 0 0 000000 1
8ad 9c5 000 000 6 6 0 0 0 0 000000 1
8ab 8ab 000 000 6 6 0 0 0 0 000000 1
8a8 918 000 000 4 4 0 0 0 0 000000 1
b29 2d5 000 000 6 6 0 0 0 0 000000 1
be9 8c8 000 000 8 4 0 0 0 0 000000 1
b89 a39 000 000 6 6 0 0 0 0 000000 1
bb9 dba 000 000 8 8 0 0 0 0 000000 1
ba1 77f 000 000 6 a 0 0 0 0 000000 1
bad 170 000 000 8 4 0 0 0 0 000000 1
bab 01e 000 000 8 4 0 0 0 0 000000 1
ba8 1ad 000 000 6 6 0 0 0 0 000000 1
a69 efb 000 000 6 a 0 0 0 0 000000 1
a09 c0a 000 000 4 4 0 0 0 0 000000 1
a39 b89 000 000 6 6 0 0 0 0 000000 1
a21 14c 000 000 4 4 0 0 0 0 000000 1
a2d 743 000 000 6 6 0 0 0 0 000000 1
a2b 62d 000 000 6 6 0 0 0 0 000000 1
a28 79e 000 000 4 8 0 0 0 0 000000 1
ac9 617 000 000 6 6 0 0 0 0 000000 1
af9 194 000 000 8 4 0 0 0 0 000000 1
ae1 b51 000 000 6 6 0 0 0 0 000000 1
aed d5e 000 000 8 8 0 0 0 0 000000 1
aeb c30 000 000 8 4 0 0 0 0 000000 1
ae8 d83 000 000 6 6 0 0 0 0 000000 1
a99 365 000 000 6 6 0 0 0 0 000000 1
a81 9a0 000 000 4 4 0 0 0 0 000000 1
a8d faf 000 000 6 a 0 0 0 0 000000 1
a8b ec1 000 000 6 6 0 0 0 0 000000 1
a88 f72 000 000 4 8 0 0 0 0 000000 1
ab1 e23 000 000 6 6 0 0 0 0 000000 1
abd 82c 000 000 8 4 0 0 0 0 000000 1
abb 942 000 000 8 4 0 0 0 0 000000 1
ab8 8f1 000 000 6 6 0 0 0 0 000000 1
aa5 2e9 000 000 6 6 0 0 0 0 000000 1
aa3 387 000 000 6 6 0 0 0 0 000000 1
aa0 234 000 000 4 4 0 0 0 0 000000 1
aaf 588 000 000 8 4 0 0 0 0 000000 1
aac 43b 000 000 6 6 0 0 0 0 000000 1
aaa 555 000 000 6 6 0 0 0 0 000000 1
d29 565 000 000 6 6 0 0 0 0 000000 1
de9 f78 000 000 8 8 0 0 0 0 000000 1
d89 d89 000 000 6 6 0 0 0 0 000000 1
db9 a0a 000 000 8 4 0 0 0 0 000000 1
da1 0cf 000 000 6 6 0 0 0 0 000000 1
dad 6c0 000 000 8 4 0 0 0 0 000000 1
dab 7ae 000 000 8 8 0 0 0 0 000000 1
da8 61d 000 000 6 6 0 0 0 0 000000 1
c69 94b 000 000 6 6 0 0 0 0 000000 1
c09 bba 000 000 4 8 0 0 0 0 000000 1
c39 c39 000 000 6 6 0 0 0 0 000000 1
c21 6fc 000 000 4 8 0 0 0 0 000000 1
c2d 0f3 000 000 6 6 0 0 0 0 000000 1
c2b 19d 000 000 6 6 0 0 0 0 000000 1
c28 02e 000 000 4 4 0 0 0 0 000000 1
cc9 1a7 000 000 6 6 0 0 0 0 000000 1
cf9 624 000 000 8 4 0 0 0 0 000000 1
ce1 ce1 000 000 6 6 0 0 0 0 000000 1
ced aee 000 000 8 8 0 0 0 0 000000 1
ceb b80 000 000 8 4 0 0 0 0 000000 1
ce8 a33 000 000 6 6 0 0 0 0 000000 1
c99 4d5 000 000 6 6 0 0 0 0 000000 1
c81 e10 000 000 4 4 0 0 0 0 000000 1
c8d 81f 000 000 6 6 0 0 0 0 000000 1
c8b 971 000 000 6 6 0 0 0 0 000000 1
c88 8c2 000 000 4 4 0 0 0 0 000000 1
cb1 993 000 000 6 6 0 0 0 0 000000 1
cbd f9c 000 000 8 8 0 0 0 0 000000 1
cbb ef2 000 000 8 8 0 0 0 0 000000 1
cb8 f41 000 000 6 6 0 0 0 0 000000 1
ca5 559 000 000 6 6 0 0 0 0 000000 1
ca3 437 000 000 6 6 0 0 0 0 000000 1
ca0 584 000 000 4 4 0 0 0 0 000000 1
caf 238 000 000 8 4 0 0 0 0 000000 1
cac 38b 000 000 6 6 0 0 0 0 000000 1
caa 2e5 000 000 6 6 0 0 0 0 000000 1
f69 1fe 000 000 8 8 0 0 0 0 000000 1
f09 30f 000 000 6 6 0 0 0 0 000000 1
f39 48c 000 000 8 4 0 0 0 0 000000 1
f21 e49 000 000 6 6 0 0 0 0 000000 1
f2d 846 000 000 8 4 0 0 0 0 000000 1
f2b 928 000 000 8 4 0 0 0 0 000000 1
f28 89b 000 000 6 6 0 0 0 0 000000 1
fc9 912 000 000 8 4 0 0 0 0 000000 1
ff9 e91 000 000 a 6 0 0 0 0 000000 1
fe1 454 000 000 8 4 0 0 0 0 000000 1
fed 25b 000 000 a 6 0 0 0 0 000000 1
feb 335 000 000 a 6 0 0 0 0 000000 1
fe8 286 000 000 8 4 0 0 0 0 000000 1
f99 c60 000 000 8 4 0 0 0 0 000000 1
f81 6a5 000 000 6 6 0 0 0 0 000000 1
f8d 0aa 000 000 8 4 0 0 0 0 000000 1
f8b 1c4 000 000 8 4 0 0 0 0 000000 1
f88 077 000 000 6 6 0 0 0 0 000000 1
fb1 126 000 000 8 4 0 0 0 0 000000 1
fbd 729 000 000 a 6 0 0 0 0 000000 1
fbb 647 000 000 a 6 0 0 0 0 000000 1
fb8 7f4 000 000 8 8 0 0 0 0 000000 1
fa5 dec 000 000 8 8 0 0 0 0 000000 1
fa3 c82 000 000 8 4 0 0 0 0 000000 1
fa0 d31 000 000 6 6 0 0 0 0 000000 1
faf a8d 000 000 a 6 0 0 0 0 000000 1
fac b3e 000 000 8 8 0 0 0 0 000000 1
faa a50 000 000 8 4 0 0 0 0 000000 1
e49 f21 000 000 6 6 0 0 0 0 000000 1
e79 8a2 000 000 8 4 0 0 0 0 000000 1
e61 267 000 000 6 6 0 0 0 0 000000 1
e6d 468 000 000 8 4 0 0 0 0 000000 1
e6b 506 000 000 8 4 0 0 0 0 000000 1
e68 4b5 000 000 6 6 0 0 0 0 000000 1
e19 a53 000 000 6 6 0 0 0 0 000000 1
e01 096 000 000 4 4 0 0 0 0 000000 1
e0d 699 000 000 6 6 0 0 0 0 000000 1
e0b 7f7 000 000 6 a 0 0 0 0 000000 1
e08 644 000 000 4 4 0 0 0 0 000000 1
e31 715 000 000 6 6 0 0 0 0 000000 1
e3d 11a 000 000 8 4 0 0 0 0 000000 1
e3b 074 000 000 8 4 0 0 0 0 000000 1
e38 1c7 000 000 6 6 0 0 0 0 000000 1
e25 bdf 000 000 6 a 0 0 0 0 000000 1
e23 ab1 000 000 6 6 0 0 0 0 000000 1
e20 b02 000 000 4 4 0 0 0 0 000000 1
e2f cbe 000 000 8 8 0 0 0 0 000000 1
e2c d0d 000 000 6 6 0 0 0 0 000000 1
e2a c63 000 000 6 6 0 0 0 0 000000 1
ed9 04e 000 000 8 4 0 0 0 0 000000 1
ec1 a8b 000 000 6 6 0 0 0 0 000000 1
ecd c84 000 000 8 4 0 0 0 0 000000 1
ecb dea 000 000 8 8 0 0 0 0 000000 1
ec8 c59 000 000 6 6 0 0 0 0 000000 1
ef1 d08 000 000 8 4 0 0 0 0 000000 1
efd b07 000 000 a 6 0 0 0 0 000000 1
efb a69 000 000 a 6 0 0 0 0 000000 1
ef8 bda 000 000 8 8 0 0 0 0 000000 1
ee5 1c2 000 000 8 4 0 0 0 0 000000 1
ee3 0ac 000 000 8 4 0 0 0 0 000000 1
ee0 11f 000 000 6 6 0 0 0 0 000000 1
eef 6a3 000 000 a 6 0 0 0 0 000000 1
eec 710 000 000 8 4 0 0 0 0 000000 1
eea 67e 000 000 8 8 0 0 0 0 000000 1
e91 ff9 000 000 6 a 0 0 0 0 000000 1
e9d 9f6 000 000 8 8 0 0 0 0 000000 1
e9b 898 000 000 8 4 0 0 0 0 000000 1
e98 92b 000 000 6 6 0 0 0 0 000000 1
e85 333 000 000 6 6 0 0 0 0 000000 1
e83 25d 000 000 6 6 0 0 0 0 000000 1
e80 3ee 000 000 4 8 0 0 0 0 000000 1
e8f 452 000 000 8 4 0 0 0 0 000000 1
e8c 5e1 000 000 6 6 0 0 0 0 000000 1
e8a 48f 000 000 6 6 0 0 0 0 000000 1
eb5 4b0 000 000 8 4 0 0 0 0 000000 1
eb3 5de 000 000 8 8 0 0 0 0 000000 1
eb0 46d 000 000 6 6 0 0 0 0 000000 1
ebf 3d1 000 000 a 6 0 0 0 0 000000 1
ebc 262 000 000 8 4 0 0 0 0 000000 1
eba 30c 000 000 8 4 0 0 0 0 000000 1
ea7 914 000 000 8 4 0 0 0 0 000000 1
ea4 8a7 000 000 6 6 0 0 0 0 000000 1
ea2 9c9 000 000 6 6 0 0 0 0 000000 1
eae fc6 000 000 8 8 0 0 0 0 000000 1
f00 5dd 000 000 4 8 0 0 0 0 000000 1
e80 3ee 000 000 4 8 0 0 0 0 000000 1
e40 9f3 000 000 4 8 0 0 0 0 000000 1
e20 b02 000 000 4 4 0 0 0 0 000000 1
e10 c81 000 000 4 4 0 0 0 0 000000 1
e08 644 000 000 4 4 0 0 0 0 000000 1
e04 04b 000 000 4 4 0 0 0 0 000000 1
e02 125 000 000 4 4 0 0 0 0 000000 1
e01 096 000 000 4 4 0 0 0 0 000000 1
d80 b5b 000 000 4 8 0 0 0 0 000000 1
d40 146 000 000 4 4 0 0 0 0 000000 1
d20 3b7 000 000 4 8 0 0 0 0 000000 1
d10 434 000 000 4 4 0 0 0 0 000000 1
d08 ef1 000 000 4 8 0 0 0 0 000000 1
d04 8fe 000 000 4 8 0 0 0 0 000000 1
d02 990 000 000 4 4 0 0 0 0 000000 1
d01 823 000 000 4 4 0 0 0 0 000000 1
cc0 775 000 000 4 8 0 0 0 0 000000 1
ca0 584 000 000 4 4 0 0 0 0 000000 1
c90 207 000 000 4 4 0 0 0 0 000000 1
c88 8c2 000 000 4 4 0 0 0 0 000000 1
c84 ecd 000 000 4 8 0 0 0 0 000000 1
c82 fa3 000 000 4 8 0 0 0 0 000000 1
c81 e10 000 000 4 4 0 0 0 0 000000 1
c60 f99 000 000 4 8 0 0 0 0 000000 1
c50 81a 000 000 4 4 0 0 0 0 000000 1
c48 2df 000 000 4 8 0 0 0 0 000000 1
c44 4d0 000 000 4 4 0 0 0 0 000000 1
c42 5be 000 000 4 8 0 0 0 0 000000 1
c41 40d 000 000 4 4 0 0 0 0 000000 1
c30 aeb 000 000 4 8 0 0 0 0 000000 1
c28 02e 000 000 4 4 0 0 0 0 000000 1
c24 621 000 000 4 4 0 0 0 0 000000 1
c22 74f 000 000 4 8 0 0 0 0 000000 1
c21 6fc 000 000 4 8 0 0 0 0 000000 1
c18 7ad 000 000 4 8 0 0 0 0 000000 1
c14 1a2 000 000 4 4 0 0 0 0 000000 1
c12 0cc 000 000 4 4 0 0 0 0 000000 1
c11 17f 000 000 4 8 0 0 0 0 000000 1
c0c b67 000 000 4 8 0 0 0 0 000000 1
c0a a09 000 000 4 4 0 0 0 0 000000 1
c09 bba 000 000 4 8 0 0 0 0 000000 1
c06 c06 000 000 4 4 0 0 0 0 000000 1
c05 db5 000 000 4 8 0 0 0 0 000000 1
c03 cdb 000 000 4 8 0 0 0 0 000000 1
b80 ceb 000 000 4 8 0 0 0 0 000000 1
b40 6f6 000 000 4 8 0 0 0 0 000000 1
b20 407 000 000 4 4 0 0 0 0 000000 1
b10 384 000 000 4 4 0 0 0 0 000000 1
b08 941 000 000 4 4 0 0 0 0 000000 1
b04 f4e 000 000 4 8 0 0 0 0 000000 1
b02 e20 000 000 4 4 0 0 0 0 000000 1
b01 f93 000 000 4 8 0 0 0 0 000000 1
ac0 0c5 000 000 4 4 0 0 0 0 000000 1
aa0 234 000 000 4 4 0 0 0 0 000000 1
a90 5b7 000 000 4 8 0 0 0 0 000000 1
a88 f72 000 000 4 8 0 0 0 0 000000 1
a84 97d 000 000 4 8 0 0 0 0 000000 1
a82 813 000 000 4 4 0 0 0 0 000000 1
a81 9a0 000 000 4 4 0 0 0 0 000000 1
a60 829 000 000 4 4 0 0 0 0 000000 1
a50 faa 000 000 4 8 0 0 0 0 000000 1
a48 56f 000 000 4 8 0 0 0 0 000000 1
a44 360 000 000 4 4 0 0 0 0 000000 1
a42 20e 000 000 4 4 0 0 0 0 000000 1
a41 3bd 000 000 4 8 0 0 0 0 000000 1
a30 d5b 000 000 4 8 0 0 0 0 000000 1
a28 79e 000 000 4 8 0 0 0 0 000000 1
a24 191 000 000 4 4 0 0 0 0 000000 1
a22 0ff 000 000 4 8 0 0 0 0 000000 1
a21 14c 000 000 4 4 0 0 0 0 000000 1
a18 01d 000 000 4 4 0 0 0 0 000000 1
a14 612 000 000 4 4 0 0 0 0 000000 1
a12 77c 000 000 4 8 0 0 0 0 000000 1
a11 6cf 000 000 4 8 0 0 0 0 000000 1
a0c cd7 000 000 4 8 0 0 0 0 000000 1
a0a db9 000 000 4 8 0 0 0 0 000000 1
a09 c0a 000 000 4 4 0 0 0 0 000000 1
a06 bb6 000 000 4 8 0 0 0 0 000000 1
a05 a05 000 000 4 4 0 0 0 0 000000 1
a03 b6b 000 000 4 8 0 0 0 0 000000 1
9c0 870 000 000 4 4 0 0 0 0 000000 1
9a0 a81 000 000 4 4 0 0 0 0 000000 1
990 d02 000 000 4 4 0 0 0 0 000000 1
988 7c7 000 000 4 8 0 0 0 0 000000 1
984 1c8 000 000 4 4 0 0 0 0 000000 1
982 0a6 000 000 4 4 0 0 0 0 000000 1
981 115 000 000 4 4 0 0 0 0 000000 1
960 09c 000 000 4 4 0 0 0 0 000000 1
950 71f 000 000 4 8 0 0 0 0 000000 1
948 dda 000 000 4 8 0 0 0 0 000000 1
944 bd5 000 000 4 8 0 0 0 0 000000 1
942 abb 000 000 4 8 0 0 0 0 000000 1
941 b08 000 000 4 4 0 0 0 0 000000 1
930 5ee 000 000 4 8 0 0 0 0 000000 1
928 f2b 000 000 4 8 0 0 0 0 000000 1
924 924 000 000 4 4 0 0 0 0 000000 1
922 84a 000 000 4 4 0 0 0 0 000000 1
921 9f9 000 000 4 8 0 0 0 0 000000 1
918 8a8 000 000 4 4 0 0 0 0 000000 1
914 ea7 000 000 4 8 0 0 0 0 000000 1
912 fc9 000 000 4 8 0 0 0 0 000000 1
911 e7a 000 000 4 8 0 0 0 0 000000 1
90c 462 000 000 4 4 0 0 0 0 000000 1
90a 50c 000 000 4 4 0 0 0 0 000000 1
909 4bf 000 000 4 8 0 0 0 0 000000 1
906 303 000 000 4 4 0 0 0 0 000000 1
905 2b0 000 000 4 4 0 0 0 0 000000 1
903 3de 000 000 4 8 0 0 0 0 000000 1
8e0 6af 000 000 4 8 0 0 0 0 000000 1
8d0 12c 000 000 4 4 0 0 0 0 000000 1
8c8 be9 000 000 4 8 0 0 0 0 000000 1
8c4 de6 000 000 4 8 0 0 0 0 000000 1
8c2 c88 000 000 4 4 0 0 0 0 000000 1
8c1 d3b 000 000 4 8 0 0 0 0 000000 1
8b0 3dd 000 000 4 8 0 0 0 0 000000 1
8a8 918 000 000 4 4 0 0 0 0 000000 1
8a4 f17 000 000 4 8 0 0 0 0 000000 1
8a2 e79 000 000 4 8 0 0 0 0 000000 1
8a1 fca 000 000 4 8 0 0 0 0 000000 1
898 e9b 000 000 4 8 0 0 0 0 000000 1
894 894 000 000 4 4 0 0 0 0 000000 1
892 9fa 000 000 4 8 0 0 0 0 000000 1
891 849 000 000 4 4 0 0 0 0 000000 1
88c 251 000 000 4 4 0 0 0 0 000000 1
88a 33f 000 000 4 8 0 0 0 0 000000 1
889 28c 000 000 4 4 0 0 0 0 000000 1
886 530 000 000 4 4 0 0 0 0 000000 1
885 483 000 000 4 4 0 0 0 0 000000 1
883 5ed 000 000 4 8 0 0 0 0 000000 1
870 9c0 000 000 4 4 0 0 0 0 000000 1
868 305 000 000 4 4 0 0 0 0 000000 1
864 50a 000 000 4 4 0 0 0 0 000000 1
862 464 000 000 4 4 0 0 0 0 000000 1
861 5d7 000 000 4 8 0 0 0 0 000000 1
858 486 000 000 4 4 0 0 0 0 000000 1
854 289 000 000 4 4 0 0 0 0 000000 1
852 3e7 000 000 4 8 0 0 0 0 000000 1
851 254 000 000 4 4 0 0 0 0 000000 1
84c 84c 000 000 4 4 0 0 0 0 000000 1
84a 922 000 000 4 4 0 0 0 0 000000 1
849 891 000 000 4 4 0 0 0 0 000000 1
846 f2d 000 000 4 8 0 0 0 0 000000 1
845 e9e 000 000 4 8 0 0 0 0 000000 1
843 ff0 000 000 4 8 0 0 0 0 000000 1
838 677 000 000 4 8 0 0 0 0 000000 1
834 078 000 000 4 4 0 0 0 0 000000 1
832 116 000 000 4 4 0 0 0 0 000000 1
831 0a5 000 000 4 4 0 0 0 0 000000 1
82c abd 000 000 4 8 0 0 0 0 000000 1
82a bd3 000 000 4 8 0 0 0 0 000000 1
829 a60 000 000 4 4 0 0 0 0 000000 1
826 ddc 000 000 4 8 0 0 0 0 000000 1
825 c6f 000 000 4 8 0 0 0 0 000000 1
823 d01 000 000 4 4 0 0 0 0 000000 1
81c d3e 000 000 4 8 0 0 0 0 000000 1
81a c50 000 000 4 4 0 0 0 0 000000 1
819 de3 000 000 4 8 0 0 0 0 000000 1
816 a5f 000 000 4 8 0 0 0 0 000000 1
815 bec 000 000 4 8 0 0 0 0 000000 1
813 a82 000 000 4 4 0 0 0 0 000000 1
80e 09a 000 000 4 4 0 0 0 0 000000 1
80d 129 000 000 4 4 0 0 0 0 000000 1
80b 047 000 000 4 4 0 0 0 0 000000 1
807 648 000 000 4 4 0 0 0 0 000000 1
780 183 000 000 4 4 0 0 0 0 000000 1
740 b9e 000 000 4 8 0 0 0 0 000000 1
720 96f 000 000 4 8 0 0 0 0 000000 1
710 eec 000 000 4 8 0 0 0 0 000000 1
708 429 000 000 4 4 0 0 0 0 000000 1
704 226 000 000 4 4 0 0 0 0 000000 1
702 348 000 000 4 4 0 0 0 0 000000 1
701 2fb 000 000 4 8 0 0 0 0 000000 1
6c0 dad 000 000 4 8 0 0 0 0 000000 1
6a0 f5c 000 000 4 8 0 0 0 0 000000 1
690 8df 000 000 4 8 0 0 0 0 000000 1
688 21a 000 000 4 4 0 0 0 0 000000 1
684 415 000 000 4 4 0 0 0 0 000000 1
682 57b 000 000 4 8 0 0 0 0 000000 1
681 4c8 000 000 4 4 0 0 0 0 000000 1
660 541 000 000 4 4 0 0 0 0 000000 1
650 2c2 000 000 4 4 0 0 0 0 000000 1
648 807 000 000 4 4 0 0 0 0 000000 1
644 e08 000 000 4 4 0 0 0 0 000000 1
642 f66 000 000 4 8 0 0 0 0 000000 1
641 ed5 000 000 4 8 0 0 0 0 000000 1
630 033 000 000 4 4 0 0 0 0 000000 1
628 af6 000 000 4 8 0 0 0 0 000000 1
624 cf9 000 000 4 8 0 0 0 0 000000 1
622 d97 000 000 4 8 0 0 0 0 000000 1
621 c24 000 000 4 4 0 0 0 0 000000 1
618 d75 000 000 4 8 0 0 0 0 000000 1
614 b7a 000 000 4 8 0 0 0 0 000000 1
612 a14 000 000 4 4 0 0 0 0 000000 1
611 ba7 000 000 4 8 0 0 0 0 000000 1
60c 1bf 000 000 4 8 0 0 0 0 000000 1
60a 0d1 000 000 4 4 0 0 0 0 000000 1
609 162 000 000 4 4 0 0 0 0 000000 1
606 6de 000 000 4 8 0 0 0 0 000000 1
605 76d 000 000 4 8 0 0 0 0 000000 1
603 603 000 000 4 4 0 0 0 0 000000 1
5c0 518 000 000 4 4 0 0 0 0 000000 1
5a0 7e9 000 000 4 8 0 0 0 0 000000 1
590 06a 000 000 4 4 0 0 0 0 000000 1
588 aaf 000 000 4 8 0 0 0 0 000000 1
584 ca0 000 000 4 4 0 0 0 0 000000 1
582 dce 000 000 4 8 0 0 0 0 000000 1
581 c7d 000 000 4 8 0 0 0 0 000000 1
560 df4 000 000 4 8 0 0 0 0 000000 1
550 a77 000 000 4 8 0 0 0 0 000000 1
548 0b2 000 000 4 4 0 0 0 0 000000 1
544 6bd 000 000 4 8 0 0 0 0 000000 1
542 7d3 000 000 4 8 0 0 0 0 000000 1
541 660 000 000 4 4 0 0 0 0 000000 1
530 886 000 000 4 4 0 0 0 0 000000 1
528 243 000 000 4 4 0 0 0 0 000000 1
524 44c 000 000 4 4 0 0 0 0 000000 1
522 522 000 000 4 4 0 0 0 0 000000 1
521 491 000 000 4 4 0 0 0 0 000000 1
518 5c0 000 000 4 4 0 0 0 0 000000 1
514 3cf 000 000 4 8 0 0 0 0 000000 1
512 2a1 000 000 4 4 0 0 0 0 000000 1
511 312 000 000 4 4 0 0 0 0 000000 1
50c 90a 000 000 4 4 0 0 0 0 000000 1
50a 864 000 000 4 4 0 0 0 0 000000 1
509 9d7 000 000 4 8 0 0 0 0 000000 1
506 e6b 000 000 4 8 0 0 0 0 000000 1
505 fd8 000 000 4 8 0 0 0 0 000000 1
503 eb6 000 000 4 8 0 0 0 0 000000 1
4e0 bc7 000 000 4 8 0 0 0 0 000000 1
4d0 c44 000 000 4 4 0 0 0 0 000000 1
4c8 681 000 000 4 4 0 0 0 0 000000 1
4c4 08e 000 000 4 4 0 0 0 0 000000 1
4c2 1e0 000 000 4 4 0 0 0 0 000000 1
4c1 053 000 000 4 4 0 0 0 0 000000 1
4b0 eb5 000 000 4 8 0 0 0 0 000000 1
4a8 470 000 000 4 4 0 0 0 0 000000 1
4a4 27f 000 000 4 8 0 0 0 0 000000 1
4a2 311 000 000 4 4 0 0 0 0 000000 1
4a1 2a2 000 000 4 4 0 0 0 0 000000 1
498 3f3 000 000 4 8 0 0 0 0 000000 1
494 5fc 000 000 4 8 0 0 0 0 000000 1
492 492 000 000 4 4 0 0 0 0 000000 1
491 521 000 000 4 4 0 0 0 0 000000 1
48c f39 000 000 4 8 0 0 0 0 000000 1
48a e57 000 000 4 8 0 0 0 0 000000 1
489 fe4 000 000 4 8 0 0 0 0 000000 1
486 858 000 000 4 4 0 0 0 0 000000 1
485 9eb 000 000 4 8 0 0 0 0 000000 1
483 885 000 000 4 4 0 0 0 0 000000 1
470 4a8 000 000 4 4 0 0 0 0 000000 1
468 e6d 000 000 4 8 0 0 0 0 000000 1
464 862 000 000 4 4 0 0 0 0 000000 1
462 90c 000 000 4 4 0 0 0 0 000000 1
461 8bf 000 000 4 8 0 0 0 0 000000 1
458 9ee 000 000 4 8 0 0 0 0 000000 1
454 fe1 000 000 4 8 0 0 0 0 000000 1
452 e8f 000 000 4 8 0 0 0 0 000000 1
451 f3c 000 000 4 8 0 0 0 0 000000 1
44c 524 000 000 4 4 0 0 0 0 000000 1
44a 44a 000 000 4 4 0 0 0 0 000000 1
449 5f9 000 000 4 8 0 0 0 0 000000 1
446 245 000 000 4 4 0 0 0 0 000000 1
445 3f6 000 000 4 8 0 0 0 0 000000 1
443 298 000 000 4 4 0 0 0 0 000000 1
438 b1f 000 000 4 8 0 0 0 0 000000 1
434 d10 000 000 4 4 0 0 0 0 000000 1
432 c7e 000 000 4 8 0 0 0 0 000000 1
431 dcd 000 000 4 8 0 0 0 0 000000 1
42c 7d5 000 000 4 8 0 0 0 0 000000 1
42a 6bb 000 000 4 8 0 0 0 0 000000 1
429 708 000 000 4 4 0 0 0 0 000000 1
426 0b4 000 000 4 4 0 0 0 0 000000 1
425 107 000 000 4 4 0 0 0 0 000000 1
423 069 000 000 4 4 0 0 0 0 000000 1
41c 056 000 000 4 4 0 0 0 0 000000 1
41a 138 000 000 4 4 0 0 0 0 000000 1
419 08b 000 000 4 4 0 0 0 0 000000 1
416 737 000 000 4 8 0 0 0 0 000000 1
415 684 000 000 4 4 0 0 0 0 000000 1
413 7ea 000 000 4 8 0 0 0 0 000000 1
40e df2 000 000 4 8 0 0 0 0 000000 1
40d c41 000 000 4 4 0 0 0 0 000000 1
40b d2f 000 000 4 8 0 0 0 0 000000 1
407 b20 000 000 4 4 0 0 0 0 000000 1
3c0 2a8 000 000 4 4 0 0 0 0 000000 1
3a0 059 000 000 4 4 0 0 0 0 000000 1
390 7da 000 000 4 8 0 0 0 0 000000 1
388 d1f 000 000 4 8 0 0 0 0 000000 1
384 b10 000 000 4 4 0 0 0 0 000000 1
382 a7e 000 000 4 8 0 0 0 0 000000 1
381 bcd 000 000 4 8 0 0 0 0 000000 1
360 a44 000 000 4 4 0 0 0 0 000000 1
350 dc7 000 000 4 8 0 0 0 0 000000 1
348 702 000 000 4 4 0 0 0 0 000000 1
344 10d 000 000 4 4 0 0 0 0 000000 1
342 063 000 000 4 4 0 0 0 0 000000 1
341 1d0 000 000 4 4 0 0 0 0 000000 1
330 f36 000 000 4 8 0 0 0 0 000000 1
328 5f3 000 000 4 8 0 0 0 0 000000 1
324 3fc 000 000 4 8 0 0 0 0 000000 1
322 292 000 000 4 4 0 0 0 0 000000 1
321 321 000 000 4 4 0 0 0 0 000000 1
318 270 000 000 4 4 0 0 0 0 000000 1
314 47f 000 000 4 8 0 0 0 0 000000 1
312 511 000 000 4 4 0 0 0 0 000000 1
311 4a2 000 000 4 4 0 0 0 0 000000 1
30c eba 000 000 4 8 0 0 0 0 000000 1
30a fd4 000 000 4 8 0 0 0 0 000000 1
309 e67 000 000 4 8 0 0 0 0 000000 1
306 9db 000 000 4 8 0 0 0 0 000000 1
305 868 000 000 4 4 0 0 0 0 000000 1
303 906 000 000 4 4 0 0 0 0 000000 1
2e0 c77 000 000 4 8 0 0 0 0 000000 1
2d0 bf4 000 000 4 8 0 0 0 0 000000 1
2c8 131 000 000 4 4 0 0 0 0 000000 1
2c4 73e 000 000 4 8 0 0 0 0 000000 1
2c2 650 000 000 4 4 0 0 0 0 000000 1
2c1 7e3 000 000 4 8 0 0 0 0 000000 1
2b0 905 000 000 4 4 0 0 0 0 000000 1
2a8 3c0 000 000 4 4 0 0 0 0 000000 1
2a4 5cf 000 000 4 8 0 0 0 0 000000 1
2a2 4a1 000 000 4 4 0 0 0 0 000000 1
2a1 512 000 000 4 4 0 0 0 0 000000 1
298 443 000 000 4 4 0 0 0 0 000000 1
294 24c 000 000 4 4 0 0 0 0 000000 1
292 322 000 000 4 4 0 0 0 0 000000 1
291 291 000 000 4 4 0 0 0 0 000000 1
28c 889 000 000 4 4 0 0 0 0 000000 1
28a 9e7 000 000 4 8 0 0 0 0 000000 1
289 854 000 000 4 4 0 0 0 0 000000 1
286 fe8 000 000 4 8 0 0 0 0 000000 1
285 e5b 000 000 4 8 0 0 0 0 000000 1
283 f35 000 000 4 8 0 0 0 0 000000 1
270 318 000 000 4 4 0 0 0 0 000000 1
268 9dd 000 000 4 8 0 0 0 0 000000 1
264 fd2 000 000 4 8 0 0 0 0 000000 1
262 ebc 000 000 4 8 0 0 0 0 000000 1
261 f0f 000 000 4 8 0 0 0 0 000000 1
258 e5e 000 000 4 8 0 0 0 0 000000 1
254 851 000 000 4 4 0 0 0 0 000000 1
252 93f 000 000 4 8 0 0 0 0 000000 1
251 88c 000 000 4 4 0 0 0 0 000000 1
24c 294 000 000 4 4 0 0 0 0 000000 1
24a 3fa 000 000 4 8 0 0 0 0 000000 1
249 249 000 000 4 4 0 0 0 0 000000 1
246 5f5 000 000 4 8 0 0 0 0 000000 1
245 446 000 000 4 4 0 0 0 0 000000 1
243 528 000 000 4 4 0 0 0 0 000000 1
238 caf 000 000 4 8 0 0 0 0 000000 1
234 aa0 000 000 4 4 0 0 0 0 000000 1
232 bce 000 000 4 8 0 0 0 0 000000 1
231 a7d 000 000 4 8 0 0 0 0 000000 1
22c 065 000 000 4 4 0 0 0 0 000000 1
22a 10b 000 000 4 4 0 0 0 0 000000 1
229 0b8 000 000 4 4 0 0 0 0 000000 1
226 704 000 000 4 4 0 0 0 0 000000 1
225 6b7 000 000 4 8 0 0 0 0 000000 1
223 7d9 000 000 4 8 0 0 0 0 000000 1
21c 7e6 000 000 4 8 0 0 0 0 000000 1
21a 688 000 000 4 4 0 0 0 0 000000 1
219 73b 000 000 4 8 0 0 0 0 000000 1
216 087 000 000 4 4 0 0 0 0 000000 1
215 134 000 000 4 4 0 0 0 0 000000 1
213 05a 000 000 4 4 0 0 0 0 000000 1
20e a42 000 000 4 4 0 0 0 0 000000 1
20d bf1 000 000 4 8 0 0 0 0 000000 1
20b a9f 000 000 4 8 0 0 0 0 000000 1
207 c90 000 000 4 4 0 0 0 0 000000 1
1e0 4c2 000 000 4 4 0 0 0 0 000000 1
1d0 341 000 000 4 4 0 0 0 0 000000 1
1c8 984 000 000 4 4 0 0 0 0 000000 1
1c4 f8b 000 000 4 8 0 0 0 0 000000 1
1c2 ee5 000 000 4 8 0 0 0 0 000000 1
1c1 f56 000 000 4 8 0 0 0 0 000000 1
1b0 1b0 000 000 4 4 0 0 0 0 000000 1
1a8 b75 000 000 4 8 0 0 0 0 000000 1
1a4 d7a 000 000 4 8 0 0 0 0 000000 1
1a2 c14 000 000 4 4 0 0 0 0 000000 1
1a1 da7 000 000 4 8 0 0 0 0 000000 1
198 cf6 000 000 4 8 0 0 0 0 000000 1
194 af9 000 000 4 8 0 0 0 0 000000 1
192 b97 000 000 4 8 0 0 0 0 000000 1
191 a24 000 000 4 4 0 0 0 0 000000 1
18c 03c 000 000 4 4 0 0 0 0 000000 1
18a 152 000 000 4 4 0 0 0 0 000000 1
189 0e1 000 000 4 4 0 0 0 0 000000 1
186 75d 000 000 4 8 0 0 0 0 000000 1
185 6ee 000 000 4 8 0 0 0 0 000000 1
183 780 000 000 4 4 0 0 0 0 000000 1
170 bad 000 000 4 8 0 0 0 0 000000 1
168 168 000 000 4 4 0 0 0 0 000000 1
164 767 000 000 4 8 0 0 0 0 000000 1
162 609 000 000 4 4 0 0 0 0 000000 1
161 7ba 000 000 4 8 0 0 0 0 000000 1
158 6eb 000 000 4 8 0 0 0 0 000000 1
154 0e4 000 000 4 4 0 0 0 0 000000 1
152 18a 000 000 4 4 0 0 0 0 000000 1
151 039 000 000 4 4 0 0 0 0 000000 1
14c a21 000 000 4 4 0 0 0 0 000000 1
14a b4f 000 000 4 8 0 0 0 0 000000 1
149 afc 000 000 4 8 0 0 0 0 000000 1
146 d40 000 000 4 4 0 0 0 0 000000 1
145 cf3 000 000 4 8 0 0 0 0 000000 1
143 d9d 000 000 4 8 0 0 0 0 000000 1
138 41a 000 000 4 4 0 0 0 0 000000 1
134 215 000 000 4 4 0 0 0 0 000000 1
132 37b 000 000 4 8 0 0 0 0 000000 1
131 2c8 000 000 4 4 0 0 0 0 000000 1
12c 8d0 000 000 4 4 0 0 0 0 000000 1
12a 9be 000 000 4 8 0 0 0 0 000000 1
129 80d 000 000 4 4 0 0 0 0 000000 1
126 fb1 000 000 4 8 0 0 0 0 000000 1
125 e02 000 000 4 4 0 0 0 0 000000 1
123 f6c 000 000 4 8 0 0 0 0 000000 1
11c f53 000 000 4 8 0 0 0 0 000000 1
11a e3d 000 000 4 8 0 0 0 0 000000 1
119 f8e 000 000 4 8 0 0 0 0 000000 1
116 832 000 000 4 4 0 0 0 0 000000 1
115 981 000 000 4 4 0 0 0 0 000000 1
113 8ef 000 000 4 8 0 0 0 0 000000 1
10e 2f7 000 000 4 8 0 0 0 0 000000 1
10d 344 000 000 4 4 0 0 0 0 000000 1
10b 22a 000 000 4 4 0 0 0 0 000000 1
107 425 000 000 4 4 0 0 0 0 000000 1
0f0 d9e 000 000 4 8 0 0 0 0 000000 1
0e8 75b 000 000 4 8 0 0 0 0 000000 1
0e4 154 000 000 4 4 0 0 0 0 000000 1
0e2 03a 000 000 4 4 0 0 0 0 000000 1
0e1 189 000 000 4 4 0 0 0 0 000000 1
0d8 0d8 000 000 4 4 0 0 0 0 000000 1
0d4 6d7 000 000 4 8 0 0 0 0 000000 1
0d2 7b9 000 000 4 8 0 0 0 0 000000 1
0d1 60a 000 000 4 4 0 0 0 0 000000 1
0cc c12 000 000 4 4 0 0 0 0 000000 1
0ca d7c 000 000 4 8 0 0 0 0 000000 1
0c9 ccf 000 000 4 8 0 0 0 0 000000 1
0c6 b73 000 000 4 8 0 0 0 0 000000 1
0c5 ac0 000 000 4 4 0 0 0 0 000000 1
0c3 bae 000 000 4 8 0 0 0 0 000000 1
0b8 229 000 000 4 4 0 0 0 0 000000 1
0b4 426 000 000 4 4 0 0 0 0 000000 1
0b2 548 000 000 4 4 0 0 0 0 000000 1
0b1 4fb 000 000 4 8 0 0 0 0 000000 1
0ac ee3 000 000 4 8 0 0 0 0 000000 1
0aa f8d 000 000 4 8 0 0 0 0 000000 1
0a9 e3e 000 000 4 8 0 0 0 0 000000 1
0a6 982 000 000 4 4 0 0 0 0 000000 1
0a5 831 000 000 4 4 0 0 0 0 000000 1
0a3 95f 000 000 4 8 0 0 0 0 000000 1
09c 960 000 000 4 4 0 0 0 0 000000 1
09a 80e 000 000 4 4 0 0 0 0 000000 1
099 9bd 000 000 4 8 0 0 0 0 000000 1
096 e01 000 000 4 4 0 0 0 0 000000 1
095 fb2 000 000 4 8 0 0 0 0 000000 1
093 edc 000 000 4 8 0 0 0 0 000000 1
08e 4c4 000 000 4 4 0 0 0 0 000000 1
08d 577 000 000 4 8 0 0 0 0 000000 1
08b 419 000 000 4 4 0 0 0 0 000000 1
087 216 000 000 4 4 0 0 0 0 000000 1
078 834 000 000 4 4 0 0 0 0 000000 1
074 e3b 000 000 4 8 0 0 0 0 000000 1
072 f55 000 000 4 8 0 0 0 0 000000 1
071 ee6 000 000 4 8 0 0 0 0 000000 1
06c 4fe 000 000 4 8 0 0 0 0 000000 1
06a 590 000 000 4 4 0 0 0 0 000000 1
069 423 000 000 4 4 0 0 0 0 000000 1
066 39f 000 000 4 8 0 0 0 0 000000 1
065 22c 000 000 4 4 0 0 0 0 000000 1
063 342 000 000 4 4 0 0 0 0 000000 1
05c 37d 000 000 4 8 0 0 0 0 000000 1
05a 213 000 000 4 4 0 0 0 0 000000 1
059 3a0 000 000 4 4 0 0 0 0 000000 1
056 41c 000 000 4 4 0 0 0 0 000000 1
055 5af 000 000 4 8 0 0 0 0 000000 1
053 4c1 000 000 4 4 0 0 0 0 000000 1
04e ed9 000 000 4 8 0 0 0 0 000000 1
04d f6a 000 000 4 8 0 0 0 0 000000 1
04b e04 000 000 4 4 0 0 0 0 000000 1
047 80b 000 000 4 4 0 0 0 0 000000 1
03c 18c 000 000 4 4 0 0 0 0 000000 1
03a 0e2 000 000 4 4 0 0 0 0 000000 1
039 151 000 000 4 4 0 0 0 0 000000 1
036 6ed 000 000 4 8 0 0 0 0 000000 1
035 75e 000 000 4 8 0 0 0 0 000000 1
033 630 000 000 4 4 0 0 0 0 000000 1
02e c28 000 000 4 4 0 0 0 0 000000 1
02d d9b 000 000 4 8 0 0 0 0 000000 1
02b cf5 000 000 4 8 0 0 0 0 000000 1
027 afa 000 000 4 8 0 0 0 0 000000 1
01e bab 000 000 4 8 0 0 0 0 000000 1
01d a18 000 000 4 4 0 0 0 0 000000 1
01b b76 000 000 4 8 0 0 0 0 000000 1
017 d79 000 000 4 8 0 0 0 0 000000 1
00f 7bc 000 000 4 8 0 0 0 0 000000 1
