000000 000 000000 1 0
001ea9 001 000000 1 0
002f1a 002 000000 1 0
0031b3 003 000000 1 0
004e74 004 000000 1 0
0050dd 005 000000 1 0
00616e 006 000000 1 0
007fc7 007 000000 1 0
00887b 008 000000 1 0
0096d2 009 000000 1 0
00a761 00a 000000 1 0
00b9c8 00b 000000 1 0
00c60f 00c 000000 1 0
00d8a6 00d 000000 1 0
00e915 00e 000000 1 0
00f7bc 00f 000000 1 0
0102be 010 000000 1 0
011c17 011 000000 1 0
012da4 012 000000 1 0
01330d 013 000000 1 0
014cca 014 000000 1 0
015263 015 000000 1 0
0163d0 016 000000 1 0
017d79 017 000000 1 0
018ac5 018 000000 1 0
01946c 019 000000 1 0
01a5df 01a 000000 1 0
01bb76 01b 000000 1 0
01c4b1 01c 000000 1 0
01da18 01d 000000 1 0
01ebab 01e 000000 1 0
01f502 01f 000000 1 0
02053d 020 000000 1 0
021b94 021 000000 1 0
022a27 022 000000 1 0
02348e 023 000000 1 0
024b49 024 000000 1 0
0255e0 025 000000 1 0
026453 026 000000 1 0
027afa 027 000000 1 0
028d46 028 000000 1 0
0293ef 029 000000 1 0
02a25c 02a 000000 1 0
02bcf5 02b 000000 1 0
02c332 02c 000000 1 0
02dd9b 02d 000000 1 0
02ec28 02e 000000 1 0
02f281 02f 000000 1 0
030783 030 000000 1 0
03192a 031 000000 1 0
032899 032 000000 1 0
033630 033 000000 1 0
0349f7 034 000000 1 0
03575e 035 000000 1 0
0366ed 036 000000 1 0
037844 037 000000 1 0
038ff8 038 000000 1 0
039151 039 000000 1 0
03a0e2 03a 000000 1 0
03be4b 03b 000000 1 0
03c18c 03c 000000 1 0
03df25 03d 000000 1 0
03ee96 03e 000000 1 0
03f03f 03f 000000 1 0
0407cc 040 000000 1 0
041965 041 000000 1 0
0428d6 042 000000 1 0
04367f 043 000000 1 0
0449b8 044 000000 1 0
045711 045 000000 1 0
0466a2 046 000000 1 0
04780b 047 000000 1 0
048fb7 048 000000 1 0
04911e 049 000000 1 0
04a0ad 04a 000000 1 0
04be04 04b 000000 1 0
04c1c3 04c 000000 1 0
04df6a 04d 000000 1 0
04eed9 04e 000000 1 0
04f070 04f 000000 1 0
050572 050 000000 1 0
051bdb 051 000000 1 0
052a68 052 000000 1 0
0534c1 053 000000 1 0
054b06 054 000000 1 0
0555af 055 000000 1 0
05641c 056 000000 1 0
057ab5 057 000000 1 0
058d09 058 000000 1 0
0593a0 059 000000 1 0
05a213 05a 000000 1 0
05bcba 05b 000000 1 0
05c37d 05c 000000 1 0
05ddd4 05d 000000 1 0
05ec67 05e 000000 1 0
05f2ce 05f 000000 1 0
0602f1 060 000000 1 0
061c58 061 000000 1 0
062deb 062 000000 1 0
063342 063 000000 1 0
064c85 064 000000 1 0
06522c 065 000000 1 0
06639f 066 000000 1 0
067d36 067 000000 1 0
068a8a 068 000000 1 0
069423 069 000000 1 0
06a590 06a 000000 1 0
06bb39 06b 000000 1 0
06c4fe 06c 000000 1 0
06da57 06d 000000 1 0
06ebe4 06e 000000 1 0
06f54d 06f 000000 1 0
07004f 070 000000 1 0
071ee6 071 000000 1 0
072f55 072 000000 1 0
0731fc 073 000000 1 0
074e3b 074 000000 1 0
075092 075 000000 1 0
076121 076 000000 1 0
077f88 077 000000 1 0
078834 078 000000 1 0
07969d 079 000000 1 0
07a72e 07a 000000 1 0
07b987 07b 000000 1 0
07c640 07c 000000 1 0
07d8e9 07d 000000 1 0
07e95a 07e 000000 1 0
07f7f3 07f 000000 1 0
080dd1 080 000000 1 0
081378 081 000000 1 0
0822cb 082 000000 1 0
083c62 083 000000 1 0
0843a5 084 000000 1 0
085d0c 085 000000 1 0
086cbf 086 000000 1 0
087216 087 000000 1 0
0885aa 088 000000 1 0
089b03 089 000000 1 0
08aab0 08a 000000 1 0
08b419 08b 000000 1 0
08cbde 08c 000000 1 0
08d577 08d 000000 1 0
08e4c4 08e 000000 1 0
08fa6d 08f 000000 1 0
090f6f 090 000000 1 0
0911c6 091 000000 1 0
092075 092 000000 1 0
093edc 093 000000 1 0
09411b 094 000000 1 0
095fb2 095 000000 1 0
096e01 096 000000 1 0
0970a8 097 000000 1 0
098714 098 000000 1 0
0999bd 099 000000 1 0
09a80e 09a 000000 1 0
09b6a7 09b 000000 1 0
09c960 09c 000000 1 0
09d7c9 09d 000000 1 0
09e67a 09e 000000 1 0
09f8d3 09f 000000 1 0
0a08ec 0a0 000000 1 0
0a1645 0a1 000000 1 0
0a27f6 0a2 000000 1 0
0a395f 0a3 000000 1 0
0a4698 0a4 000000 1 0
0a5831 0a5 000000 1 0
0a6982 0a6 000000 1 0
0a772b 0a7 000000 1 0
0a8097 0a8 000000 1 0
0a9e3e 0a9 000000 1 0
0aaf8d 0aa 000000 1 0
0ab124 0ab 000000 1 0
0acee3 0ac 000000 1 0
0ad04a 0ad 000000 1 0
0ae1f9 0ae 000000 1 0
0aff50 0af 000000 1 0
0b0a52 0b0 000000 1 0
0b14fb 0b1 000000 1 0
0b2548 0b2 000000 1 0
0b3be1 0b3 000000 1 0
0b4426 0b4 000000 1 0
0b5a8f 0b5 000000 1 0
0b6b3c 0b6 000000 1 0
0b7595 0b7 000000 1 0
0b8229 0b8 000000 1 0
0b9c80 0b9 000000 1 0
0bad33 0ba 000000 1 0
0bb39a 0bb 000000 1 0
0bcc5d 0bc 000000 1 0
0bd2f4 0bd 000000 1 0
0be347 0be 000000 1 0
0bfdee 0bf 000000 1 0
0c0a1d 0c0 000000 1 0
0c14b4 0c1 000000 1 0
0c2507 0c2 000000 1 0
0c3bae 0c3 000000 1 0
0c4469 0c4 000000 1 0
0c5ac0 0c5 000000 1 0
0c6b73 0c6 000000 1 0
0c75da 0c7 000000 1 0
0c8266 0c8 000000 1 0
0c9ccf 0c9 000000 1 0
0cad7c 0ca 000000 1 0
0cb3d5 0cb 000000 1 0
0ccc12 0cc 000000 1 0
0cd2bb 0cd 000000 1 0
0ce308 0ce 000000 1 0
0cfda1 0cf 000000 1 0
0d08a3 0d0 000000 1 0
0d160a 0d1 000000 1 0
0d27b9 0d2 000000 1 0
0d3910 0d3 000000 1 0
0d46d7 0d4 000000 1 0
0d587e 0d5 000000 1 0
0d69cd 0d6 000000 1 0
0d7764 0d7 000000 1 0
0d80d8 0d8 000000 1 0
0d9e71 0d9 000000 1 0
0dafc2 0da 000000 1 0
0db16b 0db 000000 1 0
0dceac 0dc 000000 1 0
0dd005 0dd 000000 1 0
0de1b6 0de 000000 1 0
0dff1f 0df 000000 1 0
0e0f20 0e0 000000 1 0
0e1189 0e1 000000 1 0
0e203a 0e2 000000 1 0
0e3e93 0e3 000000 1 0
0e4154 0e4 000000 1 0
0e5ffd 0e5 000000 1 0
0e6e4e 0e6 000000 1 0
0e70e7 0e7 000000 1 0
0e875b 0e8 000000 1 0
0e99f2 0e9 000000 1 0
0ea841 0ea 000000 1 0
0eb6e8 0eb 000000 1 0
0ec92f 0ec 000000 1 0
0ed786 0ed 000000 1 0
0ee635 0ee 000000 1 0
0ef89c 0ef 000000 1 0
0f0d9e 0f0 000000 1 0
0f1337 0f1 000000 1 0
0f2284 0f2 000000 1 0
0f3c2d 0f3 000000 1 0
0f43ea 0f4 000000 1 0
0f5d43 0f5 000000 1 0
0f6cf0 0f6 000000 1 0
0f7259 0f7 000000 1 0
0f85e5 0f8 000000 1 0
0f9b4c 0f9 000000 1 0
0faaff 0fa 000000 1 0
0fb456 0fb 000000 1 0
0fcb91 0fc 000000 1 0
0fd538 0fd 000000 1 0
0fe48b 0fe 000000 1 0
0ffa22 0ff 000000 1 0
100be2 100 000000 1 0
10154b 101 000000 1 0
1024f8 102 000000 1 0
103a51 103 000000 1 0
104596 104 000000 1 0
105b3f 105 000000 1 0
106a8c 106 000000 1 0
107425 107 000000 1 0
108399 108 000000 1 0
109d30 109 000000 1 0
10ac83 10a 000000 1 0
10b22a 10b 000000 1 0
10cded 10c 000000 1 0
10d344 10d 000000 1 0
10e2f7 10e 000000 1 0
10fc5e 10f 000000 1 0
11095c 110 000000 1 0
1117f5 111 000000 1 0
112646 112 000000 1 0
1138ef 113 000000 1 0
114728 114 000000 1 0
115981 115 000000 1 0
116832 116 000000 1 0
11769b 117 000000 1 0
118127 118 000000 1 0
119f8e 119 000000 1 0
11ae3d 11a 000000 1 0
11b094 11b 000000 1 0
11cf53 11c 000000 1 0
11d1fa 11d 000000 1 0
11e049 11e 000000 1 0
11fee0 11f 000000 1 0
120edf 120 000000 1 0
121076 121 000000 1 0
1221c5 122 000000 1 0
123f6c 123 000000 1 0
1240ab 124 000000 1 0
125e02 125 000000 1 0
126fb1 126 000000 1 0
127118 127 000000 1 0
1286a4 128 000000 1 0
12980d 129 000000 1 0
12a9be 12a 000000 1 0
12b717 12b 000000 1 0
12c8d0 12c 000000 1 0
12d679 12d 000000 1 0
12e7ca 12e 000000 1 0
12f963 12f 000000 1 0
130c61 130 000000 1 0
1312c8 131 000000 1 0
13237b 132 000000 1 0
133dd2 133 000000 1 0
134215 134 000000 1 0
135cbc 135 000000 1 0
136d0f 136 000000 1 0
1373a6 137 000000 1 0
13841a 138 000000 1 0
139ab3 139 000000 1 0
13ab00 13a 000000 1 0
13b5a9 13b 000000 1 0
13ca6e 13c 000000 1 0
13d4c7 13d 000000 1 0
13e574 13e 000000 1 0
13fbdd 13f 000000 1 0
140c2e 140 000000 1 0
141287 141 000000 1 0
142334 142 000000 1 0
143d9d 143 000000 1 0
14425a 144 000000 1 0
145cf3 145 000000 1 0
146d40 146 000000 1 0
1473e9 147 000000 1 0
148455 148 000000 1 0
149afc 149 000000 1 0
14ab4f 14a 000000 1 0
14b5e6 14b 000000 1 0
14ca21 14c 000000 1 0
14d488 14d 000000 1 0
14e53b 14e 000000 1 0
14fb92 14f 000000 1 0
150e90 150 000000 1 0
151039 151 000000 1 0
15218a 152 000000 1 0
153f23 153 000000 1 0
1540e4 154 000000 1 0
155e4d 155 000000 1 0
156ffe 156 000000 1 0
157157 157 000000 1 0
1586eb 158 000000 1 0
159842 159 000000 1 0
15a9f1 15a 000000 1 0
15b758 15b 000000 1 0
15c89f 15c 000000 1 0
15d636 15d 000000 1 0
15e785 15e 000000 1 0
15f92c 15f 000000 1 0
160913 160 000000 1 0
1617ba 161 000000 1 0
162609 162 000000 1 0
1638a0 163 000000 1 0
164767 164 000000 1 0
1659ce 165 000000 1 0
16687d 166 000000 1 0
1676d4 167 000000 1 0
168168 168 000000 1 0
169fc1 169 000000 1 0
16ae72 16a 000000 1 0
16b0db 16b 000000 1 0
16cf1c 16c 000000 1 0
16d1b5 16d 000000 1 0
16e006 16e 000000 1 0
16feaf 16f 000000 1 0
170bad 170 000000 1 0
171504 171 000000 1 0
1724b7 172 000000 1 0
173a1e 173 000000 1 0
1745d9 174 000000 1 0
175b70 175 000000 1 0
176ac3 176 000000 1 0
17746a 177 000000 1 0
1783d6 178 000000 1 0
179d7f 179 000000 1 0
17accc 17a 000000 1 0
17b265 17b 000000 1 0
17cda2 17c 000000 1 0
17d30b 17d 000000 1 0
17e2b8 17e 000000 1 0
17fc11 17f 000000 1 0
180633 180 000000 1 0
18189a 181 000000 1 0
182929 182 000000 1 0
183780 183 000000 1 0
184847 184 000000 1 0
1856ee 185 000000 1 0
18675d 186 000000 1 0
1879f4 187 000000 1 0
188e48 188 000000 1 0
1890e1 189 000000 1 0
18a152 18a 000000 1 0
18bffb 18b 000000 1 0
18c03c 18c 000000 1 0
18de95 18d 000000 1 0
18ef26 18e 000000 1 0
18f18f 18f 000000 1 0
19048d 190 000000 1 0
191a24 191 000000 1 0
192b97 192 000000 1 0
19353e 193 000000 1 0
194af9 194 000000 1 0
195450 195 000000 1 0
1965e3 196 000000 1 0
197b4a 197 000000 1 0
198cf6 198 000000 1 0
19925f 199 000000 1 0
19a3ec 19a 000000 1 0
19bd45 19b 000000 1 0
19c282 19c 000000 1 0
19dc2b 19d 000000 1 0
19ed98 19e 000000 1 0
19f331 19f 000000 1 0
1a030e 1a0 000000 1 0
1a1da7 1a1 000000 1 0
1a2c14 1a2 000000 1 0
1a32bd 1a3 000000 1 0
1a4d7a 1a4 000000 1 0
1a53d3 1a5 000000 1 0
1a6260 1a6 000000 1 0
1a7cc9 1a7 000000 1 0
1a8b75 1a8 000000 1 0
1a95dc 1a9 000000 1 0
1aa46f 1aa 000000 1 0
1abac6 1ab 000000 1 0
1ac501 1ac 000000 1 0
1adba8 1ad 000000 1 0
1aea1b 1ae 000000 1 0
1af4b2 1af 000000 1 0
1b01b0 1b0 000000 1 0
1b1f19 1b1 000000 1 0
1b2eaa 1b2 000000 1 0
1b3003 1b3 000000 1 0
1b4fc4 1b4 000000 1 0
1b516d 1b5 000000 1 0
1b60de 1b6 000000 1 0
1b7e77 1b7 000000 1 0
1b89cb 1b8 000000 1 0
1b9762 1b9 000000 1 0
1ba6d1 1ba 000000 1 0
1bb878 1bb 000000 1 0
1bc7bf 1bc 000000 1 0
1bd916 1bd 000000 1 0
1be8a5 1be 000000 1 0
1bf60c 1bf 000000 1 0
1c01ff 1c0 000000 1 0
1c1f56 1c1 000000 1 0
1c2ee5 1c2 000000 1 0
1c304c 1c3 000000 1 0
1c4f8b 1c4 000000 1 0
1c5122 1c5 000000 1 0
1c6091 1c6 000000 1 0
1c7e38 1c7 000000 1 0
1c8984 1c8 000000 1 0
1c972d 1c9 000000 1 0
1ca69e 1ca 000000 1 0
1cb837 1cb 000000 1 0
1cc7f0 1cc 000000 1 0
1cd959 1cd 000000 1 0
1ce8ea 1ce 000000 1 0
1cf643 1cf 000000 1 0
1d0341 1d0 000000 1 0
1d1de8 1d1 000000 1 0
1d2c5b 1d2 000000 1 0
1d32f2 1d3 000000 1 0
1d4d35 1d4 000000 1 0
1d539c 1d5 000000 1 0
1d622f 1d6 000000 1 0
1d7c86 1d7 000000 1 0
1d8b3a 1d8 000000 1 0
1d9593 1d9 000000 1 0
1da420 1da 000000 1 0
1dba89 1db 000000 1 0
1dc54e 1dc 000000 1 0
1ddbe7 1dd 000000 1 0
1dea54 1de 000000 1 0
1df4fd 1df 000000 1 0
1e04c2 1e0 000000 1 0
1e1a6b 1e1 000000 1 0
1e2bd8 1e2 000000 1 0
1e3571 1e3 000000 1 0
1e4ab6 1e4 000000 1 0
1e541f 1e5 000000 1 0
1e65ac 1e6 000000 1 0
1e7b05 1e7 000000 1 0
1e8cb9 1e8 000000 1 0
1e9210 1e9 000000 1 0
1ea3a3 1ea 000000 1 0
1ebd0a 1eb 000000 1 0
1ec2cd 1ec 000000 1 0
1edc64 1ed 000000 1 0
1eedd7 1ee 000000 1 0
1ef37e 1ef 000000 1 0
1f067c 1f0 000000 1 0
1f18d5 1f1 000000 1 0
1f2966 1f2 000000 1 0
1f37cf 1f3 000000 1 0
1f4808 1f4 000000 1 0
1f56a1 1f5 000000 1 0
1f6712 1f6 000000 1 0
1f79bb 1f7 000000 1 0
1f8e07 1f8 000000 1 0
1f90ae 1f9 000000 1 0
1fa11d 1fa 000000 1 0
1fbfb4 1fb 000000 1 0
1fc073 1fc 000000 1 0
1fdeda 1fd 000000 1 0
1fef69 1fe 000000 1 0
1ff1c0 1ff 000000 1 0
200357 200 000000 1 0
201dfe 201 000000 1 0
202c4d 202 000000 1 0
2032e4 203 000000 1 0
204d23 204 000000 1 0
20538a 205 000000 1 0
206239 206 000000 1 0
207c90 207 000000 1 0
208b2c 208 000000 1 0
209585 209 000000 1 0
20a436 20a 000000 1 0
20ba9f 20b 000000 1 0
20c558 20c 000000 1 0
20dbf1 20d 000000 1 0
20ea42 20e 000000 1 0
20f4eb 20f 000000 1 0
2101e9 210 000000 1 0
211f40 211 000000 1 0
212ef3 212 000000 1 0
21305a 213 000000 1 0
214f9d 214 000000 1 0
215134 215 000000 1 0
216087 216 000000 1 0
217e2e 217 000000 1 0
218992 218 000000 1 0
21973b 219 000000 1 0
21a688 21a 000000 1 0
21b821 21b 000000 1 0
21c7e6 21c 000000 1 0
21d94f 21d 000000 1 0
21e8fc 21e 000000 1 0
21f655 21f 000000 1 0
22066a 220 000000 1 0
2218c3 221 000000 1 0
222970 222 000000 1 0
2237d9 223 000000 1 0
22481e 224 000000 1 0
2256b7 225 000000 1 0
226704 226 000000 1 0
2279ad 227 000000 1 0
228e11 228 000000 1 0
2290b8 229 000000 1 0
22a10b 22a 000000 1 0
22bfa2 22b 000000 1 0
22c065 22c 000000 1 0
22decc 22d 000000 1 0
22ef7f 22e 000000 1 0
22f1d6 22f 000000 1 0
2304d4 230 000000 1 0
231a7d 231 000000 1 0
232bce 232 000000 1 0
233567 233 000000 1 0
234aa0 234 000000 1 0
235409 235 000000 1 0
2365ba 236 000000 1 0
237b13 237 000000 1 0
238caf 238 000000 1 0
239206 239 000000 1 0
23a3b5 23a 000000 1 0
23bd1c 23b 000000 1 0
23c2db 23c 000000 1 0
23dc72 23d 000000 1 0
23edc1 23e 000000 1 0
23f368 23f 000000 1 0
24049b 240 000000 1 0
241a32 241 000000 1 0
242b81 242 000000 1 0
243528 243 000000 1 0
244aef 244 000000 1 0
245446 245 000000 1 0
2465f5 246 000000 1 0
247b5c 247 000000 1 0
248ce0 248 000000 1 0
249249 249 000000 1 0
24a3fa 24a 000000 1 0
24bd53 24b 000000 1 0
24c294 24c 000000 1 0
24dc3d 24d 000000 1 0
24ed8e 24e 000000 1 0
24f327 24f 000000 1 0
250625 250 000000 1 0
25188c 251 000000 1 0
25293f 252 000000 1 0
253796 253 000000 1 0
254851 254 000000 1 0
2556f8 255 000000 1 0
25674b 256 000000 1 0
2579e2 257 000000 1 0
258e5e 258 000000 1 0
2590f7 259 000000 1 0
25a144 25a 000000 1 0
25bfed 25b 000000 1 0
25c02a 25c 000000 1 0
25de83 25d 000000 1 0
25ef30 25e 000000 1 0
25f199 25f 000000 1 0
2601a6 260 000000 1 0
261f0f 261 000000 1 0
262ebc 262 000000 1 0
263015 263 000000 1 0
264fd2 264 000000 1 0
26517b 265 000000 1 0
2660c8 266 000000 1 0
267e61 267 000000 1 0
2689dd 268 000000 1 0
269774 269 000000 1 0
26a6c7 26a 000000 1 0
26b86e 26b 000000 1 0
26c7a9 26c 000000 1 0
26d900 26d 000000 1 0
26e8b3 26e 000000 1 0
26f61a 26f 000000 1 0
270318 270 000000 1 0
271db1 271 000000 1 0
272c02 272 000000 1 0
2732ab 273 000000 1 0
274d6c 274 000000 1 0
2753c5 275 000000 1 0
276276 276 000000 1 0
277cdf 277 000000 1 0
278b63 278 000000 1 0
2795ca 279 000000 1 0
27a479 27a 000000 1 0
27bad0 27b 000000 1 0
27c517 27c 000000 1 0
27dbbe 27d 000000 1 0
27ea0d 27e 000000 1 0
27f4a4 27f 000000 1 0
280e86 280 000000 1 0
28102f 281 000000 1 0
28219c 282 000000 1 0
283f35 283 000000 1 0
2840f2 284 000000 1 0
285e5b 285 000000 1 0
286fe8 286 000000 1 0
287141 287 000000 1 0
2886fd 288 000000 1 0
289854 289 000000 1 0
28a9e7 28a 000000 1 0
28b74e 28b 000000 1 0
28c889 28c 000000 1 0
28d620 28d 000000 1 0
28e793 28e 000000 1 0
28f93a 28f 000000 1 0
290c38 290 000000 1 0
291291 291 000000 1 0
292322 292 000000 1 0
293d8b 293 000000 1 0
29424c 294 000000 1 0
295ce5 295 000000 1 0
296d56 296 000000 1 0
2973ff 297 000000 1 0
298443 298 000000 1 0
299aea 299 000000 1 0
29ab59 29a 000000 1 0
29b5f0 29b 000000 1 0
29ca37 29c 000000 1 0
29d49e 29d 000000 1 0
29e52d 29e 000000 1 0
29fb84 29f 000000 1 0
2a0bbb 2a0 000000 1 0
2a1512 2a1 000000 1 0
2a24a1 2a2 000000 1 0
2a3a08 2a3 000000 1 0
2a45cf 2a4 000000 1 0
2a5b66 2a5 000000 1 0
2a6ad5 2a6 000000 1 0
2a747c 2a7 000000 1 0
2a83c0 2a8 000000 1 0
2a9d69 2a9 000000 1 0
2aacda 2aa 000000 1 0
2ab273 2ab 000000 1 0
2acdb4 2ac 000000 1 0
2ad31d 2ad 000000 1 0
2ae2ae 2ae 000000 1 0
2afc07 2af 000000 1 0
2b0905 2b0 000000 1 0
2b17ac 2b1 000000 1 0
2b261f 2b2 000000 1 0
2b38b6 2b3 000000 1 0
2b4771 2b4 000000 1 0
2b59d8 2b5 000000 1 0
2b686b 2b6 000000 1 0
2b76c2 2b7 000000 1 0
2b817e 2b8 000000 1 0
2b9fd7 2b9 000000 1 0
2bae64 2ba 000000 1 0
2bb0cd 2bb 000000 1 0
2bcf0a 2bc 000000 1 0
2bd1a3 2bd 000000 1 0
2be010 2be 000000 1 0
2bfeb9 2bf 000000 1 0
2c094a 2c0 000000 1 0
2c17e3 2c1 000000 1 0
2c2650 2c2 000000 1 0
2c38f9 2c3 000000 1 0
2c473e 2c4 000000 1 0
2c5997 2c5 000000 1 0
2c6824 2c6 000000 1 0
2c768d 2c7 000000 1 0
2c8131 2c8 000000 1 0
2c9f98 2c9 000000 1 0
2cae2b 2ca 000000 1 0
2cb082 2cb 000000 1 0
2ccf45 2cc 000000 1 0
2cd1ec 2cd 000000 1 0
2ce05f 2ce 000000 1 0
2cfef6 2cf 000000 1 0
2d0bf4 2d0 000000 1 0
2d155d 2d1 000000 1 0
2d24ee 2d2 000000 1 0
2d3a47 2d3 000000 1 0
2d4580 2d4 000000 1 0
2d5b29 2d5 000000 1 0
2d6a9a 2d6 000000 1 0
2d7433 2d7 000000 1 0
2d838f 2d8 000000 1 0
2d9d26 2d9 000000 1 0
2dac95 2da 000000 1 0
2db23c 2db 000000 1 0
2dcdfb 2dc 000000 1 0
2dd352 2dd 000000 1 0
2de2e1 2de 000000 1 0
2dfc48 2df 000000 1 0
2e0c77 2e0 000000 1 0
2e12de 2e1 000000 1 0
2e236d 2e2 000000 1 0
2e3dc4 2e3 000000 1 0
2e4203 2e4 000000 1 0
2e5caa 2e5 000000 1 0
2e6d19 2e6 000000 1 0
2e73b0 2e7 000000 1 0
2e840c 2e8 000000 1 0
2e9aa5 2e9 000000 1 0
2eab16 2ea 000000 1 0
2eb5bf 2eb 000000 1 0
2eca78 2ec 000000 1 0
2ed4d1 2ed 000000 1 0
2ee562 2ee 000000 1 0
2efbcb 2ef 000000 1 0
2f0ec9 2f0 000000 1 0
2f1060 2f1 000000 1 0
2f21d3 2f2 000000 1 0
2f3f7a 2f3 000000 1 0
2f40bd 2f4 000000 1 0
2f5e14 2f5 000000 1 0
2f6fa7 2f6 000000 1 0
2f710e 2f7 000000 1 0
2f86b2 2f8 000000 1 0
2f981b 2f9 000000 1 0
2fa9a8 2fa 000000 1 0
2fb701 2fb 000000 1 0
2fc8c6 2fc 000000 1 0
2fd66f 2fd 000000 1 0
2fe7dc 2fe 000000 1 0
2ff975 2ff 000000 1 0
3008b5 300 000000 1 0
30161c 301 000000 1 0
3027af 302 000000 1 0
303906 303 000000 1 0
3046c1 304 000000 1 0
305868 305 000000 1 0
3069db 306 000000 1 0
307772 307 000000 1 0
3080ce 308 000000 1 0
309e67 309 000000 1 0
30afd4 30a 000000 1 0
30b17d 30b 000000 1 0
30ceba 30c 000000 1 0
30d013 30d 000000 1 0
30e1a0 30e 000000 1 0
30ff09 30f 000000 1 0
310a0b 310 000000 1 0
3114a2 311 000000 1 0
312511 312 000000 1 0
313bb8 313 000000 1 0
31447f 314 000000 1 0
315ad6 315 000000 1 0
316b65 316 000000 1 0
3175cc 317 000000 1 0
318270 318 000000 1 0
319cd9 319 000000 1 0
31ad6a 31a 000000 1 0
31b3c3 31b 000000 1 0
31cc04 31c 000000 1 0
31d2ad 31d 000000 1 0
31e31e 31e 000000 1 0
31fdb7 31f 000000 1 0
320d88 320 000000 1 0
321321 321 000000 1 0
322292 322 000000 1 0
323c3b 323 000000 1 0
3243fc 324 000000 1 0
325d55 325 000000 1 0
326ce6 326 000000 1 0
32724f 327 000000 1 0
3285f3 328 000000 1 0
329b5a 329 000000 1 0
32aae9 32a 000000 1 0
32b440 32b 000000 1 0
32cb87 32c 000000 1 0
32d52e 32d 000000 1 0
32e49d 32e 000000 1 0
32fa34 32f 000000 1 0
330f36 330 000000 1 0
33119f 331 000000 1 0
33202c 332 000000 1 0
333e85 333 000000 1 0
334142 334 000000 1 0
335feb 335 000000 1 0
336e58 336 000000 1 0
3370f1 337 000000 1 0
33874d 338 000000 1 0
3399e4 339 000000 1 0
33a857 33a 000000 1 0
33b6fe 33b 000000 1 0
33c939 33c 000000 1 0
33d790 33d 000000 1 0
33e623 33e 000000 1 0
33f88a 33f 000000 1 0
340f79 340 000000 1 0
3411d0 341 000000 1 0
342063 342 000000 1 0
343eca 343 000000 1 0
34410d 344 000000 1 0
345fa4 345 000000 1 0
346e17 346 000000 1 0
3470be 347 000000 1 0
348702 348 000000 1 0
3499ab 349 000000 1 0
34a818 34a 000000 1 0
34b6b1 34b 000000 1 0
34c976 34c 000000 1 0
34d7df 34d 000000 1 0
34e66c 34e 000000 1 0
34f8c5 34f 000000 1 0
350dc7 350 000000 1 0
35136e 351 000000 1 0
3522dd 352 000000 1 0
353c74 353 000000 1 0
3543b3 354 000000 1 0
355d1a 355 000000 1 0
356ca9 356 000000 1 0
357200 357 000000 1 0
3585bc 358 000000 1 0
359b15 359 000000 1 0
35aaa6 35a 000000 1 0
35b40f 35b 000000 1 0
35cbc8 35c 000000 1 0
35d561 35d 000000 1 0
35e4d2 35e 000000 1 0
35fa7b 35f 000000 1 0
360a44 360 000000 1 0
3614ed 361 000000 1 0
36255e 362 000000 1 0
363bf7 363 000000 1 0
364430 364 000000 1 0
365a99 365 000000 1 0
366b2a 366 000000 1 0
367583 367 000000 1 0
36823f 368 000000 1 0
369c96 369 000000 1 0
36ad25 36a 000000 1 0
36b38c 36b 000000 1 0
36cc4b 36c 000000 1 0
36d2e2 36d 000000 1 0
36e351 36e 000000 1 0
36fdf8 36f 000000 1 0
3708fa 370 000000 1 0
371653 371 000000 1 0
3727e0 372 000000 1 0
373949 373 000000 1 0
37468e 374 000000 1 0
375827 375 000000 1 0
376994 376 000000 1 0
37773d 377 000000 1 0
378081 378 000000 1 0
379e28 379 000000 1 0
37af9b 37a 000000 1 0
37b132 37b 000000 1 0
37cef5 37c 000000 1 0
37d05c 37d 000000 1 0
37e1ef 37e 000000 1 0
37ff46 37f 000000 1 0
380564 380 000000 1 0
381bcd 381 000000 1 0
382a7e 382 000000 1 0
3834d7 383 000000 1 0
384b10 384 000000 1 0
3855b9 385 000000 1 0
38640a 386 000000 1 0
387aa3 387 000000 1 0
388d1f 388 000000 1 0
3893b6 389 000000 1 0
38a205 38a 000000 1 0
38bcac 38b 000000 1 0
38c36b 38c 000000 1 0
38ddc2 38d 000000 1 0
38ec71 38e 000000 1 0
38f2d8 38f 000000 1 0
3907da 390 000000 1 0
391973 391 000000 1 0
3928c0 392 000000 1 0
393669 393 000000 1 0
3949ae 394 000000 1 0
395707 395 000000 1 0
3966b4 396 000000 1 0
39781d 397 000000 1 0
398fa1 398 000000 1 0
399108 399 000000 1 0
39a0bb 39a 000000 1 0
39be12 39b 000000 1 0
39c1d5 39c 000000 1 0
39df7c 39d 000000 1 0
39eecf 39e 000000 1 0
39f066 39f 000000 1 0
3a0059 3a0 000000 1 0
3a1ef0 3a1 000000 1 0
3a2f43 3a2 000000 1 0
3a31ea 3a3 000000 1 0
3a4e2d 3a4 000000 1 0
3a5084 3a5 000000 1 0
3a6137 3a6 000000 1 0
3a7f9e 3a7 000000 1 0
3a8822 3a8 000000 1 0
3a968b 3a9 000000 1 0
3aa738 3aa 000000 1 0
3ab991 3ab 000000 1 0
3ac656 3ac 000000 1 0
3ad8ff 3ad 000000 1 0
3ae94c 3ae 000000 1 0
3af7e5 3af 000000 1 0
3b02e7 3b0 000000 1 0
3b1c4e 3b1 000000 1 0
3b2dfd 3b2 000000 1 0
3b3354 3b3 000000 1 0
3b4c93 3b4 000000 1 0
3b523a 3b5 000000 1 0
3b6389 3b6 000000 1 0
3b7d20 3b7 000000 1 0
3b8a9c 3b8 000000 1 0
3b9435 3b9 000000 1 0
3ba586 3ba 000000 1 0
3bbb2f 3bb 000000 1 0
3bc4e8 3bc 000000 1 0
3bda41 3bd 000000 1 0
3bebf2 3be 000000 1 0
3bf55b 3bf 000000 1 0
3c02a8 3c0 000000 1 0
3c1c01 3c1 000000 1 0
3c2db2 3c2 000000 1 0
3c331b 3c3 000000 1 0
3c4cdc 3c4 000000 1 0
3c5275 3c5 000000 1 0
3c63c6 3c6 000000 1 0
3c7d6f 3c7 000000 1 0
3c8ad3 3c8 000000 1 0
3c947a 3c9 000000 1 0
3ca5c9 3ca 000000 1 0
3cbb60 3cb 000000 1 0
3cc4a7 3cc 000000 1 0
3cda0e 3cd 000000 1 0
3cebbd 3ce 000000 1 0
3cf514 3cf 000000 1 0
3d0016 3d0 000000 1 0
3d1ebf 3d1 000000 1 0
3d2f0c 3d2 000000 1 0
3d31a5 3d3 000000 1 0
3d4e62 3d4 000000 1 0
3d50cb 3d5 000000 1 0
3d6178 3d6 000000 1 0
3d7fd1 3d7 000000 1 0
3d886d 3d8 000000 1 0
3d96c4 3d9 000000 1 0
3da777 3da 000000 1 0
3db9de 3db 000000 1 0
3dc619 3dc 000000 1 0
3dd8b0 3dd 000000 1 0
3de903 3de 000000 1 0
3df7aa 3df 000000 1 0
3e0795 3e0 000000 1 0
3e193c 3e1 000000 1 0
3e288f 3e2 000000 1 0
3e3626 3e3 000000 1 0
3e49e1 3e4 000000 1 0
3e5748 3e5 000000 1 0
3e66fb 3e6 000000 1 0
3e7852 3e7 000000 1 0
3e8fee 3e8 000000 1 0
3e9147 3e9 000000 1 0
3ea0f4 3ea 000000 1 0
3ebe5d 3eb 000000 1 0
3ec19a 3ec 000000 1 0
3edf33 3ed 000000 1 0
3eee80 3ee 000000 1 0
3ef029 3ef 000000 1 0
3f052b 3f0 000000 1 0
3f1b82 3f1 000000 1 0
3f2a31 3f2 000000 1 0
3f3498 3f3 000000 1 0
3f4b5f 3f4 000000 1 0
3f55f6 3f5 000000 1 0
3f6445 3f6 000000 1 0
3f7aec 3f7 000000 1 0
3f8d50 3f8 000000 1 0
3f93f9 3f9 000000 1 0
3fa24a 3fa 000000 1 0
3fbce3 3fb 000000 1 0
3fc324 3fc 000000 1 0
3fdd8d 3fd 000000 1 0
3fec3e 3fe 000000 1 0
3ff297 3ff 000000 1 0
4004e7 400 000000 1 0
401a4e 401 000000 1 0
402bfd 402 000000 1 0
403554 403 000000 1 0
404a93 404 000000 1 0
40543a 405 000000 1 0
406589 406 000000 1 0
407b20 407 000000 1 0
408c9c 408 000000 1 0
409235 409 000000 1 0
40a386 40a 000000 1 0
40bd2f 40b 000000 1 0
40c2e8 40c 000000 1 0
40dc41 40d 000000 1 0
40edf2 40e 000000 1 0
40f35b 40f 000000 1 0
410659 410 000000 1 0
4118f0 411 000000 1 0
412943 412 000000 1 0
4137ea 413 000000 1 0
41482d 414 000000 1 0
415684 415 000000 1 0
416737 416 000000 1 0
41799e 417 000000 1 0
418e22 418 000000 1 0
41908b 419 000000 1 0
41a138 41a 000000 1 0
41bf91 41b 000000 1 0
41c056 41c 000000 1 0
41deff 41d 000000 1 0
41ef4c 41e 000000 1 0
41f1e5 41f 000000 1 0
4201da 420 000000 1 0
421f73 421 000000 1 0
422ec0 422 000000 1 0
423069 423 000000 1 0
424fae 424 000000 1 0
425107 425 000000 1 0
4260b4 426 000000 1 0
427e1d 427 000000 1 0
4289a1 428 000000 1 0
429708 429 000000 1 0
42a6bb 42a 000000 1 0
42b812 42b 000000 1 0
42c7d5 42c 000000 1 0
42d97c 42d 000000 1 0
42e8cf 42e 000000 1 0
42f666 42f 000000 1 0
430364 430 000000 1 0
431dcd 431 000000 1 0
432c7e 432 000000 1 0
4332d7 433 000000 1 0
434d10 434 000000 1 0
4353b9 435 000000 1 0
43620a 436 000000 1 0
437ca3 437 000000 1 0
438b1f 438 000000 1 0
4395b6 439 000000 1 0
43a405 43a 000000 1 0
43baac 43b 000000 1 0
43c56b 43c 000000 1 0
43dbc2 43d 000000 1 0
43ea71 43e 000000 1 0
43f4d8 43f 000000 1 0
44032b 440 000000 1 0
441d82 441 000000 1 0
442c31 442 000000 1 0
443298 443 000000 1 0
444d5f 444 000000 1 0
4453f6 445 000000 1 0
446245 446 000000 1 0
447cec 447 000000 1 0
448b50 448 000000 1 0
4495f9 449 000000 1 0
44a44a 44a 000000 1 0
44bae3 44b 000000 1 0
44c524 44c 000000 1 0
44db8d 44d 000000 1 0
44ea3e 44e 000000 1 0
44f497 44f 000000 1 0
450195 450 000000 1 0
451f3c 451 000000 1 0
452e8f 452 000000 1 0
453026 453 000000 1 0
454fe1 454 000000 1 0
455148 455 000000 1 0
4560fb 456 000000 1 0
457e52 457 000000 1 0
4589ee 458 000000 1 0
459747 459 000000 1 0
45a6f4 45a 000000 1 0
45b85d 45b 000000 1 0
45c79a 45c 000000 1 0
45d933 45d 000000 1 0
45e880 45e 000000 1 0
45f629 45f 000000 1 0
460616 460 000000 1 0
4618bf 461 000000 1 0
46290c 462 000000 1 0
4637a5 463 000000 1 0
464862 464 000000 1 0
4656cb 465 000000 1 0
466778 466 000000 1 0
4679d1 467 000000 1 0
468e6d 468 000000 1 0
4690c4 469 000000 1 0
46a177 46a 000000 1 0
46bfde 46b 000000 1 0
46c019 46c 000000 1 0
46deb0 46d 000000 1 0
46ef03 46e 000000 1 0
46f1aa 46f 000000 1 0
4704a8 470 000000 1 0
471a01 471 000000 1 0
472bb2 472 000000 1 0
47351b 473 000000 1 0
474adc 474 000000 1 0
475475 475 000000 1 0
4765c6 476 000000 1 0
477b6f 477 000000 1 0
478cd3 478 000000 1 0
47927a 479 000000 1 0
47a3c9 47a 000000 1 0
47bd60 47b 000000 1 0
47c2a7 47c 000000 1 0
47dc0e 47d 000000 1 0
47edbd 47e 000000 1 0
47f314 47f 000000 1 0
480936 480 000000 1 0
48179f 481 000000 1 0
48262c 482 000000 1 0
483885 483 000000 1 0
484742 484 000000 1 0
4859eb 485 000000 1 0
486858 486 000000 1 0
4876f1 487 000000 1 0
48814d 488 000000 1 0
489fe4 489 000000 1 0
48ae57 48a 000000 1 0
48b0fe 48b 000000 1 0
48cf39 48c 000000 1 0
48d190 48d 000000 1 0
48e023 48e 000000 1 0
48fe8a 48f 000000 1 0
490b88 490 000000 1 0
491521 491 000000 1 0
492492 492 000000 1 0
493a3b 493 000000 1 0
4945fc 494 000000 1 0
495b55 495 000000 1 0
496ae6 496 000000 1 0
49744f 497 000000 1 0
4983f3 498 000000 1 0
499d5a 499 000000 1 0
49ace9 49a 000000 1 0
49b240 49b 000000 1 0
49cd87 49c 000000 1 0
49d32e 49d 000000 1 0
49e29d 49e 000000 1 0
49fc34 49f 000000 1 0
4a0c0b 4a0 000000 1 0
4a12a2 4a1 000000 1 0
4a2311 4a2 000000 1 0
4a3db8 4a3 000000 1 0
4a427f 4a4 000000 1 0
4a5cd6 4a5 000000 1 0
4a6d65 4a6 000000 1 0
4a73cc 4a7 000000 1 0
4a8470 4a8 000000 1 0
4a9ad9 4a9 000000 1 0
4aab6a 4aa 000000 1 0
4ab5c3 4ab 000000 1 0
4aca04 4ac 000000 1 0
4ad4ad 4ad 000000 1 0
4ae51e 4ae 000000 1 0
4afbb7 4af 000000 1 0
4b0eb5 4b0 000000 1 0
4b101c 4b1 000000 1 0
4b21af 4b2 000000 1 0
4b3f06 4b3 000000 1 0
4b40c1 4b4 000000 1 0
4b5e68 4b5 000000 1 0
4b6fdb 4b6 000000 1 0
4b7172 4b7 000000 1 0
4b86ce 4b8 000000 1 0
4b9867 4b9 000000 1 0
4ba9d4 4ba 000000 1 0
4bb77d 4bb 000000 1 0
4bc8ba 4bc 000000 1 0
4bd613 4bd 000000 1 0
4be7a0 4be 000000 1 0
4bf909 4bf 000000 1 0
4c0efa 4c0 000000 1 0
4c1053 4c1 000000 1 0
4c21e0 4c2 000000 1 0
4c3f49 4c3 000000 1 0
4c408e 4c4 000000 1 0
4c5e27 4c5 000000 1 0
4c6f94 4c6 000000 1 0
4c713d 4c7 000000 1 0
4c8681 4c8 000000 1 0
4c9828 4c9 000000 1 0
4ca99b 4ca 000000 1 0
4cb732 4cb 000000 1 0
4cc8f5 4cc 000000 1 0
4cd65c 4cd 000000 1 0
4ce7ef 4ce 000000 1 0
4cf946 4cf 000000 1 0
4d0c44 4d0 000000 1 0
4d12ed 4d1 000000 1 0
4d235e 4d2 000000 1 0
4d3df7 4d3 000000 1 0
4d4230 4d4 000000 1 0
4d5c99 4d5 000000 1 0
4d6d2a 4d6 000000 1 0
4d7383 4d7 000000 1 0
4d843f 4d8 000000 1 0
4d9a96 4d9 000000 1 0
4dab25 4da 000000 1 0
4db58c 4db 000000 1 0
4dca4b 4dc 000000 1 0
4dd4e2 4dd 000000 1 0
4de551 4de 000000 1 0
4dfbf8 4df 000000 1 0
4e0bc7 4e0 000000 1 0
4e156e 4e1 000000 1 0
4e24dd 4e2 000000 1 0
4e3a74 4e3 000000 1 0
4e45b3 4e4 000000 1 0
4e5b1a 4e5 000000 1 0
4e6aa9 4e6 000000 1 0
4e7400 4e7 000000 1 0
4e83bc 4e8 000000 1 0
4e9d15 4e9 000000 1 0
4eaca6 4ea 000000 1 0
4eb20f 4eb 000000 1 0
4ecdc8 4ec 000000 1 0
4ed361 4ed 000000 1 0
4ee2d2 4ee 000000 1 0
4efc7b 4ef 000000 1 0
4f0979 4f0 000000 1 0
4f17d0 4f1 000000 1 0
4f2663 4f2 000000 1 0
4f38ca 4f3 000000 1 0
4f470d 4f4 000000 1 0
4f59a4 4f5 000000 1 0
4f6817 4f6 000000 1 0
4f76be 4f7 000000 1 0
4f8102 4f8 000000 1 0
4f9fab 4f9 000000 1 0
4fae18 4fa 000000 1 0
4fb0b1 4fb 000000 1 0
4fcf76 4fc 000000 1 0
4fd1df 4fd 000000 1 0
4fe06c 4fe 000000 1 0
4ffec5 4ff 000000 1 0
500f05 500 000000 1 0
5011ac 501 000000 1 0
50201f 502 000000 1 0
503eb6 503 000000 1 0
504171 504 000000 1 0
505fd8 505 000000 1 0
506e6b 506 000000 1 0
5070c2 507 000000 1 0
50877e 508 000000 1 0
5099d7 509 000000 1 0
50a864 50a 000000 1 0
50b6cd 50b 000000 1 0
50c90a 50c 000000 1 0
50d7a3 50d 000000 1 0
50e610 50e 000000 1 0
50f8b9 50f 000000 1 0
510dbb 510 000000 1 0
511312 511 000000 1 0
5122a1 512 000000 1 0
513c08 513 000000 1 0
5143cf 514 000000 1 0
515d66 515 000000 1 0
516cd5 516 000000 1 0
51727c 517 000000 1 0
5185c0 518 000000 1 0
519b69 519 000000 1 0
51aada 51a 000000 1 0
51b473 51b 000000 1 0
51cbb4 51c 000000 1 0
51d51d 51d 000000 1 0
51e4ae 51e 000000 1 0
51fa07 51f 000000 1 0
520a38 520 000000 1 0
521491 521 000000 1 0
522522 522 000000 1 0
523b8b 523 000000 1 0
52444c 524 000000 1 0
525ae5 525 000000 1 0
526b56 526 000000 1 0
5275ff 527 000000 1 0
528243 528 000000 1 0
529cea 529 000000 1 0
52ad59 52a 000000 1 0
52b3f0 52b 000000 1 0
52cc37 52c 000000 1 0
52d29e 52d 000000 1 0
52e32d 52e 000000 1 0
52fd84 52f 000000 1 0
530886 530 000000 1 0
53162f 531 000000 1 0
53279c 532 000000 1 0
533935 533 000000 1 0
5346f2 534 000000 1 0
53585b 535 000000 1 0
5369e8 536 000000 1 0
537741 537 000000 1 0
5380fd 538 000000 1 0
539e54 539 000000 1 0
53afe7 53a 000000 1 0
53b14e 53b 000000 1 0
53ce89 53c 000000 1 0
53d020 53d 000000 1 0
53e193 53e 000000 1 0
53ff3a 53f 000000 1 0
5408c9 540 000000 1 0
541660 541 000000 1 0
5427d3 542 000000 1 0
54397a 543 000000 1 0
5446bd 544 000000 1 0
545814 545 000000 1 0
5469a7 546 000000 1 0
54770e 547 000000 1 0
5480b2 548 000000 1 0
549e1b 549 000000 1 0
54afa8 54a 000000 1 0
54b101 54b 000000 1 0
54cec6 54c 000000 1 0
54d06f 54d 000000 1 0
54e1dc 54e 000000 1 0
54ff75 54f 000000 1 0
550a77 550 000000 1 0
5514de 551 000000 1 0
55256d 552 000000 1 0
553bc4 553 000000 1 0
554403 554 000000 1 0
555aaa 555 000000 1 0
556b19 556 000000 1 0
5575b0 557 000000 1 0
55820c 558 000000 1 0
559ca5 559 000000 1 0
55ad16 55a 000000 1 0
55b3bf 55b 000000 1 0
55cc78 55c 000000 1 0
55d2d1 55d 000000 1 0
55e362 55e 000000 1 0
55fdcb 55f 000000 1 0
560df4 560 000000 1 0
56135d 561 000000 1 0
5622ee 562 000000 1 0
563c47 563 000000 1 0
564380 564 000000 1 0
565d29 565 000000 1 0
566c9a 566 000000 1 0
567233 567 000000 1 0
56858f 568 000000 1 0
569b26 569 000000 1 0
56aa95 56a 000000 1 0
56b43c 56b 000000 1 0
56cbfb 56c 000000 1 0
56d552 56d 000000 1 0
56e4e1 56e 000000 1 0
56fa48 56f 000000 1 0
570f4a 570 000000 1 0
5711e3 571 000000 1 0
572050 572 000000 1 0
573ef9 573 000000 1 0
57413e 574 000000 1 0
575f97 575 000000 1 0
576e24 576 000000 1 0
57708d 577 000000 1 0
578731 578 000000 1 0
579998 579 000000 1 0
57a82b 57a 000000 1 0
57b682 57b 000000 1 0
57c945 57c 000000 1 0
57d7ec 57d 000000 1 0
57e65f 57e 000000 1 0
57f8f6 57f 000000 1 0
5802d4 580 000000 1 0
581c7d 581 000000 1 0
582dce 582 000000 1 0
583367 583 000000 1 0
584ca0 584 000000 1 0
585209 585 000000 1 0
5863ba 586 000000 1 0
587d13 587 000000 1 0
588aaf 588 000000 1 0
589406 589 000000 1 0
58a5b5 58a 000000 1 0
58bb1c 58b 000000 1 0
58c4db 58c 000000 1 0
58da72 58d 000000 1 0
58ebc1 58e 000000 1 0
58f568 58f 000000 1 0
59006a 590 000000 1 0
591ec3 591 000000 1 0
592f70 592 000000 1 0
5931d9 593 000000 1 0
594e1e 594 000000 1 0
5950b7 595 000000 1 0
596104 596 000000 1 0
597fad 597 000000 1 0
598811 598 000000 1 0
5996b8 599 000000 1 0
59a70b 59a 000000 1 0
59b9a2 59b 000000 1 0
59c665 59c 000000 1 0
59d8cc 59d 000000 1 0
59e97f 59e 000000 1 0
59f7d6 59f 000000 1 0
5a07e9 5a0 000000 1 0
5a1940 5a1 000000 1 0
5a28f3 5a2 000000 1 0
5a365a 5a3 000000 1 0
5a499d 5a4 000000 1 0
5a5734 5a5 000000 1 0
5a6687 5a6 000000 1 0
5a782e 5a7 000000 1 0
5a8f92 5a8 000000 1 0
5a913b 5a9 000000 1 0
5aa088 5aa 000000 1 0
5abe21 5ab 000000 1 0
5ac1e6 5ac 000000 1 0
5adf4f 5ad 000000 1 0
5aeefc 5ae 000000 1 0
5af055 5af 000000 1 0
5b0557 5b0 000000 1 0
5b1bfe 5b1 000000 1 0
5b2a4d 5b2 000000 1 0
5b34e4 5b3 000000 1 0
5b4b23 5b4 000000 1 0
5b558a 5b5 000000 1 0
5b6439 5b6 000000 1 0
5b7a90 5b7 000000 1 0
5b8d2c 5b8 000000 1 0
5b9385 5b9 000000 1 0
5ba236 5ba 000000 1 0
5bbc9f 5bb 000000 1 0
5bc358 5bc 000000 1 0
5bddf1 5bd 000000 1 0
5bec42 5be 000000 1 0
5bf2eb 5bf 000000 1 0
5c0518 5c0 000000 1 0
5c1bb1 5c1 000000 1 0
5c2a02 5c2 000000 1 0
5c34ab 5c3 000000 1 0
5c4b6c 5c4 000000 1 0
5c55c5 5c5 000000 1 0
5c6476 5c6 000000 1 0
5c7adf 5c7 000000 1 0
5c8d63 5c8 000000 1 0
5c93ca 5c9 000000 1 0
5ca279 5ca 000000 1 0
5cbcd0 5cb 000000 1 0
5cc317 5cc 000000 1 0
5cddbe 5cd 000000 1 0
5cec0d 5ce 000000 1 0
5cf2a4 5cf 000000 1 0
5d07a6 5d0 000000 1 0
5d190f 5d1 000000 1 0
5d28bc 5d2 000000 1 0
5d3615 5d3 000000 1 0
5d49d2 5d4 000000 1 0
5d577b 5d5 000000 1 0
5d66c8 5d6 000000 1 0
5d7861 5d7 000000 1 0
5d8fdd 5d8 000000 1 0
5d9174 5d9 000000 1 0
5da0c7 5da 000000 1 0
5dbe6e 5db 000000 1 0
5dc1a9 5dc 000000 1 0
5ddf00 5dd 000000 1 0
5deeb3 5de 000000 1 0
5df01a 5df 000000 1 0
5e0025 5e0 000000 1 0
5e1e8c 5e1 000000 1 0
5e2f3f 5e2 000000 1 0
5e3196 5e3 000000 1 0
5e4e51 5e4 000000 1 0
5e50f8 5e5 000000 1 0
5e614b 5e6 000000 1 0
5e7fe2 5e7 000000 1 0
5e885e 5e8 000000 1 0
5e96f7 5e9 000000 1 0
5ea744 5ea 000000 1 0
5eb9ed 5eb 000000 1 0
5ec62a 5ec 000000 1 0
5ed883 5ed 000000 1 0
5ee930 5ee 000000 1 0
5ef799 5ef 000000 1 0
5f029b 5f0 000000 1 0
5f1c32 5f1 000000 1 0
5f2d81 5f2 000000 1 0
5f3328 5f3 000000 1 0
5f4cef 5f4 000000 1 0
5f5246 5f5 000000 1 0
5f63f5 5f6 000000 1 0
5f7d5c 5f7 000000 1 0
5f8ae0 5f8 000000 1 0
5f9449 5f9 000000 1 0
5fa5fa 5fa 000000 1 0
5fbb53 5fb 000000 1 0
5fc494 5fc 000000 1 0
5fda3d 5fd 000000 1 0
5feb8e 5fe 000000 1 0
5ff527 5ff 000000 1 0
6007b0 600 000000 1 0
601919 601 000000 1 0
6028aa 602 000000 1 0
603603 603 000000 1 0
6049c4 604 000000 1 0
60576d 605 000000 1 0
6066de 606 000000 1 0
607877 607 000000 1 0
608fcb 608 000000 1 0
609162 609 000000 1 0
60a0d1 60a 000000 1 0
60be78 60b 000000 1 0
60c1bf 60c 000000 1 0
60df16 60d 000000 1 0
60eea5 60e 000000 1 0
60f00c 60f 000000 1 0
61050e 610 000000 1 0
611ba7 611 000000 1 0
612a14 612 000000 1 0
6134bd 613 000000 1 0
614b7a 614 000000 1 0
6155d3 615 000000 1 0
616460 616 000000 1 0
617ac9 617 000000 1 0
618d75 618 000000 1 0
6193dc 619 000000 1 0
61a26f 61a 000000 1 0
61bcc6 61b 000000 1 0
61c301 61c 000000 1 0
61dda8 61d 000000 1 0
61ec1b 61e 000000 1 0
61f2b2 61f 000000 1 0
62028d 620 000000 1 0
621c24 621 000000 1 0
622d97 622 000000 1 0
62333e 623 000000 1 0
624cf9 624 000000 1 0
625250 625 000000 1 0
6263e3 626 000000 1 0
627d4a 627 000000 1 0
628af6 628 000000 1 0
62945f 629 000000 1 0
62a5ec 62a 000000 1 0
62bb45 62b 000000 1 0
62c482 62c 000000 1 0
62da2b 62d 000000 1 0
62eb98 62e 000000 1 0
62f531 62f 000000 1 0
630033 630 000000 1 0
631e9a 631 000000 1 0
632f29 632 000000 1 0
633180 633 000000 1 0
634e47 634 000000 1 0
6350ee 635 000000 1 0
63615d 636 000000 1 0
637ff4 637 000000 1 0
638848 638 000000 1 0
6396e1 639 000000 1 0
63a752 63a 000000 1 0
63b9fb 63b 000000 1 0
63c63c 63c 000000 1 0
63d895 63d 000000 1 0
63e926 63e 000000 1 0
63f78f 63f 000000 1 0
64007c 640 000000 1 0
641ed5 641 000000 1 0
642f66 642 000000 1 0
6431cf 643 000000 1 0
644e08 644 000000 1 0
6450a1 645 000000 1 0
646112 646 000000 1 0
647fbb 647 000000 1 0
648807 648 000000 1 0
6496ae 649 000000 1 0
64a71d 64a 000000 1 0
64b9b4 64b 000000 1 0
64c673 64c 000000 1 0
64d8da 64d 000000 1 0
64e969 64e 000000 1 0
64f7c0 64f 000000 1 0
6502c2 650 000000 1 0
651c6b 651 000000 1 0
652dd8 652 000000 1 0
653371 653 000000 1 0
654cb6 654 000000 1 0
65521f 655 000000 1 0
6563ac 656 000000 1 0
657d05 657 000000 1 0
658ab9 658 000000 1 0
659410 659 000000 1 0
65a5a3 65a 000000 1 0
65bb0a 65b 000000 1 0
65c4cd 65c 000000 1 0
65da64 65d 000000 1 0
65ebd7 65e 000000 1 0
65f57e 65f 000000 1 0
660541 660 000000 1 0
661be8 661 000000 1 0
662a5b 662 000000 1 0
6634f2 663 000000 1 0
664b35 664 000000 1 0
66559c 665 000000 1 0
66642f 666 000000 1 0
667a86 667 000000 1 0
668d3a 668 000000 1 0
669393 669 000000 1 0
66a220 66a 000000 1 0
66bc89 66b 000000 1 0
66c34e 66c 000000 1 0
66dde7 66d 000000 1 0
66ec54 66e 000000 1 0
66f2fd 66f 000000 1 0
6707ff 670 000000 1 0
671956 671 000000 1 0
6728e5 672 000000 1 0
67364c 673 000000 1 0
67498b 674 000000 1 0
675722 675 000000 1 0
676691 676 000000 1 0
677838 677 000000 1 0
678f84 678 000000 1 0
67912d 679 000000 1 0
67a09e 67a 000000 1 0
67be37 67b 000000 1 0
67c1f0 67c 000000 1 0
67df59 67d 000000 1 0
67eeea 67e 000000 1 0
67f043 67f 000000 1 0
680a61 680 000000 1 0
6814c8 681 000000 1 0
68257b 682 000000 1 0
683bd2 683 000000 1 0
684415 684 000000 1 0
685abc 685 000000 1 0
686b0f 686 000000 1 0
6875a6 687 000000 1 0
68821a 688 000000 1 0
689cb3 689 000000 1 0
68ad00 68a 000000 1 0
68b3a9 68b 000000 1 0
68cc6e 68c 000000 1 0
68d2c7 68d 000000 1 0
68e374 68e 000000 1 0
68fddd 68f 000000 1 0
6908df 690 000000 1 0
691676 691 000000 1 0
6927c5 692 000000 1 0
69396c 693 000000 1 0
6946ab 694 000000 1 0
695802 695 000000 1 0
6969b1 696 000000 1 0
697718 697 000000 1 0
6980a4 698 000000 1 0
699e0d 699 000000 1 0
69afbe 69a 000000 1 0
69b117 69b 000000 1 0
69ced0 69c 000000 1 0
69d079 69d 000000 1 0
69e1ca 69e 000000 1 0
69ff63 69f 000000 1 0
6a0f5c 6a0 000000 1 0
6a11f5 6a1 000000 1 0
6a2046 6a2 000000 1 0
6a3eef 6a3 000000 1 0
6a4128 6a4 000000 1 0
6a5f81 6a5 000000 1 0
6a6e32 6a6 000000 1 0
6a709b 6a7 000000 1 0
6a8727 6a8 000000 1 0
6a998e 6a9 000000 1 0
6aa83d 6aa 000000 1 0
6ab694 6ab 000000 1 0
6ac953 6ac 000000 1 0
6ad7fa 6ad 000000 1 0
6ae649 6ae 000000 1 0
6af8e0 6af 000000 1 0
6b0de2 6b0 000000 1 0
6b134b 6b1 000000 1 0
6b22f8 6b2 000000 1 0
6b3c51 6b3 000000 1 0
6b4396 6b4 000000 1 0
6b5d3f 6b5 000000 1 0
6b6c8c 6b6 000000 1 0
6b7225 6b7 000000 1 0
6b8599 6b8 000000 1 0
6b9b30 6b9 000000 1 0
6baa83 6ba 000000 1 0
6bb42a 6bb 000000 1 0
6bcbed 6bc 000000 1 0
6bd544 6bd 000000 1 0
6be4f7 6be 000000 1 0
6bfa5e 6bf 000000 1 0
6c0dad 6c0 000000 1 0
6c1304 6c1 000000 1 0
6c22b7 6c2 000000 1 0
6c3c1e 6c3 000000 1 0
6c43d9 6c4 000000 1 0
6c5d70 6c5 000000 1 0
6c6cc3 6c6 000000 1 0
6c726a 6c7 000000 1 0
6c85d6 6c8 000000 1 0
6c9b7f 6c9 000000 1 0
6caacc 6ca 000000 1 0
6cb465 6cb 000000 1 0
6ccba2 6cc 000000 1 0
6cd50b 6cd 000000 1 0
6ce4b8 6ce 000000 1 0
6cfa11 6cf 000000 1 0
6d0f13 6d0 000000 1 0
6d11ba 6d1 000000 1 0
6d2009 6d2 000000 1 0
6d3ea0 6d3 000000 1 0
6d4167 6d4 000000 1 0
6d5fce 6d5 000000 1 0
6d6e7d 6d6 000000 1 0
6d70d4 6d7 000000 1 0
6d8768 6d8 000000 1 0
6d99c1 6d9 000000 1 0
6da872 6da 000000 1 0
6db6db 6db 000000 1 0
6dc91c 6dc 000000 1 0
6dd7b5 6dd 000000 1 0
6de606 6de 000000 1 0
6df8af 6df 000000 1 0
6e0890 6e0 000000 1 0
6e1639 6e1 000000 1 0
6e278a 6e2 000000 1 0
6e3923 6e3 000000 1 0
6e46e4 6e4 000000 1 0
6e584d 6e5 000000 1 0
6e69fe 6e6 000000 1 0
6e7757 6e7 000000 1 0
6e80eb 6e8 000000 1 0
6e9e42 6e9 000000 1 0
6eaff1 6ea 000000 1 0
6eb158 6eb 000000 1 0
6ece9f 6ec 000000 1 0
6ed036 6ed 000000 1 0
6ee185 6ee 000000 1 0
6eff2c 6ef 000000 1 0
6f0a2e 6f0 000000 1 0
6f1487 6f1 000000 1 0
6f2534 6f2 000000 1 0
6f3b9d 6f3 000000 1 0
6f445a 6f4 000000 1 0
6f5af3 6f5 000000 1 0
6f6b40 6f6 000000 1 0
6f75e9 6f7 000000 1 0
6f8255 6f8 000000 1 0
6f9cfc 6f9 000000 1 0
6fad4f 6fa 000000 1 0
6fb3e6 6fb 000000 1 0
6fcc21 6fc 000000 1 0
6fd288 6fd 000000 1 0
6fe33b 6fe 000000 1 0
6ffd92 6ff 000000 1 0
700c52 700 000000 1 0
7012fb 701 000000 1 0
702348 702 000000 1 0
703de1 703 000000 1 0
704226 704 000000 1 0
705c8f 705 000000 1 0
706d3c 706 000000 1 0
707395 707 000000 1 0
708429 708 000000 1 0
709a80 709 000000 1 0
70ab33 70a 000000 1 0
70b59a 70b 000000 1 0
70ca5d 70c 000000 1 0
70d4f4 70d 000000 1 0
70e547 70e 000000 1 0
70fbee 70f 000000 1 0
710eec 710 000000 1 0
711045 711 000000 1 0
7121f6 712 000000 1 0
713f5f 713 000000 1 0
714098 714 000000 1 0
715e31 715 000000 1 0
716f82 716 000000 1 0
71712b 717 000000 1 0
718697 718 000000 1 0
71983e 719 000000 1 0
71a98d 71a 000000 1 0
71b724 71b 000000 1 0
71c8e3 71c 000000 1 0
71d64a 71d 000000 1 0
71e7f9 71e 000000 1 0
71f950 71f 000000 1 0
72096f 720 000000 1 0
7217c6 721 000000 1 0
722675 722 000000 1 0
7238dc 723 000000 1 0
72471b 724 000000 1 0
7259b2 725 000000 1 0
726801 726 000000 1 0
7276a8 727 000000 1 0
728114 728 000000 1 0
729fbd 729 000000 1 0
72ae0e 72a 000000 1 0
72b0a7 72b 000000 1 0
72cf60 72c 000000 1 0
72d1c9 72d 000000 1 0
72e07a 72e 000000 1 0
72fed3 72f 000000 1 0
730bd1 730 000000 1 0
731578 731 000000 1 0
7324cb 732 000000 1 0
733a62 733 000000 1 0
7345a5 734 000000 1 0
735b0c 735 000000 1 0
736abf 736 000000 1 0
737416 737 000000 1 0
7383aa 738 000000 1 0
739d03 739 000000 1 0
73acb0 73a 000000 1 0
73b219 73b 000000 1 0
73cdde 73c 000000 1 0
73d377 73d 000000 1 0
73e2c4 73e 000000 1 0
73fc6d 73f 000000 1 0
740b9e 740 000000 1 0
741537 741 000000 1 0
742484 742 000000 1 0
743a2d 743 000000 1 0
7445ea 744 000000 1 0
745b43 745 000000 1 0
746af0 746 000000 1 0
747459 747 000000 1 0
7483e5 748 000000 1 0
749d4c 749 000000 1 0
74acff 74a 000000 1 0
74b256 74b 000000 1 0
74cd91 74c 000000 1 0
74d338 74d 000000 1 0
74e28b 74e 000000 1 0
74fc22 74f 000000 1 0
750920 750 000000 1 0
751789 751 000000 1 0
75263a 752 000000 1 0
753893 753 000000 1 0
754754 754 000000 1 0
7559fd 755 000000 1 0
75684e 756 000000 1 0
7576e7 757 000000 1 0
75815b 758 000000 1 0
759ff2 759 000000 1 0
75ae41 75a 000000 1 0
75b0e8 75b 000000 1 0
75cf2f 75c 000000 1 0
75d186 75d 000000 1 0
75e035 75e 000000 1 0
75fe9c 75f 000000 1 0
760ea3 760 000000 1 0
76100a 761 000000 1 0
7621b9 762 000000 1 0
763f10 763 000000 1 0
7640d7 764 000000 1 0
765e7e 765 000000 1 0
766fcd 766 000000 1 0
767164 767 000000 1 0
7686d8 768 000000 1 0
769871 769 000000 1 0
76a9c2 76a 000000 1 0
76b76b 76b 000000 1 0
76c8ac 76c 000000 1 0
76d605 76d 000000 1 0
76e7b6 76e 000000 1 0
76f91f 76f 000000 1 0
770c1d 770 000000 1 0
7712b4 771 000000 1 0
772307 772 000000 1 0
773dae 773 000000 1 0
774269 774 000000 1 0
775cc0 775 000000 1 0
776d73 776 000000 1 0
7773da 777 000000 1 0
778466 778 000000 1 0
779acf 779 000000 1 0
77ab7c 77a 000000 1 0
77b5d5 77b 000000 1 0
77ca12 77c 000000 1 0
77d4bb 77d 000000 1 0
77e508 77e 000000 1 0
77fba1 77f 000000 1 0
780183 780 000000 1 0
781f2a 781 000000 1 0
782e99 782 000000 1 0
783030 783 000000 1 0
784ff7 784 000000 1 0
78515e 785 000000 1 0
7860ed 786 000000 1 0
787e44 787 000000 1 0
7889f8 788 000000 1 0
789751 789 000000 1 0
78a6e2 78a 000000 1 0
78b84b 78b 000000 1 0
78c78c 78c 000000 1 0
78d925 78d 000000 1 0
78e896 78e 000000 1 0
78f63f 78f 000000 1 0
79033d 790 000000 1 0
791d94 791 000000 1 0
792c27 792 000000 1 0
79328e 793 000000 1 0
794d49 794 000000 1 0
7953e0 795 000000 1 0
796253 796 000000 1 0
797cfa 797 000000 1 0
798b46 798 000000 1 0
7995ef 799 000000 1 0
79a45c 79a 000000 1 0
79baf5 79b 000000 1 0
79c532 79c 000000 1 0
79db9b 79d 000000 1 0
79ea28 79e 000000 1 0
79f481 79f 000000 1 0
7a04be 7a0 000000 1 0
7a1a17 7a1 000000 1 0
7a2ba4 7a2 000000 1 0
7a350d 7a3 000000 1 0
7a4aca 7a4 000000 1 0
7a5463 7a5 000000 1 0
7a65d0 7a6 000000 1 0
7a7b79 7a7 000000 1 0
7a8cc5 7a8 000000 1 0
7a926c 7a9 000000 1 0
7aa3df 7aa 000000 1 0
7abd76 7ab 000000 1 0
7ac2b1 7ac 000000 1 0
7adc18 7ad 000000 1 0
7aedab 7ae 000000 1 0
7af302 7af 000000 1 0
7b0600 7b0 000000 1 0
7b18a9 7b1 000000 1 0
7b291a 7b2 000000 1 0
7b37b3 7b3 000000 1 0
7b4874 7b4 000000 1 0
7b56dd 7b5 000000 1 0
7b676e 7b6 000000 1 0
7b79c7 7b7 000000 1 0
7b8e7b 7b8 000000 1 0
7b90d2 7b9 000000 1 0
7ba161 7ba 000000 1 0
7bbfc8 7bb 000000 1 0
7bc00f 7bc 000000 1 0
7bdea6 7bd 000000 1 0
7bef15 7be 000000 1 0
7bf1bc 7bf 000000 1 0
7c064f 7c0 000000 1 0
7c18e6 7c1 000000 1 0
7c2955 7c2 000000 1 0
7c37fc 7c3 000000 1 0
7c483b 7c4 000000 1 0
7c5692 7c5 000000 1 0
7c6721 7c6 000000 1 0
7c7988 7c7 000000 1 0
7c8e34 7c8 000000 1 0
7c909d 7c9 000000 1 0
7ca12e 7ca 000000 1 0
7cbf87 7cb 000000 1 0
7cc040 7cc 000000 1 0
7cdee9 7cd 000000 1 0
7cef5a 7ce 000000 1 0
7cf1f3 7cf 000000 1 0
7d04f1 7d0 000000 1 0
7d1a58 7d1 000000 1 0
7d2beb 7d2 000000 1 0
7d3542 7d3 000000 1 0
7d4a85 7d4 000000 1 0
7d542c 7d5 000000 1 0
7d659f 7d6 000000 1 0
7d7b36 7d7 000000 1 0
7d8c8a 7d8 000000 1 0
7d9223 7d9 000000 1 0
7da390 7da 000000 1 0
7dbd39 7db 000000 1 0
7dc2fe 7dc 000000 1 0
7ddc57 7dd 000000 1 0
7dede4 7de 000000 1 0
7df34d 7df 000000 1 0
7e0372 7e0 000000 1 0
7e1ddb 7e1 000000 1 0
7e2c68 7e2 000000 1 0
7e32c1 7e3 000000 1 0
7e4d06 7e4 000000 1 0
7e53af 7e5 000000 1 0
7e621c 7e6 000000 1 0
7e7cb5 7e7 000000 1 0
7e8b09 7e8 000000 1 0
7e95a0 7e9 000000 1 0
7ea413 7ea 000000 1 0
7ebaba 7eb 000000 1 0
7ec57d 7ec 000000 1 0
7edbd4 7ed 000000 1 0
7eea67 7ee 000000 1 0
7ef4ce 7ef 000000 1 0
7f01cc 7f0 000000 1 0
7f1f65 7f1 000000 1 0
7f2ed6 7f2 000000 1 0
7f307f 7f3 000000 1 0
7f4fb8 7f4 000000 1 0
7f5111 7f5 000000 1 0
7f60a2 7f6 000000 1 0
7f7e0b 7f7 000000 1 0
7f89b7 7f8 000000 1 0
7f971e 7f9 000000 1 0
7fa6ad 7fa 000000 1 0
7fb804 7fb 000000 1 0
7fc7c3 7fc 000000 1 0
7fd96a 7fd 000000 1 0
7fe8d9 7fe 000000 1 0
7ff670 7ff 000000 1 0
80098f 800 000000 1 0
801726 801 000000 1 0
802695 802 000000 1 0
80383c 803 000000 1 0
8047fb 804 000000 1 0
805952 805 000000 1 0
8068e1 806 000000 1 0
807648 807 000000 1 0
8081f4 808 000000 1 0
809f5d 809 000000 1 0
80aeee 80a 000000 1 0
80b047 80b 000000 1 0
80cf80 80c 000000 1 0
80d129 80d 000000 1 0
80e09a 80e 000000 1 0
80fe33 80f 000000 1 0
810b31 810 000000 1 0
811598 811 000000 1 0
81242b 812 000000 1 0
813a82 813 000000 1 0
814545 814 000000 1 0
815bec 815 000000 1 0
816a5f 816 000000 1 0
8174f6 817 000000 1 0
81834a 818 000000 1 0
819de3 819 000000 1 0
81ac50 81a 000000 1 0
81b2f9 81b 000000 1 0
81cd3e 81c 000000 1 0
81d397 81d 000000 1 0
81e224 81e 000000 1 0
81fc8d 81f 000000 1 0
820cb2 820 000000 1 0
82121b 821 000000 1 0
8223a8 822 000000 1 0
823d01 823 000000 1 0
8242c6 824 000000 1 0
825c6f 825 000000 1 0
826ddc 826 000000 1 0
827375 827 000000 1 0
8284c9 828 000000 1 0
829a60 829 000000 1 0
82abd3 82a 000000 1 0
82b57a 82b 000000 1 0
82cabd 82c 000000 1 0
82d414 82d 000000 1 0
82e5a7 82e 000000 1 0
82fb0e 82f 000000 1 0
830e0c 830 000000 1 0
8310a5 831 000000 1 0
832116 832 000000 1 0
833fbf 833 000000 1 0
834078 834 000000 1 0
835ed1 835 000000 1 0
836f62 836 000000 1 0
8371cb 837 000000 1 0
838677 838 000000 1 0
8398de 839 000000 1 0
83a96d 83a 000000 1 0
83b7c4 83b 000000 1 0
83c803 83c 000000 1 0
83d6aa 83d 000000 1 0
83e719 83e 000000 1 0
83f9b0 83f 000000 1 0
840e43 840 000000 1 0
8410ea 841 000000 1 0
842159 842 000000 1 0
843ff0 843 000000 1 0
844037 844 000000 1 0
845e9e 845 000000 1 0
846f2d 846 000000 1 0
847184 847 000000 1 0
848638 848 000000 1 0
849891 849 000000 1 0
84a922 84a 000000 1 0
84b78b 84b 000000 1 0
84c84c 84c 000000 1 0
84d6e5 84d 000000 1 0
84e756 84e 000000 1 0
84f9ff 84f 000000 1 0
850cfd 850 000000 1 0
851254 851 000000 1 0
8523e7 852 000000 1 0
853d4e 853 000000 1 0
854289 854 000000 1 0
855c20 855 000000 1 0
856d93 856 000000 1 0
85733a 857 000000 1 0
858486 858 000000 1 0
859a2f 859 000000 1 0
85ab9c 85a 000000 1 0
85b535 85b 000000 1 0
85caf2 85c 000000 1 0
85d45b 85d 000000 1 0
85e5e8 85e 000000 1 0
85fb41 85f 000000 1 0
860b7e 860 000000 1 0
8615d7 861 000000 1 0
862464 862 000000 1 0
863acd 863 000000 1 0
86450a 864 000000 1 0
865ba3 865 000000 1 0
866a10 866 000000 1 0
8674b9 867 000000 1 0
868305 868 000000 1 0
869dac 869 000000 1 0
86ac1f 86a 000000 1 0
86b2b6 86b 000000 1 0
86cd71 86c 000000 1 0
86d3d8 86d 000000 1 0
86e26b 86e 000000 1 0
86fcc2 86f 000000 1 0
8709c0 870 000000 1 0
871769 871 000000 1 0
8726da 872 000000 1 0
873873 873 000000 1 0
8747b4 874 000000 1 0
87591d 875 000000 1 0
8768ae 876 000000 1 0
877607 877 000000 1 0
8781bb 878 000000 1 0
879f12 879 000000 1 0
87aea1 87a 000000 1 0
87b008 87b 000000 1 0
87cfcf 87c 000000 1 0
87d166 87d 000000 1 0
87e0d5 87e 000000 1 0
87fe7c 87f 000000 1 0
88045e 880 000000 1 0
881af7 881 000000 1 0
882b44 882 000000 1 0
8835ed 883 000000 1 0
884a2a 884 000000 1 0
885483 885 000000 1 0
886530 886 000000 1 0
887b99 887 000000 1 0
888c25 888 000000 1 0
88928c 889 000000 1 0
88a33f 88a 000000 1 0
88bd96 88b 000000 1 0
88c251 88c 000000 1 0
88dcf8 88d 000000 1 0
88ed4b 88e 000000 1 0
88f3e2 88f 000000 1 0
8906e0 890 000000 1 0
891849 891 000000 1 0
8929fa 892 000000 1 0
893753 893 000000 1 0
894894 894 000000 1 0
89563d 895 000000 1 0
89678e 896 000000 1 0
897927 897 000000 1 0
898e9b 898 000000 1 0
899032 899 000000 1 0
89a181 89a 000000 1 0
89bf28 89b 000000 1 0
89c0ef 89c 000000 1 0
89de46 89d 000000 1 0
89eff5 89e 000000 1 0
89f15c 89f 000000 1 0
8a0163 8a0 000000 1 0
8a1fca 8a1 000000 1 0
8a2e79 8a2 000000 1 0
8a30d0 8a3 000000 1 0
8a4f17 8a4 000000 1 0
8a51be 8a5 000000 1 0
8a600d 8a6 000000 1 0
8a7ea4 8a7 000000 1 0
8a8918 8a8 000000 1 0
8a97b1 8a9 000000 1 0
8aa602 8aa 000000 1 0
8ab8ab 8ab 000000 1 0
8ac76c 8ac 000000 1 0
8ad9c5 8ad 000000 1 0
8ae876 8ae 000000 1 0
8af6df 8af 000000 1 0
8b03dd 8b0 000000 1 0
8b1d74 8b1 000000 1 0
8b2cc7 8b2 000000 1 0
8b326e 8b3 000000 1 0
8b4da9 8b4 000000 1 0
8b5300 8b5 000000 1 0
8b62b3 8b6 000000 1 0
8b7c1a 8b7 000000 1 0
8b8ba6 8b8 000000 1 0
8b950f 8b9 000000 1 0
8ba4bc 8ba 000000 1 0
8bba15 8bb 000000 1 0
8bc5d2 8bc 000000 1 0
8bdb7b 8bd 000000 1 0
8beac8 8be 000000 1 0
8bf461 8bf 000000 1 0
8c0392 8c0 000000 1 0
8c1d3b 8c1 000000 1 0
8c2c88 8c2 000000 1 0
8c3221 8c3 000000 1 0
8c4de6 8c4 000000 1 0
8c534f 8c5 000000 1 0
8c62fc 8c6 000000 1 0
8c7c55 8c7 000000 1 0
8c8be9 8c8 000000 1 0
8c9540 8c9 000000 1 0
8ca4f3 8ca 000000 1 0
8cba5a 8cb 000000 1 0
8cc59d 8cc 000000 1 0
8cdb34 8cd 000000 1 0
8cea87 8ce 000000 1 0
8cf42e 8cf 000000 1 0
8d012c 8d0 000000 1 0
8d1f85 8d1 000000 1 0
8d2e36 8d2 000000 1 0
8d309f 8d3 000000 1 0
8d4f58 8d4 000000 1 0
8d51f1 8d5 000000 1 0
8d6042 8d6 000000 1 0
8d7eeb 8d7 000000 1 0
8d8957 8d8 000000 1 0
8d97fe 8d9 000000 1 0
8da64d 8da 000000 1 0
8db8e4 8db 000000 1 0
8dc723 8dc 000000 1 0
8dd98a 8dd 000000 1 0
8de839 8de 000000 1 0
8df690 8df 000000 1 0
8e06af 8e0 000000 1 0
8e1806 8e1 000000 1 0
8e29b5 8e2 000000 1 0
8e371c 8e3 000000 1 0
8e48db 8e4 000000 1 0
8e5672 8e5 000000 1 0
8e67c1 8e6 000000 1 0
8e7968 8e7 000000 1 0
8e8ed4 8e8 000000 1 0
8e907d 8e9 000000 1 0
8ea1ce 8ea 000000 1 0
8ebf67 8eb 000000 1 0
8ec0a0 8ec 000000 1 0
8ede09 8ed 000000 1 0
8eefba 8ee 000000 1 0
8ef113 8ef 000000 1 0
8f0411 8f0 000000 1 0
8f1ab8 8f1 000000 1 0
8f2b0b 8f2 000000 1 0
8f35a2 8f3 000000 1 0
8f4a65 8f4 000000 1 0
8f54cc 8f5 000000 1 0
8f657f 8f6 000000 1 0
8f7bd6 8f7 000000 1 0
8f8c6a 8f8 000000 1 0
8f92c3 8f9 000000 1 0
8fa370 8fa 000000 1 0
8fbdd9 8fb 000000 1 0
8fc21e 8fc 000000 1 0
8fdcb7 8fd 000000 1 0
8fed04 8fe 000000 1 0
8ff3ad 8ff 000000 1 0
90026d 900 000000 1 0
901cc4 901 000000 1 0
902d77 902 000000 1 0
9033de 903 000000 1 0
904c19 904 000000 1 0
9052b0 905 000000 1 0
906303 906 000000 1 0
907daa 907 000000 1 0
908a16 908 000000 1 0
9094bf 909 000000 1 0
90a50c 90a 000000 1 0
90bba5 90b 000000 1 0
90c462 90c 000000 1 0
90dacb 90d 000000 1 0
90eb78 90e 000000 1 0
90f5d1 90f 000000 1 0
9100d3 910 000000 1 0
911e7a 911 000000 1 0
912fc9 912 000000 1 0
913160 913 000000 1 0
914ea7 914 000000 1 0
91500e 915 000000 1 0
9161bd 916 000000 1 0
917f14 917 000000 1 0
9188a8 918 000000 1 0
919601 919 000000 1 0
91a7b2 91a 000000 1 0
91b91b 91b 000000 1 0
91c6dc 91c 000000 1 0
91d875 91d 000000 1 0
91e9c6 91e 000000 1 0
91f76f 91f 000000 1 0
920750 920 000000 1 0
9219f9 921 000000 1 0
92284a 922 000000 1 0
9236e3 923 000000 1 0
924924 924 000000 1 0
92578d 925 000000 1 0
92663e 926 000000 1 0
927897 927 000000 1 0
928f2b 928 000000 1 0
929182 929 000000 1 0
92a031 92a 000000 1 0
92be98 92b 000000 1 0
92c15f 92c 000000 1 0
92dff6 92d 000000 1 0
92ee45 92e 000000 1 0
92f0ec 92f 000000 1 0
9305ee 930 000000 1 0
931b47 931 000000 1 0
932af4 932 000000 1 0
93345d 933 000000 1 0
934b9a 934 000000 1 0
935533 935 000000 1 0
936480 936 000000 1 0
937a29 937 000000 1 0
938d95 938 000000 1 0
93933c 939 000000 1 0
93a28f 93a 000000 1 0
93bc26 93b 000000 1 0
93c3e1 93c 000000 1 0
93dd48 93d 000000 1 0
93ecfb 93e 000000 1 0
93f252 93f 000000 1 0
9405a1 940 000000 1 0
941b08 941 000000 1 0
942abb 942 000000 1 0
943412 943 000000 1 0
944bd5 944 000000 1 0
94557c 945 000000 1 0
9464cf 946 000000 1 0
947a66 947 000000 1 0
948dda 948 000000 1 0
949373 949 000000 1 0
94a2c0 94a 000000 1 0
94bc69 94b 000000 1 0
94c3ae 94c 000000 1 0
94dd07 94d 000000 1 0
94ecb4 94e 000000 1 0
94f21d 94f 000000 1 0
95071f 950 000000 1 0
9519b6 951 000000 1 0
952805 952 000000 1 0
9536ac 953 000000 1 0
95496b 954 000000 1 0
9557c2 955 000000 1 0
956671 956 000000 1 0
9578d8 957 000000 1 0
958f64 958 000000 1 0
9591cd 959 000000 1 0
95a07e 95a 000000 1 0
95bed7 95b 000000 1 0
95c110 95c 000000 1 0
95dfb9 95d 000000 1 0
95ee0a 95e 000000 1 0
95f0a3 95f 000000 1 0
96009c 960 000000 1 0
961e35 961 000000 1 0
962f86 962 000000 1 0
96312f 963 000000 1 0
964ee8 964 000000 1 0
965041 965 000000 1 0
9661f2 966 000000 1 0
967f5b 967 000000 1 0
9688e7 968 000000 1 0
96964e 969 000000 1 0
96a7fd 96a 000000 1 0
96b954 96b 000000 1 0
96c693 96c 000000 1 0
96d83a 96d 000000 1 0
96e989 96e 000000 1 0
96f720 96f 000000 1 0
970222 970 000000 1 0
971c8b 971 000000 1 0
972d38 972 000000 1 0
973391 973 000000 1 0
974c56 974 000000 1 0
9752ff 975 000000 1 0
97634c 976 000000 1 0
977de5 977 000000 1 0
978a59 978 000000 1 0
9794f0 979 000000 1 0
97a543 97a 000000 1 0
97bbea 97b 000000 1 0
97c42d 97c 000000 1 0
97da84 97d 000000 1 0
97eb37 97e 000000 1 0
97f59e 97f 000000 1 0
980fbc 980 000000 1 0
981115 981 000000 1 0
9820a6 982 000000 1 0
983e0f 983 000000 1 0
9841c8 984 000000 1 0
985f61 985 000000 1 0
986ed2 986 000000 1 0
98707b 987 000000 1 0
9887c7 988 000000 1 0
98996e 989 000000 1 0
98a8dd 98a 000000 1 0
98b674 98b 000000 1 0
98c9b3 98c 000000 1 0
98d71a 98d 000000 1 0
98e6a9 98e 000000 1 0
98f800 98f 000000 1 0
990d02 990 000000 1 0
9913ab 991 000000 1 0
992218 992 000000 1 0
993cb1 993 000000 1 0
994376 994 000000 1 0
995ddf 995 000000 1 0
996c6c 996 000000 1 0
9972c5 997 000000 1 0
998579 998 000000 1 0
999bd0 999 000000 1 0
99aa63 99a 000000 1 0
99b4ca 99b 000000 1 0
99cb0d 99c 000000 1 0
99d5a4 99d 000000 1 0
99e417 99e 000000 1 0
99fabe 99f 000000 1 0
9a0a81 9a0 000000 1 0
9a1428 9a1 000000 1 0
9a259b 9a2 000000 1 0
9a3b32 9a3 000000 1 0
9a44f5 9a4 000000 1 0
9a5a5c 9a5 000000 1 0
9a6bef 9a6 000000 1 0
9a7546 9a7 000000 1 0
9a82fa 9a8 000000 1 0
9a9c53 9a9 000000 1 0
9aade0 9aa 000000 1 0
9ab349 9ab 000000 1 0
9acc8e 9ac 000000 1 0
9ad227 9ad 000000 1 0
9ae394 9ae 000000 1 0
9afd3d 9af 000000 1 0
9b083f 9b0 000000 1 0
9b1696 9b1 000000 1 0
9b2725 9b2 000000 1 0
9b398c 9b3 000000 1 0
9b464b 9b4 000000 1 0
9b58e2 9b5 000000 1 0
9b6951 9b6 000000 1 0
9b77f8 9b7 000000 1 0
9b8044 9b8 000000 1 0
9b9eed 9b9 000000 1 0
9baf5e 9ba 000000 1 0
9bb1f7 9bb 000000 1 0
9bce30 9bc 000000 1 0
9bd099 9bd 000000 1 0
9be12a 9be 000000 1 0
9bff83 9bf 000000 1 0
9c0870 9c0 000000 1 0
9c16d9 9c1 000000 1 0
9c276a 9c2 000000 1 0
9c39c3 9c3 000000 1 0
9c4604 9c4 000000 1 0
9c58ad 9c5 000000 1 0
9c691e 9c6 000000 1 0
9c77b7 9c7 000000 1 0
9c800b 9c8 000000 1 0
9c9ea2 9c9 000000 1 0
9caf11 9ca 000000 1 0
9cb1b8 9cb 000000 1 0
9cce7f 9cc 000000 1 0
9cd0d6 9cd 000000 1 0
9ce165 9ce 000000 1 0
9cffcc 9cf 000000 1 0
9d0ace 9d0 000000 1 0
9d1467 9d1 000000 1 0
9d25d4 9d2 000000 1 0
9d3b7d 9d3 000000 1 0
9d44ba 9d4 000000 1 0
9d5a13 9d5 000000 1 0
9d6ba0 9d6 000000 1 0
9d7509 9d7 000000 1 0
9d82b5 9d8 000000 1 0
9d9c1c 9d9 000000 1 0
9dadaf 9da 000000 1 0
9db306 9db 000000 1 0
9dccc1 9dc 000000 1 0
9dd268 9dd 000000 1 0
9de3db 9de 000000 1 0
9dfd72 9df 000000 1 0
9e0d4d 9e0 000000 1 0
9e13e4 9e1 000000 1 0
9e2257 9e2 000000 1 0
9e3cfe 9e3 000000 1 0
9e4339 9e4 000000 1 0
9e5d90 9e5 000000 1 0
9e6c23 9e6 000000 1 0
9e728a 9e7 000000 1 0
9e8536 9e8 000000 1 0
9e9b9f 9e9 000000 1 0
9eaa2c 9ea 000000 1 0
9eb485 9eb 000000 1 0
9ecb42 9ec 000000 1 0
9ed5eb 9ed 000000 1 0
9ee458 9ee 000000 1 0
9efaf1 9ef 000000 1 0
9f0ff3 9f0 000000 1 0
9f115a 9f1 000000 1 0
9f20e9 9f2 000000 1 0
9f3e40 9f3 000000 1 0
9f4187 9f4 000000 1 0
9f5f2e 9f5 000000 1 0
9f6e9d 9f6 000000 1 0
9f7034 9f7 000000 1 0
9f8788 9f8 000000 1 0
9f9921 9f9 000000 1 0
9fa892 9fa 000000 1 0
9fb63b 9fb 000000 1 0
9fc9fc 9fc 000000 1 0
9fd755 9fd 000000 1 0
9fe6e6 9fe 000000 1 0
9ff84f 9ff 000000 1 0
a00ad8 a00 000000 1 0
a01471 a01 000000 1 0
a025c2 a02 000000 1 0
a03b6b a03 000000 1 0
a044ac a04 000000 1 0
a05a05 a05 000000 1 0
a06bb6 a06 000000 1 0
a0751f a07 000000 1 0
a082a3 a08 000000 1 0
a09c0a a09 000000 1 0
a0adb9 a0a 000000 1 0
a0b310 a0b 000000 1 0
a0ccd7 a0c 000000 1 0
a0d27e a0d 000000 1 0
a0e3cd a0e 000000 1 0
a0fd64 a0f 000000 1 0
a10866 a10 000000 1 0
a116cf a11 000000 1 0
a1277c a12 000000 1 0
a139d5 a13 000000 1 0
a14612 a14 000000 1 0
a158bb a15 000000 1 0
a16908 a16 000000 1 0
a177a1 a17 000000 1 0
a1801d a18 000000 1 0
a19eb4 a19 000000 1 0
a1af07 a1a 000000 1 0
a1b1ae a1b 000000 1 0
a1ce69 a1c 000000 1 0
a1d0c0 a1d 000000 1 0
a1e173 a1e 000000 1 0
a1ffda a1f 000000 1 0
a20fe5 a20 000000 1 0
a2114c a21 000000 1 0
a220ff a22 000000 1 0
a23e56 a23 000000 1 0
a24191 a24 000000 1 0
a25f38 a25 000000 1 0
a26e8b a26 000000 1 0
a27022 a27 000000 1 0
a2879e a28 000000 1 0
a29937 a29 000000 1 0
a2a884 a2a 000000 1 0
a2b62d a2b 000000 1 0
a2c9ea a2c 000000 1 0
a2d743 a2d 000000 1 0
a2e6f0 a2e 000000 1 0
a2f859 a2f 000000 1 0
a30d5b a30 000000 1 0
a313f2 a31 000000 1 0
a32241 a32 000000 1 0
a33ce8 a33 000000 1 0
a3432f a34 000000 1 0
a35d86 a35 000000 1 0
a36c35 a36 000000 1 0
a3729c a37 000000 1 0
a38520 a38 000000 1 0
a39b89 a39 000000 1 0
a3aa3a a3a 000000 1 0
a3b493 a3b 000000 1 0
a3cb54 a3c 000000 1 0
a3d5fd a3d 000000 1 0
a3e44e a3e 000000 1 0
a3fae7 a3f 000000 1 0
a40d14 a40 000000 1 0
a413bd a41 000000 1 0
a4220e a42 000000 1 0
a43ca7 a43 000000 1 0
a44360 a44 000000 1 0
a45dc9 a45 000000 1 0
a46c7a a46 000000 1 0
a472d3 a47 000000 1 0
a4856f a48 000000 1 0
a49bc6 a49 000000 1 0
a4aa75 a4a 000000 1 0
a4b4dc a4b 000000 1 0
a4cb1b a4c 000000 1 0
a4d5b2 a4d 000000 1 0
a4e401 a4e 000000 1 0
a4faa8 a4f 000000 1 0
a50faa a50 000000 1 0
a51103 a51 000000 1 0
a520b0 a52 000000 1 0
a53e19 a53 000000 1 0
a541de a54 000000 1 0
a55f77 a55 000000 1 0
a56ec4 a56 000000 1 0
a5706d a57 000000 1 0
a587d1 a58 000000 1 0
a59978 a59 000000 1 0
a5a8cb a5a 000000 1 0
a5b662 a5b 000000 1 0
a5c9a5 a5c 000000 1 0
a5d70c a5d 000000 1 0
a5e6bf a5e 000000 1 0
a5f816 a5f 000000 1 0
a60829 a60 000000 1 0
a61680 a61 000000 1 0
a62733 a62 000000 1 0
a6399a a63 000000 1 0
a6465d a64 000000 1 0
a658f4 a65 000000 1 0
a66947 a66 000000 1 0
a677ee a67 000000 1 0
a68052 a68 000000 1 0
a69efb a69 000000 1 0
a6af48 a6a 000000 1 0
a6b1e1 a6b 000000 1 0
a6ce26 a6c 000000 1 0
a6d08f a6d 000000 1 0
a6e13c a6e 000000 1 0
a6ff95 a6f 000000 1 0
a70a97 a70 000000 1 0
a7143e a71 000000 1 0
a7258d a72 000000 1 0
a73b24 a73 000000 1 0
a744e3 a74 000000 1 0
a75a4a a75 000000 1 0
a76bf9 a76 000000 1 0
a77550 a77 000000 1 0
a782ec a78 000000 1 0
a79c45 a79 000000 1 0
a7adf6 a7a 000000 1 0
a7b35f a7b 000000 1 0
a7cc98 a7c 000000 1 0
a7d231 a7d 000000 1 0
a7e382 a7e 000000 1 0
a7fd2b a7f 000000 1 0
a80709 a80 000000 1 0
a819a0 a81 000000 1 0
a82813 a82 000000 1 0
a836ba a83 000000 1 0
a8497d a84 000000 1 0
a857d4 a85 000000 1 0
a86667 a86 000000 1 0
a878ce a87 000000 1 0
a88f72 a88 000000 1 0
a891db a89 000000 1 0
a8a068 a8a 000000 1 0
a8bec1 a8b 000000 1 0
a8c106 a8c 000000 1 0
a8dfaf a8d 000000 1 0
a8ee1c a8e 000000 1 0
a8f0b5 a8f 000000 1 0
a905b7 a90 000000 1 0
a91b1e a91 000000 1 0
a92aad a92 000000 1 0
a93404 a93 000000 1 0
a94bc3 a94 000000 1 0
a9556a a95 000000 1 0
a964d9 a96 000000 1 0
a97a70 a97 000000 1 0
a98dcc a98 000000 1 0
a99365 a99 000000 1 0
a9a2d6 a9a 000000 1 0
a9bc7f a9b 000000 1 0
a9c3b8 a9c 000000 1 0
a9dd11 a9d 000000 1 0
a9eca2 a9e 000000 1 0
a9f20b a9f 000000 1 0
aa0234 aa0 000000 1 0
aa1c9d aa1 000000 1 0
aa2d2e aa2 000000 1 0
aa3387 aa3 000000 1 0
aa4c40 aa4 000000 1 0
aa52e9 aa5 000000 1 0
aa635a aa6 000000 1 0
aa7df3 aa7 000000 1 0
aa8a4f aa8 000000 1 0
aa94e6 aa9 000000 1 0
aaa555 aaa 000000 1 0
aabbfc aab 000000 1 0
aac43b aac 000000 1 0
aada92 aad 000000 1 0
aaeb21 aae 000000 1 0
aaf588 aaf 000000 1 0
ab008a ab0 000000 1 0
ab1e23 ab1 000000 1 0
ab2f90 ab2 000000 1 0
ab3139 ab3 000000 1 0
ab4efe ab4 000000 1 0
ab5057 ab5 000000 1 0
ab61e4 ab6 000000 1 0
ab7f4d ab7 000000 1 0
ab88f1 ab8 000000 1 0
ab9658 ab9 000000 1 0
aba7eb aba 000000 1 0
abb942 abb 000000 1 0
abc685 abc 000000 1 0
abd82c abd 000000 1 0
abe99f abe 000000 1 0
abf736 abf 000000 1 0
ac00c5 ac0 000000 1 0
ac1e6c ac1 000000 1 0
ac2fdf ac2 000000 1 0
ac3176 ac3 000000 1 0
ac4eb1 ac4 000000 1 0
ac5018 ac5 000000 1 0
ac61ab ac6 000000 1 0
ac7f02 ac7 000000 1 0
ac88be ac8 000000 1 0
ac9617 ac9 000000 1 0
aca7a4 aca 000000 1 0
acb90d acb 000000 1 0
acc6ca acc 000000 1 0
acd863 acd 000000 1 0
ace9d0 ace 000000 1 0
acf779 acf 000000 1 0
ad027b ad0 000000 1 0
ad1cd2 ad1 000000 1 0
ad2d61 ad2 000000 1 0
ad33c8 ad3 000000 1 0
ad4c0f ad4 000000 1 0
ad52a6 ad5 000000 1 0
ad6315 ad6 000000 1 0
ad7dbc ad7 000000 1 0
ad8a00 ad8 000000 1 0
ad94a9 ad9 000000 1 0
ada51a ada 000000 1 0
adbbb3 adb 000000 1 0
adc474 adc 000000 1 0
addadd add 000000 1 0
adeb6e ade 000000 1 0
adf5c7 adf 000000 1 0
ae05f8 ae0 000000 1 0
ae1b51 ae1 000000 1 0
ae2ae2 ae2 000000 1 0
ae344b ae3 000000 1 0
ae4b8c ae4 000000 1 0
ae5525 ae5 000000 1 0
ae6496 ae6 000000 1 0
ae7a3f ae7 000000 1 0
ae8d83 ae8 000000 1 0
ae932a ae9 000000 1 0
aea299 aea 000000 1 0
aebc30 aeb 000000 1 0
aec3f7 aec 000000 1 0
aedd5e aed 000000 1 0
aeeced aee 000000 1 0
aef244 aef 000000 1 0
af0746 af0 000000 1 0
af19ef af1 000000 1 0
af285c af2 000000 1 0
af36f5 af3 000000 1 0
af4932 af4 000000 1 0
af579b af5 000000 1 0
af6628 af6 000000 1 0
af7881 af7 000000 1 0
af8f3d af8 000000 1 0
af9194 af9 000000 1 0
afa027 afa 000000 1 0
afbe8e afb 000000 1 0
afc149 afc 000000 1 0
afdfe0 afd 000000 1 0
afee53 afe 000000 1 0
aff0fa aff 000000 1 0
b0013a b00 000000 1 0
b01f93 b01 000000 1 0
b02e20 b02 000000 1 0
b03089 b03 000000 1 0
b04f4e b04 000000 1 0
b051e7 b05 000000 1 0
b06054 b06 000000 1 0
b07efd b07 000000 1 0
b08941 b08 000000 1 0
b097e8 b09 000000 1 0
b0a65b b0a 000000 1 0
b0b8f2 b0b 000000 1 0
b0c735 b0c 000000 1 0
b0d99c b0d 000000 1 0
b0e82f b0e 000000 1 0
b0f686 b0f 000000 1 0
b10384 b10 000000 1 0
b11d2d b11 000000 1 0
b12c9e b12 000000 1 0
b13237 b13 000000 1 0
b14df0 b14 000000 1 0
b15359 b15 000000 1 0
b162ea b16 000000 1 0
b17c43 b17 000000 1 0
b18bff b18 000000 1 0
b19556 b19 000000 1 0
b1a4e5 b1a 000000 1 0
b1ba4c b1b 000000 1 0
b1c58b b1c 000000 1 0
b1db22 b1d 000000 1 0
b1ea91 b1e 000000 1 0
b1f438 b1f 000000 1 0
b20407 b20 000000 1 0
b21aae b21 000000 1 0
b22b1d b22 000000 1 0
b235b4 b23 000000 1 0
b24a73 b24 000000 1 0
b254da b25 000000 1 0
b26569 b26 000000 1 0
b27bc0 b27 000000 1 0
b28c7c b28 000000 1 0
b292d5 b29 000000 1 0
b2a366 b2a 000000 1 0
b2bdcf b2b 000000 1 0
b2c208 b2c 000000 1 0
b2dca1 b2d 000000 1 0
b2ed12 b2e 000000 1 0
b2f3bb b2f 000000 1 0
b306b9 b30 000000 1 0
b31810 b31 000000 1 0
b329a3 b32 000000 1 0
b3370a b33 000000 1 0
b348cd b34 000000 1 0
b35664 b35 000000 1 0
b367d7 b36 000000 1 0
b3797e b37 000000 1 0
b38ec2 b38 000000 1 0
b3906b b39 000000 1 0
b3a1d8 b3a 000000 1 0
b3bf71 b3b 000000 1 0
b3c0b6 b3c 000000 1 0
b3de1f b3d 000000 1 0
b3efac b3e 000000 1 0
b3f105 b3f 000000 1 0
b406f6 b40 000000 1 0
b4185f b41 000000 1 0
b429ec b42 000000 1 0
b43745 b43 000000 1 0
b44882 b44 000000 1 0
b4562b b45 000000 1 0
b46798 b46 000000 1 0
b47931 b47 000000 1 0
b48e8d b48 000000 1 0
b49024 b49 000000 1 0
b4a197 b4a 000000 1 0
b4bf3e b4b 000000 1 0
b4c0f9 b4c 000000 1 0
b4de50 b4d 000000 1 0
b4efe3 b4e 000000 1 0
b4f14a b4f 000000 1 0
b50448 b50 000000 1 0
b51ae1 b51 000000 1 0
b52b52 b52 000000 1 0
b535fb b53 000000 1 0
b54a3c b54 000000 1 0
b55495 b55 000000 1 0
b56526 b56 000000 1 0
b57b8f b57 000000 1 0
b58c33 b58 000000 1 0
b5929a b59 000000 1 0
b5a329 b5a 000000 1 0
b5bd80 b5b 000000 1 0
b5c247 b5c 000000 1 0
b5dcee b5d 000000 1 0
b5ed5d b5e 000000 1 0
b5f3f4 b5f 000000 1 0
b603cb b60 000000 1 0
b61d62 b61 000000 1 0
b62cd1 b62 000000 1 0
b63278 b63 000000 1 0
b64dbf b64 000000 1 0
b65316 b65 000000 1 0
b662a5 b66 000000 1 0
b67c0c b67 000000 1 0
b68bb0 b68 000000 1 0
b69519 b69 000000 1 0
b6a4aa b6a 000000 1 0
b6ba03 b6b 000000 1 0
b6c5c4 b6c 000000 1 0
b6db6d b6d 000000 1 0
b6eade b6e 000000 1 0
b6f477 b6f 000000 1 0
b70175 b70 000000 1 0
b71fdc b71 000000 1 0
b72e6f b72 000000 1 0
b730c6 b73 000000 1 0
b74f01 b74 000000 1 0
b751a8 b75 000000 1 0
b7601b b76 000000 1 0
b77eb2 b77 000000 1 0
b7890e b78 000000 1 0
b797a7 b79 000000 1 0
b7a614 b7a 000000 1 0
b7b8bd b7b 000000 1 0
b7c77a b7c 000000 1 0
b7d9d3 b7d 000000 1 0
b7e860 b7e 000000 1 0
b7f6c9 b7f 000000 1 0
b80ceb b80 000000 1 0
b81242 b81 000000 1 0
b823f1 b82 000000 1 0
b83d58 b83 000000 1 0
b8429f b84 000000 1 0
b85c36 b85 000000 1 0
b86d85 b86 000000 1 0
b8732c b87 000000 1 0
b88490 b88 000000 1 0
b89a39 b89 000000 1 0
b8ab8a b8a 000000 1 0
b8b523 b8b 000000 1 0
b8cae4 b8c 000000 1 0
b8d44d b8d 000000 1 0
b8e5fe b8e 000000 1 0
b8fb57 b8f 000000 1 0
b90e55 b90 000000 1 0
b910fc b91 000000 1 0
b9214f b92 000000 1 0
b93fe6 b93 000000 1 0
b94021 b94 000000 1 0
b95e88 b95 000000 1 0
b96f3b b96 000000 1 0
b97192 b97 000000 1 0
b9862e b98 000000 1 0
b99887 b99 000000 1 0
b9a934 b9a 000000 1 0
b9b79d b9b 000000 1 0
b9c85a b9c 000000 1 0
b9d6f3 b9d 000000 1 0
b9e740 b9e 000000 1 0
b9f9e9 b9f 000000 1 0
ba09d6 ba0 000000 1 0
ba177f ba1 000000 1 0
ba26cc ba2 000000 1 0
ba3865 ba3 000000 1 0
ba47a2 ba4 000000 1 0
ba590b ba5 000000 1 0
ba68b8 ba6 000000 1 0
ba7611 ba7 000000 1 0
ba81ad ba8 000000 1 0
ba9f04 ba9 000000 1 0
baaeb7 baa 000000 1 0
bab01e bab 000000 1 0
bacfd9 bac 000000 1 0
bad170 bad 000000 1 0
bae0c3 bae 000000 1 0
bafe6a baf 000000 1 0
bb0b68 bb0 000000 1 0
bb15c1 bb1 000000 1 0
bb2472 bb2 000000 1 0
bb3adb bb3 000000 1 0
bb451c bb4 000000 1 0
bb5bb5 bb5 000000 1 0
bb6a06 bb6 000000 1 0
bb74af bb7 000000 1 0
bb8313 bb8 000000 1 0
bb9dba bb9 000000 1 0
bbac09 bba 000000 1 0
bbb2a0 bbb 000000 1 0
bbcd67 bbc 000000 1 0
bbd3ce bbd 000000 1 0
bbe27d bbe 000000 1 0
bbfcd4 bbf 000000 1 0
bc0b27 bc0 000000 1 0
bc158e bc1 000000 1 0
bc243d bc2 000000 1 0
bc3a94 bc3 000000 1 0
bc4553 bc4 000000 1 0
bc5bfa bc5 000000 1 0
bc6a49 bc6 000000 1 0
bc74e0 bc7 000000 1 0
bc835c bc8 000000 1 0
bc9df5 bc9 000000 1 0
bcac46 bca 000000 1 0
bcb2ef bcb 000000 1 0
bccd28 bcc 000000 1 0
bcd381 bcd 000000 1 0
bce232 bce 000000 1 0
bcfc9b bcf 000000 1 0
bd0999 bd0 000000 1 0
bd1730 bd1 000000 1 0
bd2683 bd2 000000 1 0
bd382a bd3 000000 1 0
bd47ed bd4 000000 1 0
bd5944 bd5 000000 1 0
bd68f7 bd6 000000 1 0
bd765e bd7 000000 1 0
bd81e2 bd8 000000 1 0
bd9f4b bd9 000000 1 0
bdaef8 bda 000000 1 0
bdb051 bdb 000000 1 0
bdcf96 bdc 000000 1 0
bdd13f bdd 000000 1 0
bde08c bde 000000 1 0
bdfe25 bdf 000000 1 0
be0e1a be0 000000 1 0
be10b3 be1 000000 1 0
be2100 be2 000000 1 0
be3fa9 be3 000000 1 0
be406e be4 000000 1 0
be5ec7 be5 000000 1 0
be6f74 be6 000000 1 0
be71dd be7 000000 1 0
be8661 be8 000000 1 0
be98c8 be9 000000 1 0
bea97b bea 000000 1 0
beb7d2 beb 000000 1 0
bec815 bec 000000 1 0
bed6bc bed 000000 1 0
bee70f bee 000000 1 0
bef9a6 bef 000000 1 0
bf0ca4 bf0 000000 1 0
bf120d bf1 000000 1 0
bf23be bf2 000000 1 0
bf3d17 bf3 000000 1 0
bf42d0 bf4 000000 1 0
bf5c79 bf5 000000 1 0
bf6dca bf6 000000 1 0
bf7363 bf7 000000 1 0
bf84df bf8 000000 1 0
bf9a76 bf9 000000 1 0
bfabc5 bfa 000000 1 0
bfb56c bfb 000000 1 0
bfcaab bfc 000000 1 0
bfd402 bfd 000000 1 0
bfe5b1 bfe 000000 1 0
bffb18 bff 000000 1 0
c00d68 c00 000000 1 0
c013c1 c01 000000 1 0
c02272 c02 000000 1 0
c03cdb c03 000000 1 0
c0431c c04 000000 1 0
c05db5 c05 000000 1 0
c06c06 c06 000000 1 0
c072af c07 000000 1 0
c08513 c08 000000 1 0
c09bba c09 000000 1 0
c0aa09 c0a 000000 1 0
c0b4a0 c0b 000000 1 0
c0cb67 c0c 000000 1 0
c0d5ce c0d 000000 1 0
c0e47d c0e 000000 1 0
c0fad4 c0f 000000 1 0
c10fd6 c10 000000 1 0
c1117f c11 000000 1 0
c120cc c12 000000 1 0
c13e65 c13 000000 1 0
c141a2 c14 000000 1 0
c15f0b c15 000000 1 0
c16eb8 c16 000000 1 0
c17011 c17 000000 1 0
c187ad c18 000000 1 0
c19904 c19 000000 1 0
c1a8b7 c1a 000000 1 0
c1b61e c1b 000000 1 0
c1c9d9 c1c 000000 1 0
c1d770 c1d 000000 1 0
c1e6c3 c1e 000000 1 0
c1f86a c1f 000000 1 0
c20855 c20 000000 1 0
c216fc c21 000000 1 0
c2274f c22 000000 1 0
c239e6 c23 000000 1 0
c24621 c24 000000 1 0
c25888 c25 000000 1 0
c2693b c26 000000 1 0
c27792 c27 000000 1 0
c2802e c28 000000 1 0
c29e87 c29 000000 1 0
c2af34 c2a 000000 1 0
c2b19d c2b 000000 1 0
c2ce5a c2c 000000 1 0
c2d0f3 c2d 000000 1 0
c2e140 c2e 000000 1 0
c2ffe9 c2f 000000 1 0
c30aeb c30 000000 1 0
c31442 c31 000000 1 0
c325f1 c32 000000 1 0
c33b58 c33 000000 1 0
c3449f c34 000000 1 0
c35a36 c35 000000 1 0
c36b85 c36 000000 1 0
c3752c c37 000000 1 0
c38290 c38 000000 1 0
c39c39 c39 000000 1 0
c3ad8a c3a 000000 1 0
c3b323 c3b 000000 1 0
c3cce4 c3c 000000 1 0
c3d24d c3d 000000 1 0
c3e3fe c3e 000000 1 0
c3fd57 c3f 000000 1 0
c40aa4 c40 000000 1 0
c4140d c41 000000 1 0
c425be c42 000000 1 0
c43b17 c43 000000 1 0
c444d0 c44 000000 1 0
c45a79 c45 000000 1 0
c46bca c46 000000 1 0
c47563 c47 000000 1 0
c482df c48 000000 1 0
c49c76 c49 000000 1 0
c4adc5 c4a 000000 1 0
c4b36c c4b 000000 1 0
c4ccab c4c 000000 1 0
c4d202 c4d 000000 1 0
c4e3b1 c4e 000000 1 0
c4fd18 c4f 000000 1 0
c5081a c50 000000 1 0
c516b3 c51 000000 1 0
c52700 c52 000000 1 0
c539a9 c53 000000 1 0
c5466e c54 000000 1 0
c558c7 c55 000000 1 0
c56974 c56 000000 1 0
c577dd c57 000000 1 0
c58061 c58 000000 1 0
c59ec8 c59 000000 1 0
c5af7b c5a 000000 1 0
c5b1d2 c5b 000000 1 0
c5ce15 c5c 000000 1 0
c5d0bc c5d 000000 1 0
c5e10f c5e 000000 1 0
c5ffa6 c5f 000000 1 0
c60f99 c60 000000 1 0
c61130 c61 000000 1 0
c62083 c62 000000 1 0
c63e2a c63 000000 1 0
c641ed c64 000000 1 0
c65f44 c65 000000 1 0
c66ef7 c66 000000 1 0
c6705e c67 000000 1 0
c687e2 c68 000000 1 0
c6994b c69 000000 1 0
c6a8f8 c6a 000000 1 0
c6b651 c6b 000000 1 0
c6c996 c6c 000000 1 0
c6d73f c6d 000000 1 0
c6e68c c6e 000000 1 0
c6f825 c6f 000000 1 0
c70d27 c70 000000 1 0
c7138e c71 000000 1 0
c7223d c72 000000 1 0
c73c94 c73 000000 1 0
c74353 c74 000000 1 0
c75dfa c75 000000 1 0
c76c49 c76 000000 1 0
c772e0 c77 000000 1 0
c7855c c78 000000 1 0
c79bf5 c79 000000 1 0
c7aa46 c7a 000000 1 0
c7b4ef c7b 000000 1 0
c7cb28 c7c 000000 1 0
c7d581 c7d 000000 1 0
c7e432 c7e 000000 1 0
c7fa9b c7f 000000 1 0
c800b9 c80 000000 1 0
c81e10 c81 000000 1 0
c82fa3 c82 000000 1 0
c8310a c83 000000 1 0
c84ecd c84 000000 1 0
c85064 c85 000000 1 0
c861d7 c86 000000 1 0
c87f7e c87 000000 1 0
c888c2 c88 000000 1 0
c8966b c89 000000 1 0
c8a7d8 c8a 000000 1 0
c8b971 c8b 000000 1 0
c8c6b6 c8c 000000 1 0
c8d81f c8d 000000 1 0
c8e9ac c8e 000000 1 0
c8f705 c8f 000000 1 0
c90207 c90 000000 1 0
c91cae c91 000000 1 0
c92d1d c92 000000 1 0
c933b4 c93 000000 1 0
c94c73 c94 000000 1 0
c952da c95 000000 1 0
c96369 c96 000000 1 0
c97dc0 c97 000000 1 0
c98a7c c98 000000 1 0
c994d5 c99 000000 1 0
c9a566 c9a 000000 1 0
c9bbcf c9b 000000 1 0
c9c408 c9c 000000 1 0
c9daa1 c9d 000000 1 0
c9eb12 c9e 000000 1 0
c9f5bb c9f 000000 1 0
ca0584 ca0 000000 1 0
ca1b2d ca1 000000 1 0
ca2a9e ca2 000000 1 0
ca3437 ca3 000000 1 0
ca4bf0 ca4 000000 1 0
ca5559 ca5 000000 1 0
ca64ea ca6 000000 1 0
ca7a43 ca7 000000 1 0
ca8dff ca8 000000 1 0
ca9356 ca9 000000 1 0
caa2e5 caa 000000 1 0
cabc4c cab 000000 1 0
cac38b cac 000000 1 0
cadd22 cad 000000 1 0
caec91 cae 000000 1 0
caf238 caf 000000 1 0
cb073a cb0 000000 1 0
cb1993 cb1 000000 1 0
cb2820 cb2 000000 1 0
cb3689 cb3 000000 1 0
cb494e cb4 000000 1 0
cb57e7 cb5 000000 1 0
cb6654 cb6 000000 1 0
cb78fd cb7 000000 1 0
cb8f41 cb8 000000 1 0
cb91e8 cb9 000000 1 0
cba05b cba 000000 1 0
cbbef2 cbb 000000 1 0
cbc135 cbc 000000 1 0
cbdf9c cbd 000000 1 0
cbee2f cbe 000000 1 0
cbf086 cbf 000000 1 0
cc0775 cc0 000000 1 0
cc19dc cc1 000000 1 0
cc286f cc2 000000 1 0
cc36c6 cc3 000000 1 0
cc4901 cc4 000000 1 0
cc57a8 cc5 000000 1 0
cc661b cc6 000000 1 0
cc78b2 cc7 000000 1 0
cc8f0e cc8 000000 1 0
cc91a7 cc9 000000 1 0
cca014 cca 000000 1 0
ccbebd ccb 000000 1 0
ccc17a ccc 000000 1 0
ccdfd3 ccd 000000 1 0
ccee60 cce 000000 1 0
ccf0c9 ccf 000000 1 0
cd05cb cd0 000000 1 0
cd1b62 cd1 000000 1 0
cd2ad1 cd2 000000 1 0
cd3478 cd3 000000 1 0
cd4bbf cd4 000000 1 0
cd5516 cd5 000000 1 0
cd64a5 cd6 000000 1 0
cd7a0c cd7 000000 1 0
cd8db0 cd8 000000 1 0
cd9319 cd9 000000 1 0
cda2aa cda 000000 1 0
cdbc03 cdb 000000 1 0
cdc3c4 cdc 000000 1 0
cddd6d cdd 000000 1 0
cdecde cde 000000 1 0
cdf277 cdf 000000 1 0
ce0248 ce0 000000 1 0
ce1ce1 ce1 000000 1 0
ce2d52 ce2 000000 1 0
ce33fb ce3 000000 1 0
ce4c3c ce4 000000 1 0
ce5295 ce5 000000 1 0
ce6326 ce6 000000 1 0
ce7d8f ce7 000000 1 0
ce8a33 ce8 000000 1 0
ce949a ce9 000000 1 0
cea529 cea 000000 1 0
cebb80 ceb 000000 1 0
cec447 cec 000000 1 0
cedaee ced 000000 1 0
ceeb5d cee 000000 1 0
cef5f4 cef 000000 1 0
cf00f6 cf0 000000 1 0
cf1e5f cf1 000000 1 0
cf2fec cf2 000000 1 0
cf3145 cf3 000000 1 0
cf4e82 cf4 000000 1 0
cf502b cf5 000000 1 0
cf6198 cf6 000000 1 0
cf7f31 cf7 000000 1 0
cf888d cf8 000000 1 0
cf9624 cf9 000000 1 0
cfa797 cfa 000000 1 0
cfb93e cfb 000000 1 0
cfc6f9 cfc 000000 1 0
cfd850 cfd 000000 1 0
cfe9e3 cfe 000000 1 0
cff74a cff 000000 1 0
d0068a d00 000000 1 0
d01823 d01 000000 1 0
d02990 d02 000000 1 0
d03739 d03 000000 1 0
d048fe d04 000000 1 0
d05657 d05 000000 1 0
d067e4 d06 000000 1 0
d0794d d07 000000 1 0
d08ef1 d08 000000 1 0
d09058 d09 000000 1 0
d0a1eb d0a 000000 1 0
d0bf42 d0b 000000 1 0
d0c085 d0c 000000 1 0
d0de2c d0d 000000 1 0
d0ef9f d0e 000000 1 0
d0f136 d0f 000000 1 0
d10434 d10 000000 1 0
d11a9d d11 000000 1 0
d12b2e d12 000000 1 0
d13587 d13 000000 1 0
d14a40 d14 000000 1 0
d154e9 d15 000000 1 0
d1655a d16 000000 1 0
d17bf3 d17 000000 1 0
d18c4f d18 000000 1 0
d192e6 d19 000000 1 0
d1a355 d1a 000000 1 0
d1bdfc d1b 000000 1 0
d1c23b d1c 000000 1 0
d1dc92 d1d 000000 1 0
d1ed21 d1e 000000 1 0
d1f388 d1f 000000 1 0
d203b7 d20 000000 1 0
d21d1e d21 000000 1 0
d22cad d22 000000 1 0
d23204 d23 000000 1 0
d24dc3 d24 000000 1 0
d2536a d25 000000 1 0
d262d9 d26 000000 1 0
d27c70 d27 000000 1 0
d28bcc d28 000000 1 0
d29565 d29 000000 1 0
d2a4d6 d2a 000000 1 0
d2ba7f d2b 000000 1 0
d2c5b8 d2c 000000 1 0
d2db11 d2d 000000 1 0
d2eaa2 d2e 000000 1 0
d2f40b d2f 000000 1 0
d30109 d30 000000 1 0
d31fa0 d31 000000 1 0
d32e13 d32 000000 1 0
d330ba d33 000000 1 0
d34f7d d34 000000 1 0
d351d4 d35 000000 1 0
d36067 d36 000000 1 0
d37ece d37 000000 1 0
d38972 d38 000000 1 0
d397db d39 000000 1 0
d3a668 d3a 000000 1 0
d3b8c1 d3b 000000 1 0
d3c706 d3c 000000 1 0
d3d9af d3d 000000 1 0
d3e81c d3e 000000 1 0
d3f6b5 d3f 000000 1 0
d40146 d40 000000 1 0
d41fef d41 000000 1 0
d42e5c d42 000000 1 0
d430f5 d43 000000 1 0
d44f32 d44 000000 1 0
d4519b d45 000000 1 0
d46028 d46 000000 1 0
d47e81 d47 000000 1 0
d4893d d48 000000 1 0
d49794 d49 000000 1 0
d4a627 d4a 000000 1 0
d4b88e d4b 000000 1 0
d4c749 d4c 000000 1 0
d4d9e0 d4d 000000 1 0
d4e853 d4e 000000 1 0
d4f6fa d4f 000000 1 0
d503f8 d50 000000 1 0
d51d51 d51 000000 1 0
d52ce2 d52 000000 1 0
d5324b d53 000000 1 0
d54d8c d54 000000 1 0
d55325 d55 000000 1 0
d56296 d56 000000 1 0
d57c3f d57 000000 1 0
d58b83 d58 000000 1 0
d5952a d59 000000 1 0
d5a499 d5a 000000 1 0
d5ba30 d5b 000000 1 0
d5c5f7 d5c 000000 1 0
d5db5e d5d 000000 1 0
d5eaed d5e 000000 1 0
d5f444 d5f 000000 1 0
d6047b d60 000000 1 0
d61ad2 d61 000000 1 0
d62b61 d62 000000 1 0
d635c8 d63 000000 1 0
d64a0f d64 000000 1 0
d654a6 d65 000000 1 0
d66515 d66 000000 1 0
d67bbc d67 000000 1 0
d68c00 d68 000000 1 0
d692a9 d69 000000 1 0
d6a31a d6a 000000 1 0
d6bdb3 d6b 000000 1 0
d6c274 d6c 000000 1 0
d6dcdd d6d 000000 1 0
d6ed6e d6e 000000 1 0
d6f3c7 d6f 000000 1 0
d706c5 d70 000000 1 0
d7186c d71 000000 1 0
d729df d72 000000 1 0
d73776 d73 000000 1 0
d748b1 d74 000000 1 0
d75618 d75 000000 1 0
d767ab d76 000000 1 0
d77902 d77 000000 1 0
d78ebe d78 000000 1 0
d79017 d79 000000 1 0
d7a1a4 d7a 000000 1 0
d7bf0d d7b 000000 1 0
d7c0ca d7c 000000 1 0
d7de63 d7d 000000 1 0
d7efd0 d7e 000000 1 0
d7f179 d7f 000000 1 0
d80b5b d80 000000 1 0
d815f2 d81 000000 1 0
d82441 d82 000000 1 0
d83ae8 d83 000000 1 0
d8452f d84 000000 1 0
d85b86 d85 000000 1 0
d86a35 d86 000000 1 0
d8749c d87 000000 1 0
d88320 d88 000000 1 0
d89d89 d89 000000 1 0
d8ac3a d8a 000000 1 0
d8b293 d8b 000000 1 0
d8cd54 d8c 000000 1 0
d8d3fd d8d 000000 1 0
d8e24e d8e 000000 1 0
d8fce7 d8f 000000 1 0
d909e5 d90 000000 1 0
d9174c d91 000000 1 0
d926ff d92 000000 1 0
d93856 d93 000000 1 0
d94791 d94 000000 1 0
d95938 d95 000000 1 0
d9688b d96 000000 1 0
d97622 d97 000000 1 0
d9819e d98 000000 1 0
d99f37 d99 000000 1 0
d9ae84 d9a 000000 1 0
d9b02d d9b 000000 1 0
d9cfea d9c 000000 1 0
d9d143 d9d 000000 1 0
d9e0f0 d9e 000000 1 0
d9fe59 d9f 000000 1 0
da0e66 da0 000000 1 0
da10cf da1 000000 1 0
da217c da2 000000 1 0
da3fd5 da3 000000 1 0
da4012 da4 000000 1 0
da5ebb da5 000000 1 0
da6f08 da6 000000 1 0
da71a1 da7 000000 1 0
da861d da8 000000 1 0
da98b4 da9 000000 1 0
daa907 daa 000000 1 0
dab7ae dab 000000 1 0
dac869 dac 000000 1 0
dad6c0 dad 000000 1 0
dae773 dae 000000 1 0
daf9da daf 000000 1 0
db0cd8 db0 000000 1 0
db1271 db1 000000 1 0
db23c2 db2 000000 1 0
db3d6b db3 000000 1 0
db42ac db4 000000 1 0
db5c05 db5 000000 1 0
db6db6 db6 000000 1 0
db731f db7 000000 1 0
db84a3 db8 000000 1 0
db9a0a db9 000000 1 0
dbabb9 dba 000000 1 0
dbb510 dbb 000000 1 0
dbcad7 dbc 000000 1 0
dbd47e dbd 000000 1 0
dbe5cd dbe 000000 1 0
dbfb64 dbf 000000 1 0
dc0c97 dc0 000000 1 0
dc123e dc1 000000 1 0
dc238d dc2 000000 1 0
dc3d24 dc3 000000 1 0
dc42e3 dc4 000000 1 0
dc5c4a dc5 000000 1 0
dc6df9 dc6 000000 1 0
dc7350 dc7 000000 1 0
dc84ec dc8 000000 1 0
dc9a45 dc9 000000 1 0
dcabf6 dca 000000 1 0
dcb55f dcb 000000 1 0
dcca98 dcc 000000 1 0
dcd431 dcd 000000 1 0
dce582 dce 000000 1 0
dcfb2b dcf 000000 1 0
dd0e29 dd0 000000 1 0
dd1080 dd1 000000 1 0
dd2133 dd2 000000 1 0
dd3f9a dd3 000000 1 0
dd405d dd4 000000 1 0
dd5ef4 dd5 000000 1 0
dd6f47 dd6 000000 1 0
dd71ee dd7 000000 1 0
dd8652 dd8 000000 1 0
dd98fb dd9 000000 1 0
dda948 dda 000000 1 0
ddb7e1 ddb 000000 1 0
ddc826 ddc 000000 1 0
ddd68f ddd 000000 1 0
dde73c dde 000000 1 0
ddf995 ddf 000000 1 0
de09aa de0 000000 1 0
de1703 de1 000000 1 0
de26b0 de2 000000 1 0
de3819 de3 000000 1 0
de47de de4 000000 1 0
de5977 de5 000000 1 0
de68c4 de6 000000 1 0
de766d de7 000000 1 0
de81d1 de8 000000 1 0
de9f78 de9 000000 1 0
deaecb dea 000000 1 0
deb062 deb 000000 1 0
decfa5 dec 000000 1 0
ded10c ded 000000 1 0
dee0bf dee 000000 1 0
defe16 def 000000 1 0
df0b14 df0 000000 1 0
df15bd df1 000000 1 0
df240e df2 000000 1 0
df3aa7 df3 000000 1 0
df4560 df4 000000 1 0
df5bc9 df5 000000 1 0
df6a7a df6 000000 1 0
df74d3 df7 000000 1 0
df836f df8 000000 1 0
df9dc6 df9 000000 1 0
dfac75 dfa 000000 1 0
dfb2dc dfb 000000 1 0
dfcd1b dfc 000000 1 0
dfd3b2 dfd 000000 1 0
dfe201 dfe 000000 1 0
dffca8 dff 000000 1 0
e00e3f e00 000000 1 0
e01096 e01 000000 1 0
e02125 e02 000000 1 0
e03f8c e03 000000 1 0
e0404b e04 000000 1 0
e05ee2 e05 000000 1 0
e06f51 e06 000000 1 0
e071f8 e07 000000 1 0
e08644 e08 000000 1 0
e098ed e09 000000 1 0
e0a95e e0a 000000 1 0
e0b7f7 e0b 000000 1 0
e0c830 e0c 000000 1 0
e0d699 e0d 000000 1 0
e0e72a e0e 000000 1 0
e0f983 e0f 000000 1 0
e10c81 e10 000000 1 0
e11228 e11 000000 1 0
e1239b e12 000000 1 0
e13d32 e13 000000 1 0
e142f5 e14 000000 1 0
e15c5c e15 000000 1 0
e16def e16 000000 1 0
e17346 e17 000000 1 0
e184fa e18 000000 1 0
e19a53 e19 000000 1 0
e1abe0 e1a 000000 1 0
e1b549 e1b 000000 1 0
e1ca8e e1c 000000 1 0
e1d427 e1d 000000 1 0
e1e594 e1e 000000 1 0
e1fb3d e1f 000000 1 0
e20b02 e20 000000 1 0
e215ab e21 000000 1 0
e22418 e22 000000 1 0
e23ab1 e23 000000 1 0
e24576 e24 000000 1 0
e25bdf e25 000000 1 0
e26a6c e26 000000 1 0
e274c5 e27 000000 1 0
e28379 e28 000000 1 0
e29dd0 e29 000000 1 0
e2ac63 e2a 000000 1 0
e2b2ca e2b 000000 1 0
e2cd0d e2c 000000 1 0
e2d3a4 e2d 000000 1 0
e2e217 e2e 000000 1 0
e2fcbe e2f 000000 1 0
e309bc e30 000000 1 0
e31715 e31 000000 1 0
e326a6 e32 000000 1 0
e3380f e33 000000 1 0
e347c8 e34 000000 1 0
e35961 e35 000000 1 0
e368d2 e36 000000 1 0
e3767b e37 000000 1 0
e381c7 e38 000000 1 0
e39f6e e39 000000 1 0
e3aedd e3a 000000 1 0
e3b074 e3b 000000 1 0
e3cfb3 e3c 000000 1 0
e3d11a e3d 000000 1 0
e3e0a9 e3e 000000 1 0
e3fe00 e3f 000000 1 0
e409f3 e40 000000 1 0
e4175a e41 000000 1 0
e426e9 e42 000000 1 0
e43840 e43 000000 1 0
e44787 e44 000000 1 0
e4592e e45 000000 1 0
e4689d e46 000000 1 0
e47634 e47 000000 1 0
e48188 e48 000000 1 0
e49f21 e49 000000 1 0
e4ae92 e4a 000000 1 0
e4b03b e4b 000000 1 0
e4cffc e4c 000000 1 0
e4d155 e4d 000000 1 0
e4e0e6 e4e 000000 1 0
e4fe4f e4f 000000 1 0
e50b4d e50 000000 1 0
e515e4 e51 000000 1 0
e52457 e52 000000 1 0
e53afe e53 000000 1 0
e54539 e54 000000 1 0
e55b90 e55 000000 1 0
e56a23 e56 000000 1 0
e5748a e57 000000 1 0
e58336 e58 000000 1 0
e59d9f e59 000000 1 0
e5ac2c e5a 000000 1 0
e5b285 e5b 000000 1 0
e5cd42 e5c 000000 1 0
e5d3eb e5d 000000 1 0
e5e258 e5e 000000 1 0
e5fcf1 e5f 000000 1 0
e60cce e60 000000 1 0
e61267 e61 000000 1 0
e623d4 e62 000000 1 0
e63d7d e63 000000 1 0
e642ba e64 000000 1 0
e65c13 e65 000000 1 0
e66da0 e66 000000 1 0
e67309 e67 000000 1 0
e684b5 e68 000000 1 0
e69a1c e69 000000 1 0
e6abaf e6a 000000 1 0
e6b506 e6b 000000 1 0
e6cac1 e6c 000000 1 0
e6d468 e6d 000000 1 0
e6e5db e6e 000000 1 0
e6fb72 e6f 000000 1 0
e70e70 e70 000000 1 0
e710d9 e71 000000 1 0
e7216a e72 000000 1 0
e73fc3 e73 000000 1 0
e74004 e74 000000 1 0
e75ead e75 000000 1 0
e76f1e e76 000000 1 0
e771b7 e77 000000 1 0
e7860b e78 000000 1 0
e798a2 e79 000000 1 0
e7a911 e7a 000000 1 0
e7b7b8 e7b 000000 1 0
e7c87f e7c 000000 1 0
e7d6d6 e7d 000000 1 0
e7e765 e7e 000000 1 0
e7f9cc e7f 000000 1 0
e803ee e80 000000 1 0
e81d47 e81 000000 1 0
e82cf4 e82 000000 1 0
e8325d e83 000000 1 0
e84d9a e84 000000 1 0
e85333 e85 000000 1 0
e86280 e86 000000 1 0
e87c29 e87 000000 1 0
e88b95 e88 000000 1 0
e8953c e89 000000 1 0
e8a48f e8a 000000 1 0
e8ba26 e8b 000000 1 0
e8c5e1 e8c 000000 1 0
e8db48 e8d 000000 1 0
e8eafb e8e 000000 1 0
e8f452 e8f 000000 1 0
e90150 e90 000000 1 0
e91ff9 e91 000000 1 0
e92e4a e92 000000 1 0
e930e3 e93 000000 1 0
e94f24 e94 000000 1 0
e9518d e95 000000 1 0
e9603e e96 000000 1 0
e97e97 e97 000000 1 0
e9892b e98 000000 1 0
e99782 e99 000000 1 0
e9a631 e9a 000000 1 0
e9b898 e9b 000000 1 0
e9c75f e9c 000000 1 0
e9d9f6 e9d 000000 1 0
e9e845 e9e 000000 1 0
e9f6ec e9f 000000 1 0
ea06d3 ea0 000000 1 0
ea187a ea1 000000 1 0
ea29c9 ea2 000000 1 0
ea3760 ea3 000000 1 0
ea48a7 ea4 000000 1 0
ea560e ea5 000000 1 0
ea67bd ea6 000000 1 0
ea7914 ea7 000000 1 0
ea8ea8 ea8 000000 1 0
ea9001 ea9 000000 1 0
eaa1b2 eaa 000000 1 0
eabf1b eab 000000 1 0
eac0dc eac 000000 1 0
eade75 ead 000000 1 0
eaefc6 eae 000000 1 0
eaf16f eaf 000000 1 0
eb046d eb0 000000 1 0
eb1ac4 eb1 000000 1 0
eb2b77 eb2 000000 1 0
eb35de eb3 000000 1 0
eb4a19 eb4 000000 1 0
eb54b0 eb5 000000 1 0
eb6503 eb6 000000 1 0
eb7baa eb7 000000 1 0
eb8c16 eb8 000000 1 0
eb92bf eb9 000000 1 0
eba30c eba 000000 1 0
ebbda5 ebb 000000 1 0
ebc262 ebc 000000 1 0
ebdccb ebd 000000 1 0
ebed78 ebe 000000 1 0
ebf3d1 ebf 000000 1 0
ec0422 ec0 000000 1 0
ec1a8b ec1 000000 1 0
ec2b38 ec2 000000 1 0
ec3591 ec3 000000 1 0
ec4a56 ec4 000000 1 0
ec54ff ec5 000000 1 0
ec654c ec6 000000 1 0
ec7be5 ec7 000000 1 0
ec8c59 ec8 000000 1 0
ec92f0 ec9 000000 1 0
eca343 eca 000000 1 0
ecbdea ecb 000000 1 0
ecc22d ecc 000000 1 0
ecdc84 ecd 000000 1 0
eced37 ece 000000 1 0
ecf39e ecf 000000 1 0
ed069c ed0 000000 1 0
ed1835 ed1 000000 1 0
ed2986 ed2 000000 1 0
ed372f ed3 000000 1 0
ed48e8 ed4 000000 1 0
ed5641 ed5 000000 1 0
ed67f2 ed6 000000 1 0
ed795b ed7 000000 1 0
ed8ee7 ed8 000000 1 0
ed904e ed9 000000 1 0
eda1fd eda 000000 1 0
edbf54 edb 000000 1 0
edc093 edc 000000 1 0
edde3a edd 000000 1 0
edef89 ede 000000 1 0
edf120 edf 000000 1 0
ee011f ee0 000000 1 0
ee1fb6 ee1 000000 1 0
ee2e05 ee2 000000 1 0
ee30ac ee3 000000 1 0
ee4f6b ee4 000000 1 0
ee51c2 ee5 000000 1 0
ee6071 ee6 000000 1 0
ee7ed8 ee7 000000 1 0
ee8964 ee8 000000 1 0
ee97cd ee9 000000 1 0
eea67e eea 000000 1 0
eeb8d7 eeb 000000 1 0
eec710 eec 000000 1 0
eed9b9 eed 000000 1 0
eee80a eee 000000 1 0
eef6a3 eef 000000 1 0
ef03a1 ef0 000000 1 0
ef1d08 ef1 000000 1 0
ef2cbb ef2 000000 1 0
ef3212 ef3 000000 1 0
ef4dd5 ef4 000000 1 0
ef537c ef5 000000 1 0
ef62cf ef6 000000 1 0
ef7c66 ef7 000000 1 0
ef8bda ef8 000000 1 0
ef9573 ef9 000000 1 0
efa4c0 efa 000000 1 0
efba69 efb 000000 1 0
efc5ae efc 000000 1 0
efdb07 efd 000000 1 0
efeab4 efe 000000 1 0
eff41d eff 000000 1 0
f005dd f00 000000 1 0
f01b74 f01 000000 1 0
f02ac7 f02 000000 1 0
f0346e f03 000000 1 0
f04ba9 f04 000000 1 0
f05500 f05 000000 1 0
f064b3 f06 000000 1 0
f07a1a f07 000000 1 0
f08da6 f08 000000 1 0
f0930f f09 000000 1 0
f0a2bc f0a 000000 1 0
f0bc15 f0b 000000 1 0
f0c3d2 f0c 000000 1 0
f0dd7b f0d 000000 1 0
f0ecc8 f0e 000000 1 0
f0f261 f0f 000000 1 0
f10763 f10 000000 1 0
f119ca f11 000000 1 0
f12879 f12 000000 1 0
f136d0 f13 000000 1 0
f14917 f14 000000 1 0
f157be f15 000000 1 0
f1660d f16 000000 1 0
f178a4 f17 000000 1 0
f18f18 f18 000000 1 0
f191b1 f19 000000 1 0
f1a002 f1a 000000 1 0
f1beab f1b 000000 1 0
f1c16c f1c 000000 1 0
f1dfc5 f1d 000000 1 0
f1ee76 f1e 000000 1 0
f1f0df f1f 000000 1 0
f200e0 f20 000000 1 0
f21e49 f21 000000 1 0
f22ffa f22 000000 1 0
f23153 f23 000000 1 0
f24e94 f24 000000 1 0
f2503d f25 000000 1 0
f2618e f26 000000 1 0
f27f27 f27 000000 1 0
f2889b f28 000000 1 0
f29632 f29 000000 1 0
f2a781 f2a 000000 1 0
f2b928 f2b 000000 1 0
f2c6ef f2c 000000 1 0
f2d846 f2d 000000 1 0
f2e9f5 f2e 000000 1 0
f2f75c f2f 000000 1 0
f3025e f30 000000 1 0
f31cf7 f31 000000 1 0
f32d44 f32 000000 1 0
f333ed f33 000000 1 0
f34c2a f34 000000 1 0
f35283 f35 000000 1 0
f36330 f36 000000 1 0
f37d99 f37 000000 1 0
f38a25 f38 000000 1 0
f3948c f39 000000 1 0
f3a53f f3a 000000 1 0
f3bb96 f3b 000000 1 0
f3c451 f3c 000000 1 0
f3daf8 f3d 000000 1 0
f3eb4b f3e 000000 1 0
f3f5e2 f3f 000000 1 0
f40211 f40 000000 1 0
f41cb8 f41 000000 1 0
f42d0b f42 000000 1 0
f433a2 f43 000000 1 0
f44c65 f44 000000 1 0
f452cc f45 000000 1 0
f4637f f46 000000 1 0
f47dd6 f47 000000 1 0
f48a6a f48 000000 1 0
f494c3 f49 000000 1 0
f4a570 f4a 000000 1 0
f4bbd9 f4b 000000 1 0
f4c41e f4c 000000 1 0
f4dab7 f4d 000000 1 0
f4eb04 f4e 000000 1 0
f4f5ad f4f 000000 1 0
f500af f50 000000 1 0
f51e06 f51 000000 1 0
f52fb5 f52 000000 1 0
f5311c f53 000000 1 0
f54edb f54 000000 1 0
f55072 f55 000000 1 0
f561c1 f56 000000 1 0
f57f68 f57 000000 1 0
f588d4 f58 000000 1 0
f5967d f59 000000 1 0
f5a7ce f5a 000000 1 0
f5b967 f5b 000000 1 0
f5c6a0 f5c 000000 1 0
f5d809 f5d 000000 1 0
f5e9ba f5e 000000 1 0
f5f713 f5f 000000 1 0
f6072c f60 000000 1 0
f61985 f61 000000 1 0
f62836 f62 000000 1 0
f6369f f63 000000 1 0
f64958 f64 000000 1 0
f657f1 f65 000000 1 0
f66642 f66 000000 1 0
f678eb f67 000000 1 0
f68f57 f68 000000 1 0
f691fe f69 000000 1 0
f6a04d f6a 000000 1 0
f6bee4 f6b 000000 1 0
f6c123 f6c 000000 1 0
f6df8a f6d 000000 1 0
f6ee39 f6e 000000 1 0
f6f090 f6f 000000 1 0
f70592 f70 000000 1 0
f71b3b f71 000000 1 0
f72a88 f72 000000 1 0
f73421 f73 000000 1 0
f74be6 f74 000000 1 0
f7554f f75 000000 1 0
f764fc f76 000000 1 0
f77a55 f77 000000 1 0
f78de9 f78 000000 1 0
f79340 f79 000000 1 0
f7a2f3 f7a 000000 1 0
f7bc5a f7b 000000 1 0
f7c39d f7c 000000 1 0
f7dd34 f7d 000000 1 0
f7ec87 f7e 000000 1 0
f7f22e f7f 000000 1 0
f8080c f80 000000 1 0
f816a5 f81 000000 1 0
f82716 f82 000000 1 0
f839bf f83 000000 1 0
f84678 f84 000000 1 0
f858d1 f85 000000 1 0
f86962 f86 000000 1 0
f877cb f87 000000 1 0
f88077 f88 000000 1 0
f89ede f89 000000 1 0
f8af6d f8a 000000 1 0
f8b1c4 f8b 000000 1 0
f8ce03 f8c 000000 1 0
f8d0aa f8d 000000 1 0
f8e119 f8e 000000 1 0
f8ffb0 f8f 000000 1 0
f90ab2 f90 000000 1 0
f9141b f91 000000 1 0
f925a8 f92 000000 1 0
f93b01 f93 000000 1 0
f944c6 f94 000000 1 0
f95a6f f95 000000 1 0
f96bdc f96 000000 1 0
f97575 f97 000000 1 0
f982c9 f98 000000 1 0
f99c60 f99 000000 1 0
f9add3 f9a 000000 1 0
f9b37a f9b 000000 1 0
f9ccbd f9c 000000 1 0
f9d214 f9d 000000 1 0
f9e3a7 f9e 000000 1 0
f9fd0e f9f 000000 1 0
fa0d31 fa0 000000 1 0
fa1398 fa1 000000 1 0
fa222b fa2 000000 1 0
fa3c82 fa3 000000 1 0
fa4345 fa4 000000 1 0
fa5dec fa5 000000 1 0
fa6c5f fa6 000000 1 0
fa72f6 fa7 000000 1 0
fa854a fa8 000000 1 0
fa9be3 fa9 000000 1 0
faaa50 faa 000000 1 0
fab4f9 fab 000000 1 0
facb3e fac 000000 1 0
fad597 fad 000000 1 0
fae424 fae 000000 1 0
fafa8d faf 000000 1 0
fb0f8f fb0 000000 1 0
fb1126 fb1 000000 1 0
fb2095 fb2 000000 1 0
fb3e3c fb3 000000 1 0
fb41fb fb4 000000 1 0
fb5f52 fb5 000000 1 0
fb6ee1 fb6 000000 1 0
fb7048 fb7 000000 1 0
fb87f4 fb8 000000 1 0
fb995d fb9 000000 1 0
fba8ee fba 000000 1 0
fbb647 fbb 000000 1 0
fbc980 fbc 000000 1 0
fbd729 fbd 000000 1 0
fbe69a fbe 000000 1 0
fbf833 fbf 000000 1 0
fc0fc0 fc0 000000 1 0
fc1169 fc1 000000 1 0
fc20da fc2 000000 1 0
fc3e73 fc3 000000 1 0
fc41b4 fc4 000000 1 0
fc5f1d fc5 000000 1 0
fc6eae fc6 000000 1 0
fc7007 fc7 000000 1 0
fc87bb fc8 000000 1 0
fc9912 fc9 000000 1 0
fca8a1 fca 000000 1 0
fcb608 fcb 000000 1 0
fcc9cf fcc 000000 1 0
fcd766 fcd 000000 1 0
fce6d5 fce 000000 1 0
fcf87c fcf 000000 1 0
fd0d7e fd0 000000 1 0
fd13d7 fd1 000000 1 0
fd2264 fd2 000000 1 0
fd3ccd fd3 000000 1 0
fd430a fd4 000000 1 0
fd5da3 fd5 000000 1 0
fd6c10 fd6 000000 1 0
fd72b9 fd7 000000 1 0
fd8505 fd8 000000 1 0
fd9bac fd9 000000 1 0
fdaa1f fda 000000 1 0
fdb4b6 fdb 000000 1 0
fdcb71 fdc 000000 1 0
fdd5d8 fdd 000000 1 0
fde46b fde 000000 1 0
fdfac2 fdf 000000 1 0
fe0afd fe0 000000 1 0
fe1454 fe1 000000 1 0
fe25e7 fe2 000000 1 0
fe3b4e fe3 000000 1 0
fe4489 fe4 000000 1 0
fe5a20 fe5 000000 1 0
fe6b93 fe6 000000 1 0
fe753a fe7 000000 1 0
fe8286 fe8 000000 1 0
fe9c2f fe9 000000 1 0
fead9c fea 000000 1 0
feb335 feb 000000 1 0
feccf2 fec 000000 1 0
fed25b fed 000000 1 0
fee3e8 fee 000000 1 0
fefd41 fef 000000 1 0
ff0843 ff0 000000 1 0
ff16ea ff1 000000 1 0
ff2759 ff2 000000 1 0
ff39f0 ff3 000000 1 0
ff4637 ff4 000000 1 0
ff589e ff5 000000 1 0
ff692d ff6 000000 1 0
ff7784 ff7 000000 1 0
ff8038 ff8 000000 1 0
ff9e91 ff9 000000 1 0
ffaf22 ffa 000000 1 0
ffb18b ffb 000000 1 0
ffce4c ffc 000000 1 0
ffd0e5 ffd 000000 1 0
ffe156 ffe 000000 1 0
ffffff fff 000000 1 0
25c9a5 a5c 800000 1 0
e5c9a5 a5c 400000 1 0
85c9a5 a5c 200000 1 0
b5c9a5 a5c 100000 1 0
adc9a5 a5c 080000 1 0
a1c9a5 a5c 040000 1 0
a7c9a5 a5c 020000 1 0
a4c9a5 a5c 010000 1 0
a549a5 a5c 008000 1 0
a589a5 a5c 004000 1 0
a5e9a5 a5c 002000 1 0
a5d9a5 a5c 001000 1 0
a5c1a5 a5c 000800 1 0
a5cda5 a5c 000400 1 0
a5cba5 a5c 000200 1 0
a5c8a5 a5c 000100 1 0
a5c925 a5c 000080 1 0
a5c9e5 a5c 000040 1 0
a5c985 a5c 000020 1 0
a5c9b5 a5c 000010 1 0
a5c9ad a5c 000008 1 0
a5c9a1 a5c 000004 1 0
a5c9a7 a5c 000002 1 0
a5c9a4 a5c 000001 1 0
65c9a5 a5c c00000 1 0
05c9a5 a5c a00000 1 0
35c9a5 a5c 900000 1 0
2dc9a5 a5c 880000 1 0
21c9a5 a5c 840000 1 0
27c9a5 a5c 820000 1 0
24c9a5 a5c 810000 1 0
2549a5 a5c 808000 1 0
2589a5 a5c 804000 1 0
25e9a5 a5c 802000 1 0
25d9a5 a5c 801000 1 0
25c1a5 a5c 800800 1 0
25cda5 a5c 800400 1 0
25cba5 a5c 800200 1 0
25c8a5 a5c 800100 1 0
25c925 a5c 800080 1 0
25c9e5 a5c 800040 1 0
25c985 a5c 800020 1 0
25c9b5 a5c 800010 1 0
25c9ad a5c 800008 1 0
25c9a1 a5c 800004 1 0
25c9a7 a5c 800002 1 0
25c9a4 a5c 800001 1 0
c5c9a5 a5c 600000 1 0
f5c9a5 a5c 500000 1 0
edc9a5 a5c 480000 1 0
e1c9a5 a5c 440000 1 0
e7c9a5 a5c 420000 1 0
e4c9a5 a5c 410000 1 0
e549a5 a5c 408000 1 0
e589a5 a5c 404000 1 0
e5e9a5 a5c 402000 1 0
e5d9a5 a5c 401000 1 0
e5c1a5 a5c 400800 1 0
e5cda5 a5c 400400 1 0
e5cba5 a5c 400200 1 0
e5c8a5 a5c 400100 1 0
e5c925 a5c 400080 1 0
e5c9e5 a5c 400040 1 0
e5c985 a5c 400020 1 0
e5c9b5 a5c 400010 1 0
e5c9ad a5c 400008 1 0
e5c9a1 a5c 400004 1 0
e5c9a7 a5c 400002 1 0
e5c9a4 a5c 400001 1 0
95c9a5 a5c 300000 1 0
8dc9a5 a5c 280000 1 0
81c9a5 a5c 240000 1 0
87c9a5 a5c 220000 1 0
84c9a5 a5c 210000 1 0
8549a5 a5c 208000 1 0
8589a5 a5c 204000 1 0
85e9a5 a5c 202000 1 0
85d9a5 a5c 201000 1 0
85c1a5 a5c 200800 1 0
85cda5 a5c 200400 1 0
85cba5 a5c 200200 1 0
85c8a5 a5c 200100 1 0
85c925 a5c 200080 1 0
85c9e5 a5c 200040 1 0
85c985 a5c 200020 1 0
85c9b5 a5c 200010 1 0
85c9ad a5c 200008 1 0
85c9a1 a5c 200004 1 0
85c9a7 a5c 200002 1 0
85c9a4 a5c 200001 1 0
bdc9a5 a5c 180000 1 0
b1c9a5 a5c 140000 1 0
b7c9a5 a5c 120000 1 0
b4c9a5 a5c 110000 1 0
b549a5 a5c 108000 1 0
b589a5 a5c 104000 1 0
b5e9a5 a5c 102000 1 0
b5d9a5 a5c 101000 1 0
b5c1a5 a5c 100800 1 0
b5cda5 a5c 100400 1 0
b5cba5 a5c 100200 1 0
b5c8a5 a5c 100100 1 0
b5c925 a5c 100080 1 0
b5c9e5 a5c 100040 1 0
b5c985 a5c 100020 1 0
b5c9b5 a5c 100010 1 0
b5c9ad a5c 100008 1 0
b5c9a1 a5c 100004 1 0
b5c9a7 a5c 100002 1 0
b5c9a4 a5c 100001 1 0
a9c9a5 a5c 0c0000 1 0
afc9a5 a5c 0a0000 1 0
acc9a5 a5c 090000 1 0
ad49a5 a5c 088000 1 0
ad89a5 a5c 084000 1 0
ade9a5 a5c 082000 1 0
add9a5 a5c 081000 1 0
adc1a5 a5c 080800 1 0
adcda5 a5c 080400 1 0
adcba5 a5c 080200 1 0
adc8a5 a5c 080100 1 0
adc925 a5c 080080 1 0
adc9e5 a5c 080040 1 0
adc985 a5c 080020 1 0
adc9b5 a5c 080010 1 0
adc9ad a5c 080008 1 0
adc9a1 a5c 080004 1 0
adc9a7 a5c 080002 1 0
adc9a4 a5c 080001 1 0
a3c9a5 a5c 060000 1 0
a0c9a5 a5c 050000 1 0
a149a5 a5c 048000 1 0
a189a5 a5c 044000 1 0
a1e9a5 a5c 042000 1 0
a1d9a5 a5c 041000 1 0
a1c1a5 a5c 040800 1 0
a1cda5 a5c 040400 1 0
a1cba5 a5c 040200 1 0
a1c8a5 a5c 040100 1 0
a1c925 a5c 040080 1 0
a1c9e5 a5c 040040 1 0
a1c985 a5c 040020 1 0
a1c9b5 a5c 040010 1 0
a1c9ad a5c 040008 1 0
a1c9a1 a5c 040004 1 0
a1c9a7 a5c 040002 1 0
a1c9a4 a5c 040001 1 0
a6c9a5 a5c 030000 1 0
a749a5 a5c 028000 1 0
a789a5 a5c 024000 1 0
a7e9a5 a5c 022000 1 0
a7d9a5 a5c 021000 1 0
a7c1a5 a5c 020800 1 0
a7cda5 a5c 020400 1 0
a7cba5 a5c 020200 1 0
a7c8a5 a5c 020100 1 0
a7c925 a5c 020080 1 0
a7c9e5 a5c 020040 1 0
a7c985 a5c 020020 1 0
a7c9b5 a5c 020010 1 0
a7c9ad a5c 020008 1 0
a7c9a1 a5c 020004 1 0
a7c9a7 a5c 020002 1 0
a7c9a4 a5c 020001 1 0
a449a5 a5c 018000 1 0
a489a5 a5c 014000 1 0
a4e9a5 a5c 012000 1 0
a4d9a5 a5c 011000 1 0
a4c1a5 a5c 010800 1 0
a4cda5 a5c 010400 1 0
a4cba5 a5c 010200 1 0
a4c8a5 a5c 010100 1 0
a4c925 a5c 010080 1 0
a4c9e5 a5c 010040 1 0
a4c985 a5c 010020 1 0
a4c9b5 a5c 010010 1 0
a4c9ad a5c 010008 1 0
a4c9a1 a5c 010004 1 0
a4c9a7 a5c 010002 1 0
a4c9a4 a5c 010001 1 0
a509a5 a5c 00c000 1 0
a569a5 a5c 00a000 1 0
a559a5 a5c 009000 1 0
a541a5 a5c 008800 1 0
a54da5 a5c 008400 1 0
a54ba5 a5c 008200 1 0
a548a5 a5c 008100 1 0
a54925 a5c 008080 1 0
a549e5 a5c 008040 1 0
a54985 a5c 008020 1 0
a549b5 a5c 008010 1 0
a549ad a5c 008008 1 0
a549a1 a5c 008004 1 0
a549a7 a5c 008002 1 0
a549a4 a5c 008001 1 0
a5a9a5 a5c 006000 1 0
a599a5 a5c 005000 1 0
a581a5 a5c 004800 1 0
a58da5 a5c 004400 1 0
a58ba5 a5c 004200 1 0
a588a5 a5c 004100 1 0
a58925 a5c 004080 1 0
a589e5 a5c 004040 1 0
a58985 a5c 004020 1 0
a589b5 a5c 004010 1 0
a589ad a5c 004008 1 0
a589a1 a5c 004004 1 0
a589a7 a5c 004002 1 0
a589a4 a5c 004001 1 0
a5f9a5 a5c 003000 1 0
a5e1a5 a5c 002800 1 0
a5eda5 a5c 002400 1 0
a5eba5 a5c 002200 1 0
a5e8a5 a5c 002100 1 0
a5e925 a5c 002080 1 0
a5e9e5 a5c 002040 1 0
a5e985 a5c 002020 1 0
a5e9b5 a5c 002010 1 0
a5e9ad a5c 002008 1 0
a5e9a1 a5c 002004 1 0
a5e9a7 a5c 002002 1 0
a5e9a4 a5c 002001 1 0
a5d1a5 a5c 001800 1 0
a5dda5 a5c 001400 1 0
a5dba5 a5c 001200 1 0
a5d8a5 a5c 001100 1 0
a5d925 a5c 001080 1 0
a5d9e5 a5c 001040 1 0
a5d985 a5c 001020 1 0
a5d9b5 a5c 001010 1 0
a5d9ad a5c 001008 1 0
a5d9a1 a5c 001004 1 0
a5d9a7 a5c 001002 1 0
a5d9a4 a5c 001001 1 0
a5c5a5 a5c 000c00 1 0
a5c3a5 a5c 000a00 1 0
a5c0a5 a5c 000900 1 0
a5c125 a5c 000880 1 0
a5c1e5 a5c 000840 1 0
a5c185 a5c 000820 1 0
a5c1b5 a5c 000810 1 0
a5c1ad a5c 000808 1 0
a5c1a1 a5c 000804 1 0
a5c1a7 a5c 000802 1 0
a5c1a4 a5c 000801 1 0
a5cfa5 a5c 000600 1 0
a5cca5 a5c 000500 1 0
a5cd25 a5c 000480 1 0
a5cde5 a5c 000440 1 0
a5cd85 a5c 000420 1 0
a5cdb5 a5c 000410 1 0
a5cdad a5c 000408 1 0
a5cda1 a5c 000404 1 0
a5cda7 a5c 000402 1 0
a5cda4 a5c 000401 1 0
a5caa5 a5c 000300 1 0
a5cb25 a5c 000280 1 0
a5cbe5 a5c 000240 1 0
a5cb85 a5c 000220 1 0
a5cbb5 a5c 000210 1 0
a5cbad a5c 000208 1 0
a5cba1 a5c 000204 1 0
a5cba7 a5c 000202 1 0
a5cba4 a5c 000201 1 0
a5c825 a5c 000180 1 0
a5c8e5 a5c 000140 1 0
a5c885 a5c 000120 1 0
a5c8b5 a5c 000110 1 0
a5c8ad a5c 000108 1 0
a5c8a1 a5c 000104 1 0
a5c8a7 a5c 000102 1 0
a5c8a4 a5c 000101 1 0
a5c965 a5c 0000c0 1 0
a5c905 a5c 0000a0 1 0
a5c935 a5c 000090 1 0
a5c92d a5c 000088 1 0
a5c921 a5c 000084 1 0
a5c927 a5c 000082 1 0
a5c924 a5c 000081 1 0
a5c9c5 a5c 000060 1 0
a5c9f5 a5c 000050 1 0
a5c9ed a5c 000048 1 0
a5c9e1 a5c 000044 1 0
a5c9e7 a5c 000042 1 0
a5c9e4 a5c 000041 1 0
a5c995 a5c 000030 1 0
a5c98d a5c 000028 1 0
a5c981 a5c 000024 1 0
a5c987 a5c 000022 1 0
a5c984 a5c 000021 1 0
a5c9bd a5c 000018 1 0
a5c9b1 a5c 000014 1 0
a5c9b7 a5c 000012 1 0
a5c9b4 a5c 000011 1 0
a5c9a9 a5c 00000c 1 0
a5c9af a5c 00000a 1 0
a5c9ac a5c 000009 1 0
a5c9a3 a5c 000006 1 0
a5c9a0 a5c 000005 1 0
a5c9a6 a5c 000003 1 0
45c9a5 a5c e00000 1 0
75c9a5 a5c d00000 1 0
6dc9a5 a5c c80000 1 0
61c9a5 a5c c40000 1 0
67c9a5 a5c c20000 1 0
64c9a5 a5c c10000 1 0
6549a5 a5c c08000 1 0
6589a5 a5c c04000 1 0
65e9a5 a5c c02000 1 0
65d9a5 a5c c01000 1 0
65c1a5 a5c c00800 1 0
65cda5 a5c c00400 1 0
65cba5 a5c c00200 1 0
65c8a5 a5c c00100 1 0
65c925 a5c c00080 1 0
65c9e5 a5c c00040 1 0
65c985 a5c c00020 1 0
65c9b5 a5c c00010 1 0
65c9ad a5c c00008 1 0
65c9a1 a5c c00004 1 0
65c9a7 a5c c00002 1 0
65c9a4 a5c c00001 1 0
15c9a5 a5c b00000 1 0
0dc9a5 a5c a80000 1 0
01c9a5 a5c a40000 1 0
07c9a5 a5c a20000 1 0
04c9a5 a5c a10000 1 0
0549a5 a5c a08000 1 0
0589a5 a5c a04000 1 0
05e9a5 a5c a02000 1 0
05d9a5 a5c a01000 1 0
05c1a5 a5c a00800 1 0
05cda5 a5c a00400 1 0
05cba5 a5c a00200 1 0
05c8a5 a5c a00100 1 0
05c925 a5c a00080 1 0
05c9e5 a5c a00040 1 0
05c985 a5c a00020 1 0
05c9b5 a5c a00010 1 0
05c9ad a5c a00008 1 0
05c9a1 a5c a00004 1 0
05c9a7 a5c a00002 1 0
05c9a4 a5c a00001 1 0
3dc9a5 a5c 980000 1 0
31c9a5 a5c 940000 1 0
37c9a5 a5c 920000 1 0
34c9a5 a5c 910000 1 0
3549a5 a5c 908000 1 0
3589a5 a5c 904000 1 0
35e9a5 a5c 902000 1 0
35d9a5 a5c 901000 1 0
35c1a5 a5c 900800 1 0
35cda5 a5c 900400 1 0
35cba5 a5c 900200 1 0
35c8a5 a5c 900100 1 0
35c925 a5c 900080 1 0
35c9e5 a5c 900040 1 0
35c985 a5c 900020 1 0
35c9b5 a5c 900010 1 0
35c9ad a5c 900008 1 0
35c9a1 a5c 900004 1 0
35c9a7 a5c 900002 1 0
35c9a4 a5c 900001 1 0
29c9a5 a5c 8c0000 1 0
2fc9a5 a5c 8a0000 1 0
2cc9a5 a5c 890000 1 0
2d49a5 a5c 888000 1 0
2d89a5 a5c 884000 1 0
2de9a5 a5c 882000 1 0
2dd9a5 a5c 881000 1 0
2dc1a5 a5c 880800 1 0
2dcda5 a5c 880400 1 0
2dcba5 a5c 880200 1 0
2dc8a5 a5c 880100 1 0
2dc925 a5c 880080 1 0
2dc9e5 a5c 880040 1 0
2dc985 a5c 880020 1 0
2dc9b5 a5c 880010 1 0
2dc9ad a5c 880008 1 0
2dc9a1 a5c 880004 1 0
2dc9a7 a5c 880002 1 0
2dc9a4 a5c 880001 1 0
23c9a5 a5c 860000 1 0
20c9a5 a5c 850000 1 0
2149a5 a5c 848000 1 0
2189a5 a5c 844000 1 0
21e9a5 a5c 842000 1 0
21d9a5 a5c 841000 1 0
21c1a5 a5c 840800 1 0
21cda5 a5c 840400 1 0
21cba5 a5c 840200 1 0
21c8a5 a5c 840100 1 0
21c925 a5c 840080 1 0
21c9e5 a5c 840040 1 0
21c985 a5c 840020 1 0
21c9b5 a5c 840010 1 0
21c9ad a5c 840008 1 0
21c9a1 a5c 840004 1 0
21c9a7 a5c 840002 1 0
21c9a4 a5c 840001 1 0
26c9a5 a5c 830000 1 0
2749a5 a5c 828000 1 0
2789a5 a5c 824000 1 0
27e9a5 a5c 822000 1 0
27d9a5 a5c 821000 1 0
27c1a5 a5c 820800 1 0
27cda5 a5c 820400 1 0
27cba5 a5c 820200 1 0
27c8a5 a5c 820100 1 0
27c925 a5c 820080 1 0
27c9e5 a5c 820040 1 0
27c985 a5c 820020 1 0
27c9b5 a5c 820010 1 0
27c9ad a5c 820008 1 0
27c9a1 a5c 820004 1 0
27c9a7 a5c 820002 1 0
27c9a4 a5c 820001 1 0
2449a5 a5c 818000 1 0
2489a5 a5c 814000 1 0
24e9a5 a5c 812000 1 0
24d9a5 a5c 811000 1 0
24c1a5 a5c 810800 1 0
24cda5 a5c 810400 1 0
24cba5 a5c 810200 1 0
24c8a5 a5c 810100 1 0
24c925 a5c 810080 1 0
24c9e5 a5c 810040 1 0
24c985 a5c 810020 1 0
24c9b5 a5c 810010 1 0
24c9ad a5c 810008 1 0
24c9a1 a5c 810004 1 0
24c9a7 a5c 810002 1 0
24c9a4 a5c 810001 1 0
2509a5 a5c 80c000 1 0
2569a5 a5c 80a000 1 0
2559a5 a5c 809000 1 0
2541a5 a5c 808800 1 0
254da5 a5c 808400 1 0
254ba5 a5c 808200 1 0
2548a5 a5c 808100 1 0
254925 a5c 808080 1 0
2549e5 a5c 808040 1 0
254985 a5c 808020 1 0
2549b5 a5c 808010 1 0
2549ad a5c 808008 1 0
2549a1 a5c 808004 1 0
2549a7 a5c 808002 1 0
2549a4 a5c 808001 1 0
25a9a5 a5c 806000 1 0
2599a5 a5c 805000 1 0
2581a5 a5c 804800 1 0
258da5 a5c 804400 1 0
258ba5 a5c 804200 1 0
2588a5 a5c 804100 1 0
258925 a5c 804080 1 0
2589e5 a5c 804040 1 0
258985 a5c 804020 1 0
2589b5 a5c 804010 1 0
2589ad a5c 804008 1 0
2589a1 a5c 804004 1 0
2589a7 a5c 804002 1 0
2589a4 a5c 804001 1 0
25f9a5 a5c 803000 1 0
25e1a5 a5c 802800 1 0
25eda5 a5c 802400 1 0
25eba5 a5c 802200 1 0
25e8a5 a5c 802100 1 0
25e925 a5c 802080 1 0
25e9e5 a5c 802040 1 0
25e985 a5c 802020 1 0
25e9b5 a5c 802010 1 0
25e9ad a5c 802008 1 0
25e9a1 a5c 802004 1 0
25e9a7 a5c 802002 1 0
25e9a4 a5c 802001 1 0
25d1a5 a5c 801800 1 0
25dda5 a5c 801400 1 0
25dba5 a5c 801200 1 0
25d8a5 a5c 801100 1 0
25d925 a5c 801080 1 0
25d9e5 a5c 801040 1 0
25d985 a5c 801020 1 0
25d9b5 a5c 801010 1 0
25d9ad a5c 801008 1 0
25d9a1 a5c 801004 1 0
25d9a7 a5c 801002 1 0
25d9a4 a5c 801001 1 0
25c5a5 a5c 800c00 1 0
25c3a5 a5c 800a00 1 0
25c0a5 a5c 800900 1 0
25c125 a5c 800880 1 0
25c1e5 a5c 800840 1 0
25c185 a5c 800820 1 0
25c1b5 a5c 800810 1 0
25c1ad a5c 800808 1 0
25c1a1 a5c 800804 1 0
25c1a7 a5c 800802 1 0
25c1a4 a5c 800801 1 0
25cfa5 a5c 800600 1 0
25cca5 a5c 800500 1 0
25cd25 a5c 800480 1 0
25cde5 a5c 800440 1 0
25cd85 a5c 800420 1 0
25cdb5 a5c 800410 1 0
25cdad a5c 800408 1 0
25cda1 a5c 800404 1 0
25cda7 a5c 800402 1 0
25cda4 a5c 800401 1 0
25caa5 a5c 800300 1 0
25cb25 a5c 800280 1 0
25cbe5 a5c 800240 1 0
25cb85 a5c 800220 1 0
25cbb5 a5c 800210 1 0
25cbad a5c 800208 1 0
25cba1 a5c 800204 1 0
25cba7 a5c 800202 1 0
25cba4 a5c 800201 1 0
25c825 a5c 800180 1 0
25c8e5 a5c 800140 1 0
25c885 a5c 800120 1 0
25c8b5 a5c 800110 1 0
25c8ad a5c 800108 1 0
25c8a1 a5c 800104 1 0
25c8a7 a5c 800102 1 0
25c8a4 a5c 800101 1 0
25c965 a5c 8000c0 1 0
25c905 a5c 8000a0 1 0
25c935 a5c 800090 1 0
25c92d a5c 800088 1 0
25c921 a5c 800084 1 0
25c927 a5c 800082 1 0
25c924 a5c 800081 1 0
25c9c5 a5c 800060 1 0
25c9f5 a5c 800050 1 0
25c9ed a5c 800048 1 0
25c9e1 a5c 800044 1 0
25c9e7 a5c 800042 1 0
25c9e4 a5c 800041 1 0
25c995 a5c 800030 1 0
25c98d a5c 800028 1 0
25c981 a5c 800024 1 0
25c987 a5c 800022 1 0
25c984 a5c 800021 1 0
25c9bd a5c 800018 1 0
25c9b1 a5c 800014 1 0
25c9b7 a5c 800012 1 0
25c9b4 a5c 800011 1 0
25c9a9 a5c 80000c 1 0
25c9af a5c 80000a 1 0
25c9ac a5c 800009 1 0
25c9a3 a5c 800006 1 0
25c9a0 a5c 800005 1 0
25c9a6 a5c 800003 1 0
d5c9a5 a5c 700000 1 0
cdc9a5 a5c 680000 1 0
c1c9a5 a5c 640000 1 0
c7c9a5 a5c 620000 1 0
c4c9a5 a5c 610000 1 0
c549a5 a5c 608000 1 0
c589a5 a5c 604000 1 0
c5e9a5 a5c 602000 1 0
c5d9a5 a5c 601000 1 0
c5c1a5 a5c 600800 1 0
c5cda5 a5c 600400 1 0
c5cba5 a5c 600200 1 0
c5c8a5 a5c 600100 1 0
c5c925 a5c 600080 1 0
c5c9e5 a5c 600040 1 0
c5c985 a5c 600020 1 0
c5c9b5 a5c 600010 1 0
c5c9ad a5c 600008 1 0
c5c9a1 a5c 600004 1 0
c5c9a7 a5c 600002 1 0
c5c9a4 a5c 600001 1 0
fdc9a5 a5c 580000 1 0
f1c9a5 a5c 540000 1 0
f7c9a5 a5c 520000 1 0
f4c9a5 a5c 510000 1 0
f549a5 a5c 508000 1 0
f589a5 a5c 504000 1 0
f5e9a5 a5c 502000 1 0
f5d9a5 a5c 501000 1 0
f5c1a5 a5c 500800 1 0
f5cda5 a5c 500400 1 0
f5cba5 a5c 500200 1 0
f5c8a5 a5c 500100 1 0
f5c925 a5c 500080 1 0
f5c9e5 a5c 500040 1 0
f5c985 a5c 500020 1 0
f5c9b5 a5c 500010 1 0
f5c9ad a5c 500008 1 0
f5c9a1 a5c 500004 1 0
f5c9a7 a5c 500002 1 0
f5c9a4 a5c 500001 1 0
e9c9a5 a5c 4c0000 1 0
efc9a5 a5c 4a0000 1 0
ecc9a5 a5c 490000 1 0
ed49a5 a5c 488000 1 0
ed89a5 a5c 484000 1 0
ede9a5 a5c 482000 1 0
edd9a5 a5c 481000 1 0
edc1a5 a5c 480800 1 0
edcda5 a5c 480400 1 0
edcba5 a5c 480200 1 0
edc8a5 a5c 480100 1 0
edc925 a5c 480080 1 0
edc9e5 a5c 480040 1 0
edc985 a5c 480020 1 0
edc9b5 a5c 480010 1 0
edc9ad a5c 480008 1 0
edc9a1 a5c 480004 1 0
edc9a7 a5c 480002 1 0
edc9a4 a5c 480001 1 0
e3c9a5 a5c 460000 1 0
e0c9a5 a5c 450000 1 0
e149a5 a5c 448000 1 0
e189a5 a5c 444000 1 0
e1e9a5 a5c 442000 1 0
e1d9a5 a5c 441000 1 0
e1c1a5 a5c 440800 1 0
e1cda5 a5c 440400 1 0
e1cba5 a5c 440200 1 0
e1c8a5 a5c 440100 1 0
e1c925 a5c 440080 1 0
e1c9e5 a5c 440040 1 0
e1c985 a5c 440020 1 0
e1c9b5 a5c 440010 1 0
e1c9ad a5c 440008 1 0
e1c9a1 a5c 440004 1 0
e1c9a7 a5c 440002 1 0
e1c9a4 a5c 440001 1 0
e6c9a5 a5c 430000 1 0
e749a5 a5c 428000 1 0
e789a5 a5c 424000 1 0
e7e9a5 a5c 422000 1 0
e7d9a5 a5c 421000 1 0
e7c1a5 a5c 420800 1 0
e7cda5 a5c 420400 1 0
e7cba5 a5c 420200 1 0
e7c8a5 a5c 420100 1 0
e7c925 a5c 420080 1 0
e7c9e5 a5c 420040 1 0
e7c985 a5c 420020 1 0
e7c9b5 a5c 420010 1 0
e7c9ad a5c 420008 1 0
e7c9a1 a5c 420004 1 0
e7c9a7 a5c 420002 1 0
e7c9a4 a5c 420001 1 0
e449a5 a5c 418000 1 0
e489a5 a5c 414000 1 0
e4e9a5 a5c 412000 1 0
e4d9a5 a5c 411000 1 0
e4c1a5 a5c 410800 1 0
e4cda5 a5c 410400 1 0
e4cba5 a5c 410200 1 0
e4c8a5 a5c 410100 1 0
e4c925 a5c 410080 1 0
e4c9e5 a5c 410040 1 0
e4c985 a5c 410020 1 0
e4c9b5 a5c 410010 1 0
e4c9ad a5c 410008 1 0
e4c9a1 a5c 410004 1 0
e4c9a7 a5c 410002 1 0
e4c9a4 a5c 410001 1 0
e509a5 a5c 40c000 1 0
e569a5 a5c 40a000 1 0
e559a5 a5c 409000 1 0
e541a5 a5c 408800 1 0
e54da5 a5c 408400 1 0
e54ba5 a5c 408200 1 0
e548a5 a5c 408100 1 0
e54925 a5c 408080 1 0
e549e5 a5c 408040 1 0
e54985 a5c 408020 1 0
e549b5 a5c 408010 1 0
e549ad a5c 408008 1 0
e549a1 a5c 408004 1 0
e549a7 a5c 408002 1 0
e549a4 a5c 408001 1 0
e5a9a5 a5c 406000 1 0
e599a5 a5c 405000 1 0
e581a5 a5c 404800 1 0
e58da5 a5c 404400 1 0
e58ba5 a5c 404200 1 0
e588a5 a5c 404100 1 0
e58925 a5c 404080 1 0
e589e5 a5c 404040 1 0
e58985 a5c 404020 1 0
e589b5 a5c 404010 1 0
e589ad a5c 404008 1 0
e589a1 a5c 404004 1 0
e589a7 a5c 404002 1 0
e589a4 a5c 404001 1 0
e5f9a5 a5c 403000 1 0
e5e1a5 a5c 402800 1 0
e5eda5 a5c 402400 1 0
e5eba5 a5c 402200 1 0
e5e8a5 a5c 402100 1 0
e5e925 a5c 402080 1 0
e5e9e5 a5c 402040 1 0
e5e985 a5c 402020 1 0
e5e9b5 a5c 402010 1 0
e5e9ad a5c 402008 1 0
e5e9a1 a5c 402004 1 0
e5e9a7 a5c 402002 1 0
e5e9a4 a5c 402001 1 0
e5d1a5 a5c 401800 1 0
e5dda5 a5c 401400 1 0
e5dba5 a5c 401200 1 0
e5d8a5 a5c 401100 1 0
e5d925 a5c 401080 1 0
e5d9e5 a5c 401040 1 0
e5d985 a5c 401020 1 0
e5d9b5 a5c 401010 1 0
e5d9ad a5c 401008 1 0
e5d9a1 a5c 401004 1 0
e5d9a7 a5c 401002 1 0
e5d9a4 a5c 401001 1 0
e5c5a5 a5c 400c00 1 0
e5c3a5 a5c 400a00 1 0
e5c0a5 a5c 400900 1 0
e5c125 a5c 400880 1 0
e5c1e5 a5c 400840 1 0
e5c185 a5c 400820 1 0
e5c1b5 a5c 400810 1 0
e5c1ad a5c 400808 1 0
e5c1a1 a5c 400804 1 0
e5c1a7 a5c 400802 1 0
e5c1a4 a5c 400801 1 0
e5cfa5 a5c 400600 1 0
e5cca5 a5c 400500 1 0
e5cd25 a5c 400480 1 0
e5cde5 a5c 400440 1 0
e5cd85 a5c 400420 1 0
e5cdb5 a5c 400410 1 0
e5cdad a5c 400408 1 0
e5cda1 a5c 400404 1 0
e5cda7 a5c 400402 1 0
e5cda4 a5c 400401 1 0
e5caa5 a5c 400300 1 0
e5cb25 a5c 400280 1 0
e5cbe5 a5c 400240 1 0
e5cb85 a5c 400220 1 0
e5cbb5 a5c 400210 1 0
e5cbad a5c 400208 1 0
e5cba1 a5c 400204 1 0
e5cba7 a5c 400202 1 0
e5cba4 a5c 400201 1 0
e5c825 a5c 400180 1 0
e5c8e5 a5c 400140 1 0
e5c885 a5c 400120 1 0
e5c8b5 a5c 400110 1 0
e5c8ad a5c 400108 1 0
e5c8a1 a5c 400104 1 0
e5c8a7 a5c 400102 1 0
e5c8a4 a5c 400101 1 0
e5c965 a5c 4000c0 1 0
e5c905 a5c 4000a0 1 0
e5c935 a5c 400090 1 0
e5c92d a5c 400088 1 0
e5c921 a5c 400084 1 0
e5c927 a5c 400082 1 0
e5c924 a5c 400081 1 0
e5c9c5 a5c 400060 1 0
e5c9f5 a5c 400050 1 0
e5c9ed a5c 400048 1 0
e5c9e1 a5c 400044 1 0
e5c9e7 a5c 400042 1 0
e5c9e4 a5c 400041 1 0
e5c995 a5c 400030 1 0
e5c98d a5c 400028 1 0
e5c981 a5c 400024 1 0
e5c987 a5c 400022 1 0
e5c984 a5c 400021 1 0
e5c9bd a5c 400018 1 0
e5c9b1 a5c 400014 1 0
e5c9b7 a5c 400012 1 0
e5c9b4 a5c 400011 1 0
e5c9a9 a5c 40000c 1 0
e5c9af a5c 40000a 1 0
e5c9ac a5c 400009 1 0
e5c9a3 a5c 400006 1 0
e5c9a0 a5c 400005 1 0
e5c9a6 a5c 400003 1 0
9dc9a5 a5c 380000 1 0
91c9a5 a5c 340000 1 0
97c9a5 a5c 320000 1 0
94c9a5 a5c 310000 1 0
9549a5 a5c 308000 1 0
9589a5 a5c 304000 1 0
95e9a5 a5c 302000 1 0
95d9a5 a5c 301000 1 0
95c1a5 a5c 300800 1 0
95cda5 a5c 300400 1 0
95cba5 a5c 300200 1 0
95c8a5 a5c 300100 1 0
95c925 a5c 300080 1 0
95c9e5 a5c 300040 1 0
95c985 a5c 300020 1 0
95c9b5 a5c 300010 1 0
95c9ad a5c 300008 1 0
95c9a1 a5c 300004 1 0
95c9a7 a5c 300002 1 0
95c9a4 a5c 300001 1 0
89c9a5 a5c 2c0000 1 0
8fc9a5 a5c 2a0000 1 0
8cc9a5 a5c 290000 1 0
8d49a5 a5c 288000 1 0
8d89a5 a5c 284000 1 0
8de9a5 a5c 282000 1 0
8dd9a5 a5c 281000 1 0
8dc1a5 a5c 280800 1 0
8dcda5 a5c 280400 1 0
8dcba5 a5c 280200 1 0
8dc8a5 a5c 280100 1 0
8dc925 a5c 280080 1 0
8dc9e5 a5c 280040 1 0
8dc985 a5c 280020 1 0
8dc9b5 a5c 280010 1 0
8dc9ad a5c 280008 1 0
8dc9a1 a5c 280004 1 0
8dc9a7 a5c 280002 1 0
8dc9a4 a5c 280001 1 0
83c9a5 a5c 260000 1 0
80c9a5 a5c 250000 1 0
8149a5 a5c 248000 1 0
8189a5 a5c 244000 1 0
81e9a5 a5c 242000 1 0
81d9a5 a5c 241000 1 0
81c1a5 a5c 240800 1 0
81cda5 a5c 240400 1 0
81cba5 a5c 240200 1 0
81c8a5 a5c 240100 1 0
81c925 a5c 240080 1 0
81c9e5 a5c 240040 1 0
81c985 a5c 240020 1 0
81c9b5 a5c 240010 1 0
81c9ad a5c 240008 1 0
81c9a1 a5c 240004 1 0
81c9a7 a5c 240002 1 0
81c9a4 a5c 240001 1 0
86c9a5 a5c 230000 1 0
8749a5 a5c 228000 1 0
8789a5 a5c 224000 1 0
87e9a5 a5c 222000 1 0
87d9a5 a5c 221000 1 0
87c1a5 a5c 220800 1 0
87cda5 a5c 220400 1 0
87cba5 a5c 220200 1 0
87c8a5 a5c 220100 1 0
87c925 a5c 220080 1 0
87c9e5 a5c 220040 1 0
87c985 a5c 220020 1 0
87c9b5 a5c 220010 1 0
87c9ad a5c 220008 1 0
87c9a1 a5c 220004 1 0
87c9a7 a5c 220002 1 0
87c9a4 a5c 220001 1 0
8449a5 a5c 218000 1 0
8489a5 a5c 214000 1 0
84e9a5 a5c 212000 1 0
84d9a5 a5c 211000 1 0
84c1a5 a5c 210800 1 0
84cda5 a5c 210400 1 0
84cba5 a5c 210200 1 0
84c8a5 a5c 210100 1 0
84c925 a5c 210080 1 0
84c9e5 a5c 210040 1 0
84c985 a5c 210020 1 0
84c9b5 a5c 210010 1 0
84c9ad a5c 210008 1 0
84c9a1 a5c 210004 1 0
84c9a7 a5c 210002 1 0
84c9a4 a5c 210001 1 0
8509a5 a5c 20c000 1 0
8569a5 a5c 20a000 1 0
8559a5 a5c 209000 1 0
8541a5 a5c 208800 1 0
854da5 a5c 208400 1 0
854ba5 a5c 208200 1 0
8548a5 a5c 208100 1 0
854925 a5c 208080 1 0
8549e5 a5c 208040 1 0
854985 a5c 208020 1 0
8549b5 a5c 208010 1 0
8549ad a5c 208008 1 0
8549a1 a5c 208004 1 0
8549a7 a5c 208002 1 0
8549a4 a5c 208001 1 0
85a9a5 a5c 206000 1 0
8599a5 a5c 205000 1 0
8581a5 a5c 204800 1 0
858da5 a5c 204400 1 0
858ba5 a5c 204200 1 0
8588a5 a5c 204100 1 0
858925 a5c 204080 1 0
8589e5 a5c 204040 1 0
858985 a5c 204020 1 0
8589b5 a5c 204010 1 0
8589ad a5c 204008 1 0
8589a1 a5c 204004 1 0
8589a7 a5c 204002 1 0
8589a4 a5c 204001 1 0
85f9a5 a5c 203000 1 0
85e1a5 a5c 202800 1 0
85eda5 a5c 202400 1 0
85eba5 a5c 202200 1 0
85e8a5 a5c 202100 1 0
85e925 a5c 202080 1 0
85e9e5 a5c 202040 1 0
85e985 a5c 202020 1 0
85e9b5 a5c 202010 1 0
85e9ad a5c 202008 1 0
85e9a1 a5c 202004 1 0
85e9a7 a5c 202002 1 0
85e9a4 a5c 202001 1 0
85d1a5 a5c 201800 1 0
85dda5 a5c 201400 1 0
85dba5 a5c 201200 1 0
85d8a5 a5c 201100 1 0
85d925 a5c 201080 1 0
85d9e5 a5c 201040 1 0
85d985 a5c 201020 1 0
85d9b5 a5c 201010 1 0
85d9ad a5c 201008 1 0
85d9a1 a5c 201004 1 0
85d9a7 a5c 201002 1 0
85d9a4 a5c 201001 1 0
85c5a5 a5c 200c00 1 0
85c3a5 a5c 200a00 1 0
85c0a5 a5c 200900 1 0
85c125 a5c 200880 1 0
85c1e5 a5c 200840 1 0
85c185 a5c 200820 1 0
85c1b5 a5c 200810 1 0
85c1ad a5c 200808 1 0
85c1a1 a5c 200804 1 0
85c1a7 a5c 200802 1 0
85c1a4 a5c 200801 1 0
85cfa5 a5c 200600 1 0
85cca5 a5c 200500 1 0
85cd25 a5c 200480 1 0
85cde5 a5c 200440 1 0
85cd85 a5c 200420 1 0
85cdb5 a5c 200410 1 0
85cdad a5c 200408 1 0
85cda1 a5c 200404 1 0
85cda7 a5c 200402 1 0
85cda4 a5c 200401 1 0
85caa5 a5c 200300 1 0
85cb25 a5c 200280 1 0
85cbe5 a5c 200240 1 0
85cb85 a5c 200220 1 0
85cbb5 a5c 200210 1 0
85cbad a5c 200208 1 0
85cba1 a5c 200204 1 0
85cba7 a5c 200202 1 0
85cba4 a5c 200201 1 0
85c825 a5c 200180 1 0
85c8e5 a5c 200140 1 0
85c885 a5c 200120 1 0
85c8b5 a5c 200110 1 0
85c8ad a5c 200108 1 0
85c8a1 a5c 200104 1 0
85c8a7 a5c 200102 1 0
85c8a4 a5c 200101 1 0
85c965 a5c 2000c0 1 0
85c905 a5c 2000a0 1 0
85c935 a5c 200090 1 0
85c92d a5c 200088 1 0
85c921 a5c 200084 1 0
85c927 a5c 200082 1 0
85c924 a5c 200081 1 0
85c9c5 a5c 200060 1 0
85c9f5 a5c 200050 1 0
85c9ed a5c 200048 1 0
85c9e1 a5c 200044 1 0
85c9e7 a5c 200042 1 0
85c9e4 a5c 200041 1 0
85c995 a5c 200030 1 0
85c98d a5c 200028 1 0
85c981 a5c 200024 1 0
85c987 a5c 200022 1 0
85c984 a5c 200021 1 0
85c9bd a5c 200018 1 0
85c9b1 a5c 200014 1 0
85c9b7 a5c 200012 1 0
85c9b4 a5c 200011 1 0
85c9a9 a5c 20000c 1 0
85c9af a5c 20000a 1 0
85c9ac a5c 200009 1 0
85c9a3 a5c 200006 1 0
85c9a0 a5c 200005 1 0
85c9a6 a5c 200003 1 0
b9c9a5 a5c 1c0000 1 0
bfc9a5 a5c 1a0000 1 0
bcc9a5 a5c 190000 1 0
bd49a5 a5c 188000 1 0
bd89a5 a5c 184000 1 0
bde9a5 a5c 182000 1 0
bdd9a5 a5c 181000 1 0
bdc1a5 a5c 180800 1 0
bdcda5 a5c 180400 1 0
bdcba5 a5c 180200 1 0
bdc8a5 a5c 180100 1 0
bdc925 a5c 180080 1 0
bdc9e5 a5c 180040 1 0
bdc985 a5c 180020 1 0
bdc9b5 a5c 180010 1 0
bdc9ad a5c 180008 1 0
bdc9a1 a5c 180004 1 0
bdc9a7 a5c 180002 1 0
bdc9a4 a5c 180001 1 0
b3c9a5 a5c 160000 1 0
b0c9a5 a5c 150000 1 0
b149a5 a5c 148000 1 0
b189a5 a5c 144000 1 0
b1e9a5 a5c 142000 1 0
b1d9a5 a5c 141000 1 0
b1c1a5 a5c 140800 1 0
b1cda5 a5c 140400 1 0
b1cba5 a5c 140200 1 0
b1c8a5 a5c 140100 1 0
b1c925 a5c 140080 1 0
b1c9e5 a5c 140040 1 0
b1c985 a5c 140020 1 0
b1c9b5 a5c 140010 1 0
b1c9ad a5c 140008 1 0
b1c9a1 a5c 140004 1 0
b1c9a7 a5c 140002 1 0
b1c9a4 a5c 140001 1 0
b6c9a5 a5c 130000 1 0
b749a5 a5c 128000 1 0
b789a5 a5c 124000 1 0
b7e9a5 a5c 122000 1 0
b7d9a5 a5c 121000 1 0
b7c1a5 a5c 120800 1 0
b7cda5 a5c 120400 1 0
b7cba5 a5c 120200 1 0
b7c8a5 a5c 120100 1 0
b7c925 a5c 120080 1 0
b7c9e5 a5c 120040 1 0
b7c985 a5c 120020 1 0
b7c9b5 a5c 120010 1 0
b7c9ad a5c 120008 1 0
b7c9a1 a5c 120004 1 0
b7c9a7 a5c 120002 1 0
b7c9a4 a5c 120001 1 0
b449a5 a5c 118000 1 0
b489a5 a5c 114000 1 0
b4e9a5 a5c 112000 1 0
b4d9a5 a5c 111000 1 0
b4c1a5 a5c 110800 1 0
b4cda5 a5c 110400 1 0
b4cba5 a5c 110200 1 0
b4c8a5 a5c 110100 1 0
b4c925 a5c 110080 1 0
b4c9e5 a5c 110040 1 0
b4c985 a5c 110020 1 0
b4c9b5 a5c 110010 1 0
b4c9ad a5c 110008 1 0
b4c9a1 a5c 110004 1 0
b4c9a7 a5c 110002 1 0
b4c9a4 a5c 110001 1 0
b509a5 a5c 10c000 1 0
b569a5 a5c 10a000 1 0
b559a5 a5c 109000 1 0
b541a5 a5c 108800 1 0
b54da5 a5c 108400 1 0
b54ba5 a5c 108200 1 0
b548a5 a5c 108100 1 0
b54925 a5c 108080 1 0
b549e5 a5c 108040 1 0
b54985 a5c 108020 1 0
b549b5 a5c 108010 1 0
b549ad a5c 108008 1 0
b549a1 a5c 108004 1 0
b549a7 a5c 108002 1 0
b549a4 a5c 108001 1 0
b5a9a5 a5c 106000 1 0
b599a5 a5c 105000 1 0
b581a5 a5c 104800 1 0
b58da5 a5c 104400 1 0
b58ba5 a5c 104200 1 0
b588a5 a5c 104100 1 0
b58925 a5c 104080 1 0
b589e5 a5c 104040 1 0
b58985 a5c 104020 1 0
b589b5 a5c 104010 1 0
b589ad a5c 104008 1 0
b589a1 a5c 104004 1 0
b589a7 a5c 104002 1 0
b589a4 a5c 104001 1 0
b5f9a5 a5c 103000 1 0
b5e1a5 a5c 102800 1 0
b5eda5 a5c 102400 1 0
b5eba5 a5c 102200 1 0
b5e8a5 a5c 102100 1 0
b5e925 a5c 102080 1 0
b5e9e5 a5c 102040 1 0
b5e985 a5c 102020 1 0
b5e9b5 a5c 102010 1 0
b5e9ad a5c 102008 1 0
b5e9a1 a5c 102004 1 0
b5e9a7 a5c 102002 1 0
b5e9a4 a5c 102001 1 0
b5d1a5 a5c 101800 1 0
b5dda5 a5c 101400 1 0
b5dba5 a5c 101200 1 0
b5d8a5 a5c 101100 1 0
b5d925 a5c 101080 1 0
b5d9e5 a5c 101040 1 0
b5d985 a5c 101020 1 0
b5d9b5 a5c 101010 1 0
b5d9ad a5c 101008 1 0
b5d9a1 a5c 101004 1 0
b5d9a7 a5c 101002 1 0
b5d9a4 a5c 101001 1 0
b5c5a5 a5c 100c00 1 0
b5c3a5 a5c 100a00 1 0
b5c0a5 a5c 100900 1 0
b5c125 a5c 100880 1 0
b5c1e5 a5c 100840 1 0
b5c185 a5c 100820 1 0
b5c1b5 a5c 100810 1 0
b5c1ad a5c 100808 1 0
b5c1a1 a5c 100804 1 0
b5c1a7 a5c 100802 1 0
b5c1a4 a5c 100801 1 0
b5cfa5 a5c 100600 1 0
b5cca5 a5c 100500 1 0
b5cd25 a5c 100480 1 0
b5cde5 a5c 100440 1 0
b5cd85 a5c 100420 1 0
b5cdb5 a5c 100410 1 0
b5cdad a5c 100408 1 0
b5cda1 a5c 100404 1 0
b5cda7 a5c 100402 1 0
b5cda4 a5c 100401 1 0
b5caa5 a5c 100300 1 0
b5cb25 a5c 100280 1 0
b5cbe5 a5c 100240 1 0
b5cb85 a5c 100220 1 0
b5cbb5 a5c 100210 1 0
b5cbad a5c 100208 1 0
b5cba1 a5c 100204 1 0
b5cba7 a5c 100202 1 0
b5cba4 a5c 100201 1 0
b5c825 a5c 100180 1 0
b5c8e5 a5c 100140 1 0
b5c885 a5c 100120 1 0
b5c8b5 a5c 100110 1 0
b5c8ad a5c 100108 1 0
b5c8a1 a5c 100104 1 0
b5c8a7 a5c 100102 1 0
b5c8a4 a5c 100101 1 0
b5c965 a5c 1000c0 1 0
b5c905 a5c 1000a0 1 0
b5c935 a5c 100090 1 0
b5c92d a5c 100088 1 0
b5c921 a5c 100084 1 0
b5c927 a5c 100082 1 0
b5c924 a5c 100081 1 0
b5c9c5 a5c 100060 1 0
b5c9f5 a5c 100050 1 0
b5c9ed a5c 100048 1 0
b5c9e1 a5c 100044 1 0
b5c9e7 a5c 100042 1 0
b5c9e4 a5c 100041 1 0
b5c995 a5c 100030 1 0
b5c98d a5c 100028 1 0
b5c981 a5c 100024 1 0
b5c987 a5c 100022 1 0
b5c984 a5c 100021 1 0
b5c9bd a5c 100018 1 0
b5c9b1 a5c 100014 1 0
b5c9b7 a5c 100012 1 0
b5c9b4 a5c 100011 1 0
b5c9a9 a5c 10000c 1 0
b5c9af a5c 10000a 1 0
b5c9ac a5c 100009 1 0
b5c9a3 a5c 100006 1 0
b5c9a0 a5c 100005 1 0
b5c9a6 a5c 100003 1 0
abc9a5 a5c 0e0000 1 0
a8c9a5 a5c 0d0000 1 0
a949a5 a5c 0c8000 1 0
a989a5 a5c 0c4000 1 0
a9e9a5 a5c 0c2000 1 0
a9d9a5 a5c 0c1000 1 0
a9c1a5 a5c 0c0800 1 0
a9cda5 a5c 0c0400 1 0
a9cba5 a5c 0c0200 1 0
a9c8a5 a5c 0c0100 1 0
a9c925 a5c 0c0080 1 0
a9c9e5 a5c 0c0040 1 0
a9c985 a5c 0c0020 1 0
a9c9b5 a5c 0c0010 1 0
a9c9ad a5c 0c0008 1 0
a9c9a1 a5c 0c0004 1 0
a9c9a7 a5c 0c0002 1 0
a9c9a4 a5c 0c0001 1 0
aec9a5 a5c 0b0000 1 0
af49a5 a5c 0a8000 1 0
af89a5 a5c 0a4000 1 0
afe9a5 a5c 0a2000 1 0
afd9a5 a5c 0a1000 1 0
afc1a5 a5c 0a0800 1 0
afcda5 a5c 0a0400 1 0
afcba5 a5c 0a0200 1 0
afc8a5 a5c 0a0100 1 0
afc925 a5c 0a0080 1 0
afc9e5 a5c 0a0040 1 0
afc985 a5c 0a0020 1 0
afc9b5 a5c 0a0010 1 0
afc9ad a5c 0a0008 1 0
afc9a1 a5c 0a0004 1 0
afc9a7 a5c 0a0002 1 0
afc9a4 a5c 0a0001 1 0
ac49a5 a5c 098000 1 0
ac89a5 a5c 094000 1 0
ace9a5 a5c 092000 1 0
acd9a5 a5c 091000 1 0
acc1a5 a5c 090800 1 0
accda5 a5c 090400 1 0
accba5 a5c 090200 1 0
acc8a5 a5c 090100 1 0
acc925 a5c 090080 1 0
acc9e5 a5c 090040 1 0
acc985 a5c 090020 1 0
acc9b5 a5c 090010 1 0
acc9ad a5c 090008 1 0
acc9a1 a5c 090004 1 0
acc9a7 a5c 090002 1 0
acc9a4 a5c 090001 1 0
ad09a5 a5c 08c000 1 0
ad69a5 a5c 08a000 1 0
ad59a5 a5c 089000 1 0
ad41a5 a5c 088800 1 0
ad4da5 a5c 088400 1 0
ad4ba5 a5c 088200 1 0
ad48a5 a5c 088100 1 0
ad4925 a5c 088080 1 0
ad49e5 a5c 088040 1 0
ad4985 a5c 088020 1 0
ad49b5 a5c 088010 1 0
ad49ad a5c 088008 1 0
ad49a1 a5c 088004 1 0
ad49a7 a5c 088002 1 0
ad49a4 a5c 088001 1 0
ada9a5 a5c 086000 1 0
ad99a5 a5c 085000 1 0
ad81a5 a5c 084800 1 0
ad8da5 a5c 084400 1 0
ad8ba5 a5c 084200 1 0
ad88a5 a5c 084100 1 0
ad8925 a5c 084080 1 0
ad89e5 a5c 084040 1 0
ad8985 a5c 084020 1 0
ad89b5 a5c 084010 1 0
ad89ad a5c 084008 1 0
ad89a1 a5c 084004 1 0
ad89a7 a5c 084002 1 0
ad89a4 a5c 084001 1 0
adf9a5 a5c 083000 1 0
ade1a5 a5c 082800 1 0
adeda5 a5c 082400 1 0
adeba5 a5c 082200 1 0
ade8a5 a5c 082100 1 0
ade925 a5c 082080 1 0
ade9e5 a5c 082040 1 0
ade985 a5c 082020 1 0
ade9b5 a5c 082010 1 0
ade9ad a5c 082008 1 0
ade9a1 a5c 082004 1 0
ade9a7 a5c 082002 1 0
ade9a4 a5c 082001 1 0
add1a5 a5c 081800 1 0
addda5 a5c 081400 1 0
addba5 a5c 081200 1 0
add8a5 a5c 081100 1 0
add925 a5c 081080 1 0
add9e5 a5c 081040 1 0
add985 a5c 081020 1 0
add9b5 a5c 081010 1 0
add9ad a5c 081008 1 0
add9a1 a5c 081004 1 0
add9a7 a5c 081002 1 0
add9a4 a5c 081001 1 0
adc5a5 a5c 080c00 1 0
adc3a5 a5c 080a00 1 0
adc0a5 a5c 080900 1 0
adc125 a5c 080880 1 0
adc1e5 a5c 080840 1 0
adc185 a5c 080820 1 0
adc1b5 a5c 080810 1 0
adc1ad a5c 080808 1 0
adc1a1 a5c 080804 1 0
adc1a7 a5c 080802 1 0
adc1a4 a5c 080801 1 0
adcfa5 a5c 080600 1 0
adcca5 a5c 080500 1 0
adcd25 a5c 080480 1 0
adcde5 a5c 080440 1 0
adcd85 a5c 080420 1 0
adcdb5 a5c 080410 1 0
adcdad a5c 080408 1 0
adcda1 a5c 080404 1 0
adcda7 a5c 080402 1 0
adcda4 a5c 080401 1 0
adcaa5 a5c 080300 1 0
adcb25 a5c 080280 1 0
adcbe5 a5c 080240 1 0
adcb85 a5c 080220 1 0
adcbb5 a5c 080210 1 0
adcbad a5c 080208 1 0
adcba1 a5c 080204 1 0
adcba7 a5c 080202 1 0
adcba4 a5c 080201 1 0
adc825 a5c 080180 1 0
adc8e5 a5c 080140 1 0
adc885 a5c 080120 1 0
adc8b5 a5c 080110 1 0
adc8ad a5c 080108 1 0
adc8a1 a5c 080104 1 0
adc8a7 a5c 080102 1 0
adc8a4 a5c 080101 1 0
adc965 a5c 0800c0 1 0
adc905 a5c 0800a0 1 0
adc935 a5c 080090 1 0
adc92d a5c 080088 1 0
adc921 a5c 080084 1 0
adc927 a5c 080082 1 0
adc924 a5c 080081 1 0
adc9c5 a5c 080060 1 0
adc9f5 a5c 080050 1 0
adc9ed a5c 080048 1 0
adc9e1 a5c 080044 1 0
adc9e7 a5c 080042 1 0
adc9e4 a5c 080041 1 0
adc995 a5c 080030 1 0
adc98d a5c 080028 1 0
adc981 a5c 080024 1 0
adc987 a5c 080022 1 0
adc984 a5c 080021 1 0
adc9bd a5c 080018 1 0
adc9b1 a5c 080014 1 0
adc9b7 a5c 080012 1 0
adc9b4 a5c 080011 1 0
adc9a9 a5c 08000c 1 0
adc9af a5c 08000a 1 0
adc9ac a5c 080009 1 0
adc9a3 a5c 080006 1 0
adc9a0 a5c 080005 1 0
adc9a6 a5c 080003 1 0
a2c9a5 a5c 070000 1 0
a349a5 a5c 068000 1 0
a389a5 a5c 064000 1 0
a3e9a5 a5c 062000 1 0
a3d9a5 a5c 061000 1 0
a3c1a5 a5c 060800 1 0
a3cda5 a5c 060400 1 0
a3cba5 a5c 060200 1 0
a3c8a5 a5c 060100 1 0
a3c925 a5c 060080 1 0
a3c9e5 a5c 060040 1 0
a3c985 a5c 060020 1 0
a3c9b5 a5c 060010 1 0
a3c9ad a5c 060008 1 0
a3c9a1 a5c 060004 1 0
a3c9a7 a5c 060002 1 0
a3c9a4 a5c 060001 1 0
a049a5 a5c 058000 1 0
a089a5 a5c 054000 1 0
a0e9a5 a5c 052000 1 0
a0d9a5 a5c 051000 1 0
a0c1a5 a5c 050800 1 0
a0cda5 a5c 050400 1 0
a0cba5 a5c 050200 1 0
a0c8a5 a5c 050100 1 0
a0c925 a5c 050080 1 0
a0c9e5 a5c 050040 1 0
a0c985 a5c 050020 1 0
a0c9b5 a5c 050010 1 0
a0c9ad a5c 050008 1 0
a0c9a1 a5c 050004 1 0
a0c9a7 a5c 050002 1 0
a0c9a4 a5c 050001 1 0
a109a5 a5c 04c000 1 0
a169a5 a5c 04a000 1 0
a159a5 a5c 049000 1 0
a141a5 a5c 048800 1 0
a14da5 a5c 048400 1 0
a14ba5 a5c 048200 1 0
a148a5 a5c 048100 1 0
a14925 a5c 048080 1 0
a149e5 a5c 048040 1 0
a14985 a5c 048020 1 0
a149b5 a5c 048010 1 0
a149ad a5c 048008 1 0
a149a1 a5c 048004 1 0
a149a7 a5c 048002 1 0
a149a4 a5c 048001 1 0
a1a9a5 a5c 046000 1 0
a199a5 a5c 045000 1 0
a181a5 a5c 044800 1 0
a18da5 a5c 044400 1 0
a18ba5 a5c 044200 1 0
a188a5 a5c 044100 1 0
a18925 a5c 044080 1 0
a189e5 a5c 044040 1 0
a18985 a5c 044020 1 0
a189b5 a5c 044010 1 0
a189ad a5c 044008 1 0
a189a1 a5c 044004 1 0
a189a7 a5c 044002 1 0
a189a4 a5c 044001 1 0
a1f9a5 a5c 043000 1 0
a1e1a5 a5c 042800 1 0
a1eda5 a5c 042400 1 0
a1eba5 a5c 042200 1 0
a1e8a5 a5c 042100 1 0
a1e925 a5c 042080 1 0
a1e9e5 a5c 042040 1 0
a1e985 a5c 042020 1 0
a1e9b5 a5c 042010 1 0
a1e9ad a5c 042008 1 0
a1e9a1 a5c 042004 1 0
a1e9a7 a5c 042002 1 0
a1e9a4 a5c 042001 1 0
a1d1a5 a5c 041800 1 0
a1dda5 a5c 041400 1 0
a1dba5 a5c 041200 1 0
a1d8a5 a5c 041100 1 0
a1d925 a5c 041080 1 0
a1d9e5 a5c 041040 1 0
a1d985 a5c 041020 1 0
a1d9b5 a5c 041010 1 0
a1d9ad a5c 041008 1 0
a1d9a1 a5c 041004 1 0
a1d9a7 a5c 041002 1 0
a1d9a4 a5c 041001 1 0
a1c5a5 a5c 040c00 1 0
a1c3a5 a5c 040a00 1 0
a1c0a5 a5c 040900 1 0
a1c125 a5c 040880 1 0
a1c1e5 a5c 040840 1 0
a1c185 a5c 040820 1 0
a1c1b5 a5c 040810 1 0
a1c1ad a5c 040808 1 0
a1c1a1 a5c 040804 1 0
a1c1a7 a5c 040802 1 0
a1c1a4 a5c 040801 1 0
a1cfa5 a5c 040600 1 0
a1cca5 a5c 040500 1 0
a1cd25 a5c 040480 1 0
a1cde5 a5c 040440 1 0
a1cd85 a5c 040420 1 0
a1cdb5 a5c 040410 1 0
a1cdad a5c 040408 1 0
a1cda1 a5c 040404 1 0
a1cda7 a5c 040402 1 0
a1cda4 a5c 040401 1 0
a1caa5 a5c 040300 1 0
a1cb25 a5c 040280 1 0
a1cbe5 a5c 040240 1 0
a1cb85 a5c 040220 1 0
a1cbb5 a5c 040210 1 0
a1cbad a5c 040208 1 0
a1cba1 a5c 040204 1 0
a1cba7 a5c 040202 1 0
a1cba4 a5c 040201 1 0
a1c825 a5c 040180 1 0
a1c8e5 a5c 040140 1 0
a1c885 a5c 040120 1 0
a1c8b5 a5c 040110 1 0
a1c8ad a5c 040108 1 0
a1c8a1 a5c 040104 1 0
a1c8a7 a5c 040102 1 0
a1c8a4 a5c 040101 1 0
a1c965 a5c 0400c0 1 0
a1c905 a5c 0400a0 1 0
a1c935 a5c 040090 1 0
a1c92d a5c 040088 1 0
a1c921 a5c 040084 1 0
a1c927 a5c 040082 1 0
a1c924 a5c 040081 1 0
a1c9c5 a5c 040060 1 0
a1c9f5 a5c 040050 1 0
a1c9ed a5c 040048 1 0
a1c9e1 a5c 040044 1 0
a1c9e7 a5c 040042 1 0
a1c9e4 a5c 040041 1 0
a1c995 a5c 040030 1 0
a1c98d a5c 040028 1 0
a1c981 a5c 040024 1 0
a1c987 a5c 040022 1 0
a1c984 a5c 040021 1 0
a1c9bd a5c 040018 1 0
a1c9b1 a5c 040014 1 0
a1c9b7 a5c 040012 1 0
a1c9b4 a5c 040011 1 0
a1c9a9 a5c 04000c 1 0
a1c9af a5c 04000a 1 0
a1c9ac a5c 040009 1 0
a1c9a3 a5c 040006 1 0
a1c9a0 a5c 040005 1 0
a1c9a6 a5c 040003 1 0
a649a5 a5c 038000 1 0
a689a5 a5c 034000 1 0
a6e9a5 a5c 032000 1 0
a6d9a5 a5c 031000 1 0
a6c1a5 a5c 030800 1 0
a6cda5 a5c 030400 1 0
a6cba5 a5c 030200 1 0
a6c8a5 a5c 030100 1 0
a6c925 a5c 030080 1 0
a6c9e5 a5c 030040 1 0
a6c985 a5c 030020 1 0
a6c9b5 a5c 030010 1 0
a6c9ad a5c 030008 1 0
a6c9a1 a5c 030004 1 0
a6c9a7 a5c 030002 1 0
a6c9a4 a5c 030001 1 0
a709a5 a5c 02c000 1 0
a769a5 a5c 02a000 1 0
a759a5 a5c 029000 1 0
a741a5 a5c 028800 1 0
a74da5 a5c 028400 1 0
a74ba5 a5c 028200 1 0
a748a5 a5c 028100 1 0
a74925 a5c 028080 1 0
a749e5 a5c 028040 1 0
a74985 a5c 028020 1 0
a749b5 a5c 028010 1 0
a749ad a5c 028008 1 0
a749a1 a5c 028004 1 0
a749a7 a5c 028002 1 0
a749a4 a5c 028001 1 0
a7a9a5 a5c 026000 1 0
a799a5 a5c 025000 1 0
a781a5 a5c 024800 1 0
a78da5 a5c 024400 1 0
a78ba5 a5c 024200 1 0
a788a5 a5c 024100 1 0
a78925 a5c 024080 1 0
a789e5 a5c 024040 1 0
a78985 a5c 024020 1 0
a789b5 a5c 024010 1 0
a789ad a5c 024008 1 0
a789a1 a5c 024004 1 0
a789a7 a5c 024002 1 0
a789a4 a5c 024001 1 0
a7f9a5 a5c 023000 1 0
a7e1a5 a5c 022800 1 0
a7eda5 a5c 022400 1 0
a7eba5 a5c 022200 1 0
a7e8a5 a5c 022100 1 0
a7e925 a5c 022080 1 0
a7e9e5 a5c 022040 1 0
a7e985 a5c 022020 1 0
a7e9b5 a5c 022010 1 0
a7e9ad a5c 022008 1 0
a7e9a1 a5c 022004 1 0
a7e9a7 a5c 022002 1 0
a7e9a4 a5c 022001 1 0
a7d1a5 a5c 021800 1 0
a7dda5 a5c 021400 1 0
a7dba5 a5c 021200 1 0
a7d8a5 a5c 021100 1 0
a7d925 a5c 021080 1 0
a7d9e5 a5c 021040 1 0
a7d985 a5c 021020 1 0
a7d9b5 a5c 021010 1 0
a7d9ad a5c 021008 1 0
a7d9a1 a5c 021004 1 0
a7d9a7 a5c 021002 1 0
a7d9a4 a5c 021001 1 0
a7c5a5 a5c 020c00 1 0
a7c3a5 a5c 020a00 1 0
a7c0a5 a5c 020900 1 0
a7c125 a5c 020880 1 0
a7c1e5 a5c 020840 1 0
a7c185 a5c 020820 1 0
a7c1b5 a5c 020810 1 0
a7c1ad a5c 020808 1 0
a7c1a1 a5c 020804 1 0
a7c1a7 a5c 020802 1 0
a7c1a4 a5c 020801 1 0
a7cfa5 a5c 020600 1 0
a7cca5 a5c 020500 1 0
a7cd25 a5c 020480 1 0
a7cde5 a5c 020440 1 0
a7cd85 a5c 020420 1 0
a7cdb5 a5c 020410 1 0
a7cdad a5c 020408 1 0
a7cda1 a5c 020404 1 0
a7cda7 a5c 020402 1 0
a7cda4 a5c 020401 1 0
a7caa5 a5c 020300 1 0
a7cb25 a5c 020280 1 0
a7cbe5 a5c 020240 1 0
a7cb85 a5c 020220 1 0
a7cbb5 a5c 020210 1 0
a7cbad a5c 020208 1 0
a7cba1 a5c 020204 1 0
a7cba7 a5c 020202 1 0
a7cba4 a5c 020201 1 0
a7c825 a5c 020180 1 0
a7c8e5 a5c 020140 1 0
a7c885 a5c 020120 1 0
a7c8b5 a5c 020110 1 0
a7c8ad a5c 020108 1 0
a7c8a1 a5c 020104 1 0
a7c8a7 a5c 020102 1 0
a7c8a4 a5c 020101 1 0
a7c965 a5c 0200c0 1 0
a7c905 a5c 0200a0 1 0
a7c935 a5c 020090 1 0
a7c92d a5c 020088 1 0
a7c921 a5c 020084 1 0
a7c927 a5c 020082 1 0
a7c924 a5c 020081 1 0
a7c9c5 a5c 020060 1 0
a7c9f5 a5c 020050 1 0
a7c9ed a5c 020048 1 0
a7c9e1 a5c 020044 1 0
a7c9e7 a5c 020042 1 0
a7c9e4 a5c 020041 1 0
a7c995 a5c 020030 1 0
a7c98d a5c 020028 1 0
a7c981 a5c 020024 1 0
a7c987 a5c 020022 1 0
a7c984 a5c 020021 1 0
a7c9bd a5c 020018 1 0
a7c9b1 a5c 020014 1 0
a7c9b7 a5c 020012 1 0
a7c9b4 a5c 020011 1 0
a7c9a9 a5c 02000c 1 0
a7c9af a5c 02000a 1 0
a7c9ac a5c 020009 1 0
a7c9a3 a5c 020006 1 0
a7c9a0 a5c 020005 1 0
a7c9a6 a5c 020003 1 0
a409a5 a5c 01c000 1 0
a469a5 a5c 01a000 1 0
a459a5 a5c 019000 1 0
a441a5 a5c 018800 1 0
a44da5 a5c 018400 1 0
a44ba5 a5c 018200 1 0
a448a5 a5c 018100 1 0
a44925 a5c 018080 1 0
a449e5 a5c 018040 1 0
a44985 a5c 018020 1 0
a449b5 a5c 018010 1 0
a449ad a5c 018008 1 0
a449a1 a5c 018004 1 0
a449a7 a5c 018002 1 0
a449a4 a5c 018001 1 0
a4a9a5 a5c 016000 1 0
a499a5 a5c 015000 1 0
a481a5 a5c 014800 1 0
a48da5 a5c 014400 1 0
a48ba5 a5c 014200 1 0
a488a5 a5c 014100 1 0
a48925 a5c 014080 1 0
a489e5 a5c 014040 1 0
a48985 a5c 014020 1 0
a489b5 a5c 014010 1 0
a489ad a5c 014008 1 0
a489a1 a5c 014004 1 0
a489a7 a5c 014002 1 0
a489a4 a5c 014001 1 0
a4f9a5 a5c 013000 1 0
a4e1a5 a5c 012800 1 0
a4eda5 a5c 012400 1 0
a4eba5 a5c 012200 1 0
a4e8a5 a5c 012100 1 0
a4e925 a5c 012080 1 0
a4e9e5 a5c 012040 1 0
a4e985 a5c 012020 1 0
a4e9b5 a5c 012010 1 0
a4e9ad a5c 012008 1 0
a4e9a1 a5c 012004 1 0
a4e9a7 a5c 012002 1 0
a4e9a4 a5c 012001 1 0
a4d1a5 a5c 011800 1 0
a4dda5 a5c 011400 1 0
a4dba5 a5c 011200 1 0
a4d8a5 a5c 011100 1 0
a4d925 a5c 011080 1 0
a4d9e5 a5c 011040 1 0
a4d985 a5c 011020 1 0
a4d9b5 a5c 011010 1 0
a4d9ad a5c 011008 1 0
a4d9a1 a5c 011004 1 0
a4d9a7 a5c 011002 1 0
a4d9a4 a5c 011001 1 0
a4c5a5 a5c 010c00 1 0
a4c3a5 a5c 010a00 1 0
a4c0a5 a5c 010900 1 0
a4c125 a5c 010880 1 0
a4c1e5 a5c 010840 1 0
a4c185 a5c 010820 1 0
a4c1b5 a5c 010810 1 0
a4c1ad a5c 010808 1 0
a4c1a1 a5c 010804 1 0
a4c1a7 a5c 010802 1 0
a4c1a4 a5c 010801 1 0
a4cfa5 a5c 010600 1 0
a4cca5 a5c 010500 1 0
a4cd25 a5c 010480 1 0
a4cde5 a5c 010440 1 0
a4cd85 a5c 010420 1 0
a4cdb5 a5c 010410 1 0
a4cdad a5c 010408 1 0
a4cda1 a5c 010404 1 0
a4cda7 a5c 010402 1 0
a4cda4 a5c 010401 1 0
a4caa5 a5c 010300 1 0
a4cb25 a5c 010280 1 0
a4cbe5 a5c 010240 1 0
a4cb85 a5c 010220 1 0
a4cbb5 a5c 010210 1 0
a4cbad a5c 010208 1 0
a4cba1 a5c 010204 1 0
a4cba7 a5c 010202 1 0
a4cba4 a5c 010201 1 0
a4c825 a5c 010180 1 0
a4c8e5 a5c 010140 1 0
a4c885 a5c 010120 1 0
a4c8b5 a5c 010110 1 0
a4c8ad a5c 010108 1 0
a4c8a1 a5c 010104 1 0
a4c8a7 a5c 010102 1 0
a4c8a4 a5c 010101 1 0
a4c965 a5c 0100c0 1 0
a4c905 a5c 0100a0 1 0
a4c935 a5c 010090 1 0
a4c92d a5c 010088 1 0
a4c921 a5c 010084 1 0
a4c927 a5c 010082 1 0
a4c924 a5c 010081 1 0
a4c9c5 a5c 010060 1 0
a4c9f5 a5c 010050 1 0
a4c9ed a5c 010048 1 0
a4c9e1 a5c 010044 1 0
a4c9e7 a5c 010042 1 0
a4c9e4 a5c 010041 1 0
a4c995 a5c 010030 1 0
a4c98d a5c 010028 1 0
a4c981 a5c 010024 1 0
a4c987 a5c 010022 1 0
a4c984 a5c 010021 1 0
a4c9bd a5c 010018 1 0
a4c9b1 a5c 010014 1 0
a4c9b7 a5c 010012 1 0
a4c9b4 a5c 010011 1 0
a4c9a9 a5c 01000c 1 0
a4c9af a5c 01000a 1 0
a4c9ac a5c 010009 1 0
a4c9a3 a5c 010006 1 0
a4c9a0 a5c 010005 1 0
a4c9a6 a5c 010003 1 0
a529a5 a5c 00e000 1 0
a519a5 a5c 00d000 1 0
a501a5 a5c 00c800 1 0
a50da5 a5c 00c400 1 0
a50ba5 a5c 00c200 1 0
a508a5 a5c 00c100 1 0
a50925 a5c 00c080 1 0
a509e5 a5c 00c040 1 0
a50985 a5c 00c020 1 0
a509b5 a5c 00c010 1 0
a509ad a5c 00c008 1 0
a509a1 a5c 00c004 1 0
a509a7 a5c 00c002 1 0
a509a4 a5c 00c001 1 0
a579a5 a5c 00b000 1 0
a561a5 a5c 00a800 1 0
a56da5 a5c 00a400 1 0
a56ba5 a5c 00a200 1 0
a568a5 a5c 00a100 1 0
a56925 a5c 00a080 1 0
a569e5 a5c 00a040 1 0
a56985 a5c 00a020 1 0
a569b5 a5c 00a010 1 0
a569ad a5c 00a008 1 0
a569a1 a5c 00a004 1 0
a569a7 a5c 00a002 1 0
a569a4 a5c 00a001 1 0
a551a5 a5c 009800 1 0
a55da5 a5c 009400 1 0
a55ba5 a5c 009200 1 0
a558a5 a5c 009100 1 0
a55925 a5c 009080 1 0
a559e5 a5c 009040 1 0
a55985 a5c 009020 1 0
a559b5 a5c 009010 1 0
a559ad a5c 009008 1 0
a559a1 a5c 009004 1 0
a559a7 a5c 009002 1 0
a559a4 a5c 009001 1 0
a545a5 a5c 008c00 1 0
a543a5 a5c 008a00 1 0
a540a5 a5c 008900 1 0
a54125 a5c 008880 1 0
a541e5 a5c 008840 1 0
a54185 a5c 008820 1 0
a541b5 a5c 008810 1 0
a541ad a5c 008808 1 0
a541a1 a5c 008804 1 0
a541a7 a5c 008802 1 0
a541a4 a5c 008801 1 0
a54fa5 a5c 008600 1 0
a54ca5 a5c 008500 1 0
a54d25 a5c 008480 1 0
a54de5 a5c 008440 1 0
a54d85 a5c 008420 1 0
a54db5 a5c 008410 1 0
a54dad a5c 008408 1 0
a54da1 a5c 008404 1 0
a54da7 a5c 008402 1 0
a54da4 a5c 008401 1 0
a54aa5 a5c 008300 1 0
a54b25 a5c 008280 1 0
a54be5 a5c 008240 1 0
a54b85 a5c 008220 1 0
a54bb5 a5c 008210 1 0
a54bad a5c 008208 1 0
a54ba1 a5c 008204 1 0
a54ba7 a5c 008202 1 0
a54ba4 a5c 008201 1 0
a54825 a5c 008180 1 0
a548e5 a5c 008140 1 0
a54885 a5c 008120 1 0
a548b5 a5c 008110 1 0
a548ad a5c 008108 1 0
a548a1 a5c 008104 1 0
a548a7 a5c 008102 1 0
a548a4 a5c 008101 1 0
a54965 a5c 0080c0 1 0
a54905 a5c 0080a0 1 0
a54935 a5c 008090 1 0
a5492d a5c 008088 1 0
a54921 a5c 008084 1 0
a54927 a5c 008082 1 0
a54924 a5c 008081 1 0
a549c5 a5c 008060 1 0
a549f5 a5c 008050 1 0
a549ed a5c 008048 1 0
a549e1 a5c 008044 1 0
a549e7 a5c 008042 1 0
a549e4 a5c 008041 1 0
a54995 a5c 008030 1 0
a5498d a5c 008028 1 0
a54981 a5c 008024 1 0
a54987 a5c 008022 1 0
a54984 a5c 008021 1 0
a549bd a5c 008018 1 0
a549b1 a5c 008014 1 0
a549b7 a5c 008012 1 0
a549b4 a5c 008011 1 0
a549a9 a5c 00800c 1 0
a549af a5c 00800a 1 0
a549ac a5c 008009 1 0
a549a3 a5c 008006 1 0
a549a0 a5c 008005 1 0
a549a6 a5c 008003 1 0
a5b9a5 a5c 007000 1 0
a5a1a5 a5c 006800 1 0
a5ada5 a5c 006400 1 0
a5aba5 a5c 006200 1 0
a5a8a5 a5c 006100 1 0
a5a925 a5c 006080 1 0
a5a9e5 a5c 006040 1 0
a5a985 a5c 006020 1 0
a5a9b5 a5c 006010 1 0
a5a9ad a5c 006008 1 0
a5a9a1 a5c 006004 1 0
a5a9a7 a5c 006002 1 0
a5a9a4 a5c 006001 1 0
a591a5 a5c 005800 1 0
a59da5 a5c 005400 1 0
a59ba5 a5c 005200 1 0
a598a5 a5c 005100 1 0
a59925 a5c 005080 1 0
a599e5 a5c 005040 1 0
a59985 a5c 005020 1 0
a599b5 a5c 005010 1 0
a599ad a5c 005008 1 0
a599a1 a5c 005004 1 0
a599a7 a5c 005002 1 0
a599a4 a5c 005001 1 0
a585a5 a5c 004c00 1 0
a583a5 a5c 004a00 1 0
a580a5 a5c 004900 1 0
a58125 a5c 004880 1 0
a581e5 a5c 004840 1 0
a58185 a5c 004820 1 0
a581b5 a5c 004810 1 0
a581ad a5c 004808 1 0
a581a1 a5c 004804 1 0
a581a7 a5c 004802 1 0
a581a4 a5c 004801 1 0
a58fa5 a5c 004600 1 0
a58ca5 a5c 004500 1 0
a58d25 a5c 004480 1 0
a58de5 a5c 004440 1 0
a58d85 a5c 004420 1 0
a58db5 a5c 004410 1 0
a58dad a5c 004408 1 0
a58da1 a5c 004404 1 0
a58da7 a5c 004402 1 0
a58da4 a5c 004401 1 0
a58aa5 a5c 004300 1 0
a58b25 a5c 004280 1 0
a58be5 a5c 004240 1 0
a58b85 a5c 004220 1 0
a58bb5 a5c 004210 1 0
a58bad a5c 004208 1 0
a58ba1 a5c 004204 1 0
a58ba7 a5c 004202 1 0
a58ba4 a5c 004201 1 0
a58825 a5c 004180 1 0
a588e5 a5c 004140 1 0
a58885 a5c 004120 1 0
a588b5 a5c 004110 1 0
a588ad a5c 004108 1 0
a588a1 a5c 004104 1 0
a588a7 a5c 004102 1 0
a588a4 a5c 004101 1 0
a58965 a5c 0040c0 1 0
a58905 a5c 0040a0 1 0
a58935 a5c 004090 1 0
a5892d a5c 004088 1 0
a58921 a5c 004084 1 0
a58927 a5c 004082 1 0
a58924 a5c 004081 1 0
a589c5 a5c 004060 1 0
a589f5 a5c 004050 1 0
a589ed a5c 004048 1 0
a589e1 a5c 004044 1 0
a589e7 a5c 004042 1 0
a589e4 a5c 004041 1 0
a58995 a5c 004030 1 0
a5898d a5c 004028 1 0
a58981 a5c 004024 1 0
a58987 a5c 004022 1 0
a58984 a5c 004021 1 0
a589bd a5c 004018 1 0
a589b1 a5c 004014 1 0
a589b7 a5c 004012 1 0
a589b4 a5c 004011 1 0
a589a9 a5c 00400c 1 0
a589af a5c 00400a 1 0
a589ac a5c 004009 1 0
a589a3 a5c 004006 1 0
a589a0 a5c 004005 1 0
a589a6 a5c 004003 1 0
a5f1a5 a5c 003800 1 0
a5fda5 a5c 003400 1 0
a5fba5 a5c 003200 1 0
a5f8a5 a5c 003100 1 0
a5f925 a5c 003080 1 0
a5f9e5 a5c 003040 1 0
a5f985 a5c 003020 1 0
a5f9b5 a5c 003010 1 0
a5f9ad a5c 003008 1 0
a5f9a1 a5c 003004 1 0
a5f9a7 a5c 003002 1 0
a5f9a4 a5c 003001 1 0
a5e5a5 a5c 002c00 1 0
a5e3a5 a5c 002a00 1 0
a5e0a5 a5c 002900 1 0
a5e125 a5c 002880 1 0
a5e1e5 a5c 002840 1 0
a5e185 a5c 002820 1 0
a5e1b5 a5c 002810 1 0
a5e1ad a5c 002808 1 0
a5e1a1 a5c 002804 1 0
a5e1a7 a5c 002802 1 0
a5e1a4 a5c 002801 1 0
a5efa5 a5c 002600 1 0
a5eca5 a5c 002500 1 0
a5ed25 a5c 002480 1 0
a5ede5 a5c 002440 1 0
a5ed85 a5c 002420 1 0
a5edb5 a5c 002410 1 0
a5edad a5c 002408 1 0
a5eda1 a5c 002404 1 0
a5eda7 a5c 002402 1 0
a5eda4 a5c 002401 1 0
a5eaa5 a5c 002300 1 0
a5eb25 a5c 002280 1 0
a5ebe5 a5c 002240 1 0
a5eb85 a5c 002220 1 0
a5ebb5 a5c 002210 1 0
a5ebad a5c 002208 1 0
a5eba1 a5c 002204 1 0
a5eba7 a5c 002202 1 0
a5eba4 a5c 002201 1 0
a5e825 a5c 002180 1 0
a5e8e5 a5c 002140 1 0
a5e885 a5c 002120 1 0
a5e8b5 a5c 002110 1 0
a5e8ad a5c 002108 1 0
a5e8a1 a5c 002104 1 0
a5e8a7 a5c 002102 1 0
a5e8a4 a5c 002101 1 0
a5e965 a5c 0020c0 1 0
a5e905 a5c 0020a0 1 0
a5e935 a5c 002090 1 0
a5e92d a5c 002088 1 0
a5e921 a5c 002084 1 0
a5e927 a5c 002082 1 0
a5e924 a5c 002081 1 0
a5e9c5 a5c 002060 1 0
a5e9f5 a5c 002050 1 0
a5e9ed a5c 002048 1 0
a5e9e1 a5c 002044 1 0
a5e9e7 a5c 002042 1 0
a5e9e4 a5c 002041 1 0
a5e995 a5c 002030 1 0
a5e98d a5c 002028 1 0
a5e981 a5c 002024 1 0
a5e987 a5c 002022 1 0
a5e984 a5c 002021 1 0
a5e9bd a5c 002018 1 0
a5e9b1 a5c 002014 1 0
a5e9b7 a5c 002012 1 0
a5e9b4 a5c 002011 1 0
a5e9a9 a5c 00200c 1 0
a5e9af a5c 00200a 1 0
a5e9ac a5c 002009 1 0
a5e9a3 a5c 002006 1 0
a5e9a0 a5c 002005 1 0
a5e9a6 a5c 002003 1 0
a5d5a5 a5c 001c00 1 0
a5d3a5 a5c 001a00 1 0
a5d0a5 a5c 001900 1 0
a5d125 a5c 001880 1 0
a5d1e5 a5c 001840 1 0
a5d185 a5c 001820 1 0
a5d1b5 a5c 001810 1 0
a5d1ad a5c 001808 1 0
a5d1a1 a5c 001804 1 0
a5d1a7 a5c 001802 1 0
a5d1a4 a5c 001801 1 0
a5dfa5 a5c 001600 1 0
a5dca5 a5c 001500 1 0
a5dd25 a5c 001480 1 0
a5dde5 a5c 001440 1 0
a5dd85 a5c 001420 1 0
a5ddb5 a5c 001410 1 0
a5ddad a5c 001408 1 0
a5dda1 a5c 001404 1 0
a5dda7 a5c 001402 1 0
a5dda4 a5c 001401 1 0
a5daa5 a5c 001300 1 0
a5db25 a5c 001280 1 0
a5dbe5 a5c 001240 1 0
a5db85 a5c 001220 1 0
a5dbb5 a5c 001210 1 0
a5dbad a5c 001208 1 0
a5dba1 a5c 001204 1 0
a5dba7 a5c 001202 1 0
a5dba4 a5c 001201 1 0
a5d825 a5c 001180 1 0
a5d8e5 a5c 001140 1 0
a5d885 a5c 001120 1 0
a5d8b5 a5c 001110 1 0
a5d8ad a5c 001108 1 0
a5d8a1 a5c 001104 1 0
a5d8a7 a5c 001102 1 0
a5d8a4 a5c 001101 1 0
a5d965 a5c 0010c0 1 0
a5d905 a5c 0010a0 1 0
a5d935 a5c 001090 1 0
a5d92d a5c 001088 1 0
a5d921 a5c 001084 1 0
a5d927 a5c 001082 1 0
a5d924 a5c 001081 1 0
a5d9c5 a5c 001060 1 0
a5d9f5 a5c 001050 1 0
a5d9ed a5c 001048 1 0
a5d9e1 a5c 001044 1 0
a5d9e7 a5c 001042 1 0
a5d9e4 a5c 001041 1 0
a5d995 a5c 001030 1 0
a5d98d a5c 001028 1 0
a5d981 a5c 001024 1 0
a5d987 a5c 001022 1 0
a5d984 a5c 001021 1 0
a5d9bd a5c 001018 1 0
a5d9b1 a5c 001014 1 0
a5d9b7 a5c 001012 1 0
a5d9b4 a5c 001011 1 0
a5d9a9 a5c 00100c 1 0
a5d9af a5c 00100a 1 0
a5d9ac a5c 001009 1 0
a5d9a3 a5c 001006 1 0
a5d9a0 a5c 001005 1 0
a5d9a6 a5c 001003 1 0
a5c7a5 a5c 000e00 1 0
a5c4a5 a5c 000d00 1 0
a5c525 a5c 000c80 1 0
a5c5e5 a5c 000c40 1 0
a5c585 a5c 000c20 1 0
a5c5b5 a5c 000c10 1 0
a5c5ad a5c 000c08 1 0
a5c5a1 a5c 000c04 1 0
a5c5a7 a5c 000c02 1 0
a5c5a4 a5c 000c01 1 0
a5c2a5 a5c 000b00 1 0
a5c325 a5c 000a80 1 0
a5c3e5 a5c 000a40 1 0
a5c385 a5c 000a20 1 0
a5c3b5 a5c 000a10 1 0
a5c3ad a5c 000a08 1 0
a5c3a1 a5c 000a04 1 0
a5c3a7 a5c 000a02 1 0
a5c3a4 a5c 000a01 1 0
a5c025 a5c 000980 1 0
a5c0e5 a5c 000940 1 0
a5c085 a5c 000920 1 0
a5c0b5 a5c 000910 1 0
a5c0ad a5c 000908 1 0
a5c0a1 a5c 000904 1 0
a5c0a7 a5c 000902 1 0
a5c0a4 a5c 000901 1 0
a5c165 a5c 0008c0 1 0
a5c105 a5c 0008a0 1 0
a5c135 a5c 000890 1 0
a5c12d a5c 000888 1 0
a5c121 a5c 000884 1 0
a5c127 a5c 000882 1 0
a5c124 a5c 000881 1 0
a5c1c5 a5c 000860 1 0
a5c1f5 a5c 000850 1 0
a5c1ed a5c 000848 1 0
a5c1e1 a5c 000844 1 0
a5c1e7 a5c 000842 1 0
a5c1e4 a5c 000841 1 0
a5c195 a5c 000830 1 0
a5c18d a5c 000828 1 0
a5c181 a5c 000824 1 0
a5c187 a5c 000822 1 0
a5c184 a5c 000821 1 0
a5c1bd a5c 000818 1 0
a5c1b1 a5c 000814 1 0
a5c1b7 a5c 000812 1 0
a5c1b4 a5c 000811 1 0
a5c1a9 a5c 00080c 1 0
a5c1af a5c 00080a 1 0
a5c1ac a5c 000809 1 0
a5c1a3 a5c 000806 1 0
a5c1a0 a5c 000805 1 0
a5c1a6 a5c 000803 1 0
a5cea5 a5c 000700 1 0
a5cf25 a5c 000680 1 0
a5cfe5 a5c 000640 1 0
a5cf85 a5c 000620 1 0
a5cfb5 a5c 000610 1 0
a5cfad a5c 000608 1 0
a5cfa1 a5c 000604 1 0
a5cfa7 a5c 000602 1 0
a5cfa4 a5c 000601 1 0
a5cc25 a5c 000580 1 0
a5cce5 a5c 000540 1 0
a5cc85 a5c 000520 1 0
a5ccb5 a5c 000510 1 0
a5ccad a5c 000508 1 0
a5cca1 a5c 000504 1 0
a5cca7 a5c 000502 1 0
a5cca4 a5c 000501 1 0
a5cd65 a5c 0004c0 1 0
a5cd05 a5c 0004a0 1 0
a5cd35 a5c 000490 1 0
a5cd2d a5c 000488 1 0
a5cd21 a5c 000484 1 0
a5cd27 a5c 000482 1 0
a5cd24 a5c 000481 1 0
a5cdc5 a5c 000460 1 0
a5cdf5 a5c 000450 1 0
a5cded a5c 000448 1 0
a5cde1 a5c 000444 1 0
a5cde7 a5c 000442 1 0
a5cde4 a5c 000441 1 0
a5cd95 a5c 000430 1 0
a5cd8d a5c 000428 1 0
a5cd81 a5c 000424 1 0
a5cd87 a5c 000422 1 0
a5cd84 a5c 000421 1 0
a5cdbd a5c 000418 1 0
a5cdb1 a5c 000414 1 0
a5cdb7 a5c 000412 1 0
a5cdb4 a5c 000411 1 0
a5cda9 a5c 00040c 1 0
a5cdaf a5c 00040a 1 0
a5cdac a5c 000409 1 0
a5cda3 a5c 000406 1 0
a5cda0 a5c 000405 1 0
a5cda6 a5c 000403 1 0
a5ca25 a5c 000380 1 0
a5cae5 a5c 000340 1 0
a5ca85 a5c 000320 1 0
a5cab5 a5c 000310 1 0
a5caad a5c 000308 1 0
a5caa1 a5c 000304 1 0
a5caa7 a5c 000302 1 0
a5caa4 a5c 000301 1 0
a5cb65 a5c 0002c0 1 0
a5cb05 a5c 0002a0 1 0
a5cb35 a5c 000290 1 0
a5cb2d a5c 000288 1 0
a5cb21 a5c 000284 1 0
a5cb27 a5c 000282 1 0
a5cb24 a5c 000281 1 0
a5cbc5 a5c 000260 1 0
a5cbf5 a5c 000250 1 0
a5cbed a5c 000248 1 0
a5cbe1 a5c 000244 1 0
a5cbe7 a5c 000242 1 0
a5cbe4 a5c 000241 1 0
a5cb95 a5c 000230 1 0
a5cb8d a5c 000228 1 0
a5cb81 a5c 000224 1 0
a5cb87 a5c 000222 1 0
a5cb84 a5c 000221 1 0
a5cbbd a5c 000218 1 0
a5cbb1 a5c 000214 1 0
a5cbb7 a5c 000212 1 0
a5cbb4 a5c 000211 1 0
a5cba9 a5c 00020c 1 0
a5cbaf a5c 00020a 1 0
a5cbac a5c 000209 1 0
a5cba3 a5c 000206 1 0
a5cba0 a5c 000205 1 0
a5cba6 a5c 000203 1 0
a5c865 a5c 0001c0 1 0
a5c805 a5c 0001a0 1 0
a5c835 a5c 000190 1 0
a5c82d a5c 000188 1 0
a5c821 a5c 000184 1 0
a5c827 a5c 000182 1 0
a5c824 a5c 000181 1 0
a5c8c5 a5c 000160 1 0
a5c8f5 a5c 000150 1 0
a5c8ed a5c 000148 1 0
a5c8e1 a5c 000144 1 0
a5c8e7 a5c 000142 1 0
a5c8e4 a5c 000141 1 0
a5c895 a5c 000130 1 0
a5c88d a5c 000128 1 0
a5c881 a5c 000124 1 0
a5c887 a5c 000122 1 0
a5c884 a5c 000121 1 0
a5c8bd a5c 000118 1 0
a5c8b1 a5c 000114 1 0
a5c8b7 a5c 000112 1 0
a5c8b4 a5c 000111 1 0
a5c8a9 a5c 00010c 1 0
a5c8af a5c 00010a 1 0
a5c8ac a5c 000109 1 0
a5c8a3 a5c 000106 1 0
a5c8a0 a5c 000105 1 0
a5c8a6 a5c 000103 1 0
a5c945 a5c 0000e0 1 0
a5c975 a5c 0000d0 1 0
a5c96d a5c 0000c8 1 0
a5c961 a5c 0000c4 1 0
a5c967 a5c 0000c2 1 0
a5c964 a5c 0000c1 1 0
a5c915 a5c 0000b0 1 0
a5c90d a5c 0000a8 1 0
a5c901 a5c 0000a4 1 0
a5c907 a5c 0000a2 1 0
a5c904 a5c 0000a1 1 0
a5c93d a5c 000098 1 0
a5c931 a5c 000094 1 0
a5c937 a5c 000092 1 0
a5c934 a5c 000091 1 0
a5c929 a5c 00008c 1 0
a5c92f a5c 00008a 1 0
a5c92c a5c 000089 1 0
a5c923 a5c 000086 1 0
a5c920 a5c 000085 1 0
a5c926 a5c 000083 1 0
a5c9d5 a5c 000070 1 0
a5c9cd a5c 000068 1 0
a5c9c1 a5c 000064 1 0
a5c9c7 a5c 000062 1 0
a5c9c4 a5c 000061 1 0
a5c9fd a5c 000058 1 0
a5c9f1 a5c 000054 1 0
a5c9f7 a5c 000052 1 0
a5c9f4 a5c 000051 1 0
a5c9e9 a5c 00004c 1 0
a5c9ef a5c 00004a 1 0
a5c9ec a5c 000049 1 0
a5c9e3 a5c 000046 1 0
a5c9e0 a5c 000045 1 0
a5c9e6 a5c 000043 1 0
a5c99d a5c 000038 1 0
a5c991 a5c 000034 1 0
a5c997 a5c 000032 1 0
a5c994 a5c 000031 1 0
a5c989 a5c 00002c 1 0
a5c98f a5c 00002a 1 0
a5c98c a5c 000029 1 0
a5c983 a5c 000026 1 0
a5c980 a5c 000025 1 0
a5c986 a5c 000023 1 0
a5c9b9 a5c 00001c 1 0
a5c9bf a5c 00001a 1 0
a5c9bc a5c 000019 1 0
a5c9b3 a5c 000016 1 0
a5c9b0 a5c 000015 1 0
a5c9b6 a5c 000013 1 0
a5c9ab a5c 00000e 1 0
a5c9a8 a5c 00000d 1 0
a5c9ae a5c 00000b 1 0
a5c9a2 a5c 000007 1 0
55c9a5 000 000000 0 1
4dc9a5 000 000000 0 1
41c9a5 000 000000 0 1
47c9a5 000 000000 0 1
44c9a5 000 000000 0 1
4549a5 000 000000 0 1
4589a5 000 000000 0 1
45e9a5 000 000000 0 1
45d9a5 000 000000 0 1
45c1a5 000 000000 0 1
45cda5 000 000000 0 1
45cba5 000 000000 0 1
45c8a5 000 000000 0 1
45c925 000 000000 0 1
45c9e5 000 000000 0 1
45c985 000 000000 0 1
45c9b5 000 000000 0 1
45c9ad 000 000000 0 1
45c9a1 000 000000 0 1
45c9a7 000 000000 0 1
45c9a4 000 000000 0 1
7dc9a5 000 000000 0 1
71c9a5 000 000000 0 1
77c9a5 000 000000 0 1
74c9a5 000 000000 0 1
7549a5 000 000000 0 1
7589a5 000 000000 0 1
75e9a5 000 000000 0 1
75d9a5 000 000000 0 1
75c1a5 000 000000 0 1
75cda5 000 000000 0 1
75cba5 000 000000 0 1
75c8a5 000 000000 0 1
75c925 000 000000 0 1
75c9e5 000 000000 0 1
75c985 000 000000 0 1
75c9b5 000 000000 0 1
75c9ad 000 000000 0 1
75c9a1 000 000000 0 1
75c9a7 000 000000 0 1
75c9a4 000 000000 0 1
69c9a5 000 000000 0 1
6fc9a5 000 000000 0 1
6cc9a5 000 000000 0 1
6d49a5 000 000000 0 1
6d89a5 000 000000 0 1
6de9a5 000 000000 0 1
6dd9a5 000 000000 0 1
6dc1a5 000 000000 0 1
6dcda5 000 000000 0 1
6dcba5 000 000000 0 1
6dc8a5 000 000000 0 1
6dc925 000 000000 0 1
6dc9e5 000 000000 0 1
6dc985 000 000000 0 1
6dc9b5 000 000000 0 1
6dc9ad 000 000000 0 1
6dc9a1 000 000000 0 1
6dc9a7 000 000000 0 1
6dc9a4 000 000000 0 1
63c9a5 000 000000 0 1
60c9a5 000 000000 0 1
6149a5 000 000000 0 1
6189a5 000 000000 0 1
61e9a5 000 000000 0 1
61d9a5 000 000000 0 1
61c1a5 000 000000 0 1
61cda5 000 000000 0 1
61cba5 000 000000 0 1
61c8a5 000 000000 0 1
61c925 000 000000 0 1
61c9e5 000 000000 0 1
61c985 000 000000 0 1
61c9b5 000 000000 0 1
61c9ad 000 000000 0 1
61c9a1 000 000000 0 1
61c9a7 000 000000 0 1
61c9a4 000 000000 0 1
66c9a5 000 000000 0 1
6749a5 000 000000 0 1
6789a5 000 000000 0 1
67e9a5 000 000000 0 1
67d9a5 000 000000 0 1
67c1a5 000 000000 0 1
67cda5 000 000000 0 1
67cba5 000 000000 0 1
67c8a5 000 000000 0 1
67c925 000 000000 0 1
67c9e5 000 000000 0 1
67c985 000 000000 0 1
67c9b5 000 000000 0 1
67c9ad 000 000000 0 1
67c9a1 000 000000 0 1
67c9a7 000 000000 0 1
67c9a4 000 000000 0 1
6449a5 000 000000 0 1
6489a5 000 000000 0 1
64e9a5 000 000000 0 1
64d9a5 000 000000 0 1
64c1a5 000 000000 0 1
64cda5 000 000000 0 1
64cba5 000 000000 0 1
64c8a5 000 000000 0 1
64c925 000 000000 0 1
64c9e5 000 000000 0 1
64c985 000 000000 0 1
64c9b5 000 000000 0 1
64c9ad 000 000000 0 1
64c9a1 000 000000 0 1
64c9a7 000 000000 0 1
64c9a4 000 000000 0 1
6509a5 000 000000 0 1
6569a5 000 000000 0 1
6559a5 000 000000 0 1
6541a5 000 000000 0 1
654da5 000 000000 0 1
654ba5 000 000000 0 1
6548a5 000 000000 0 1
654925 000 000000 0 1
6549e5 000 000000 0 1
654985 000 000000 0 1
6549b5 000 000000 0 1
6549ad 000 000000 0 1
6549a1 000 000000 0 1
6549a7 000 000000 0 1
6549a4 000 000000 0 1
65a9a5 000 000000 0 1
6599a5 000 000000 0 1
6581a5 000 000000 0 1
658da5 000 000000 0 1
658ba5 000 000000 0 1
6588a5 000 000000 0 1
658925 000 000000 0 1
6589e5 000 000000 0 1
658985 000 000000 0 1
6589b5 000 000000 0 1
6589ad 000 000000 0 1
6589a1 000 000000 0 1
6589a7 000 000000 0 1
6589a4 000 000000 0 1
65f9a5 000 000000 0 1
65e1a5 000 000000 0 1
65eda5 000 000000 0 1
65eba5 000 000000 0 1
65e8a5 000 000000 0 1
65e925 000 000000 0 1
65e9e5 000 000000 0 1
65e985 000 000000 0 1
65e9b5 000 000000 0 1
65e9ad 000 000000 0 1
65e9a1 000 000000 0 1
65e9a7 000 000000 0 1
65e9a4 000 000000 0 1
65d1a5 000 000000 0 1
65dda5 000 000000 0 1
65dba5 000 000000 0 1
65d8a5 000 000000 0 1
65d925 000 000000 0 1
65d9e5 000 000000 0 1
65d985 000 000000 0 1
65d9b5 000 000000 0 1
65d9ad 000 000000 0 1
65d9a1 000 000000 0 1
65d9a7 000 000000 0 1
65d9a4 000 000000 0 1
65c5a5 000 000000 0 1
65c3a5 000 000000 0 1
65c0a5 000 000000 0 1
65c125 000 000000 0 1
65c1e5 000 000000 0 1
65c185 000 000000 0 1
65c1b5 000 000000 0 1
65c1ad 000 000000 0 1
65c1a1 000 000000 0 1
65c1a7 000 000000 0 1
65c1a4 000 000000 0 1
65cfa5 000 000000 0 1
65cca5 000 000000 0 1
65cd25 000 000000 0 1
65cde5 000 000000 0 1
65cd85 000 000000 0 1
65cdb5 000 000000 0 1
65cdad 000 000000 0 1
65cda1 000 000000 0 1
65cda7 000 000000 0 1
65cda4 000 000000 0 1
65caa5 000 000000 0 1
65cb25 000 000000 0 1
65cbe5 000 000000 0 1
65cb85 000 000000 0 1
65cbb5 000 000000 0 1
65cbad 000 000000 0 1
65cba1 000 000000 0 1
65cba7 000 000000 0 1
65cba4 000 000000 0 1
65c825 000 000000 0 1
65c8e5 000 000000 0 1
65c885 000 000000 0 1
65c8b5 000 000000 0 1
65c8ad 000 000000 0 1
65c8a1 000 000000 0 1
65c8a7 000 000000 0 1
65c8a4 000 000000 0 1
65c965 000 000000 0 1
65c905 000 000000 0 1
65c935 000 000000 0 1
65c92d 000 000000 0 1
65c921 000 000000 0 1
65c927 000 000000 0 1
65c924 000 000000 0 1
65c9c5 000 000000 0 1
65c9f5 000 000000 0 1
65c9ed 000 000000 0 1
65c9e1 000 000000 0 1
65c9e7 000 000000 0 1
65c9e4 000 000000 0 1
65c995 000 000000 0 1
65c98d 000 000000 0 1
65c981 000 000000 0 1
65c987 000 000000 0 1
65c984 000 000000 0 1
65c9bd 000 000000 0 1
65c9b1 000 000000 0 1
65c9b7 000 000000 0 1
65c9b4 000 000000 0 1
65c9a9 000 000000 0 1
65c9af 000 000000 0 1
65c9ac 000 000000 0 1
65c9a3 000 000000 0 1
65c9a0 000 000000 0 1
65c9a6 000 000000 0 1
1dc9a5 000 000000 0 1
11c9a5 000 000000 0 1
17c9a5 000 000000 0 1
14c9a5 000 000000 0 1
1549a5 000 000000 0 1
1589a5 000 000000 0 1
15e9a5 000 000000 0 1
15d9a5 000 000000 0 1
15c1a5 000 000000 0 1
15cda5 000 000000 0 1
15cba5 000 000000 0 1
15c8a5 000 000000 0 1
15c925 000 000000 0 1
15c9e5 000 000000 0 1
15c985 000 000000 0 1
15c9b5 000 000000 0 1
15c9ad 000 000000 0 1
15c9a1 000 000000 0 1
15c9a7 000 000000 0 1
15c9a4 000 000000 0 1
09c9a5 000 000000 0 1
0fc9a5 000 000000 0 1
0cc9a5 000 000000 0 1
0d49a5 000 000000 0 1
0d89a5 000 000000 0 1
0de9a5 000 000000 0 1
0dd9a5 000 000000 0 1
0dc1a5 000 000000 0 1
0dcda5 000 000000 0 1
0dcba5 000 000000 0 1
0dc8a5 000 000000 0 1
0dc925 000 000000 0 1
0dc9e5 000 000000 0 1
0dc985 000 000000 0 1
0dc9b5 000 000000 0 1
0dc9ad 000 000000 0 1
0dc9a1 000 000000 0 1
0dc9a7 000 000000 0 1
0dc9a4 000 000000 0 1
03c9a5 000 000000 0 1
00c9a5 000 000000 0 1
0149a5 000 000000 0 1
0189a5 000 000000 0 1
01e9a5 000 000000 0 1
01d9a5 000 000000 0 1
01c1a5 000 000000 0 1
01cda5 000 000000 0 1
01cba5 000 000000 0 1
01c8a5 000 000000 0 1
01c925 000 000000 0 1
01c9e5 000 000000 0 1
01c985 000 000000 0 1
01c9b5 000 000000 0 1
01c9ad 000 000000 0 1
01c9a1 000 000000 0 1
01c9a7 000 000000 0 1
01c9a4 000 000000 0 1
06c9a5 000 000000 0 1
0749a5 000 000000 0 1
0789a5 000 000000 0 1
07e9a5 000 000000 0 1
07d9a5 000 000000 0 1
07c1a5 000 000000 0 1
07cda5 000 000000 0 1
07cba5 000 000000 0 1
07c8a5 000 000000 0 1
07c925 000 000000 0 1
07c9e5 000 000000 0 1
07c985 000 000000 0 1
07c9b5 000 000000 0 1
07c9ad 000 000000 0 1
07c9a1 000 000000 0 1
07c9a7 000 000000 0 1
07c9a4 000 000000 0 1
0449a5 000 000000 0 1
0489a5 000 000000 0 1
04e9a5 000 000000 0 1
04d9a5 000 000000 0 1
04c1a5 000 000000 0 1
04cda5 000 000000 0 1
04cba5 000 000000 0 1
04c8a5 000 000000 0 1
04c925 000 000000 0 1
04c9e5 000 000000 0 1
04c985 000 000000 0 1
04c9b5 000 000000 0 1
04c9ad 000 000000 0 1
04c9a1 000 000000 0 1
04c9a7 000 000000 0 1
04c9a4 000 000000 0 1
0509a5 000 000000 0 1
0569a5 000 000000 0 1
0559a5 000 000000 0 1
0541a5 000 000000 0 1
054da5 000 000000 0 1
054ba5 000 000000 0 1
0548a5 000 000000 0 1
054925 000 000000 0 1
0549e5 000 000000 0 1
054985 000 000000 0 1
0549b5 000 000000 0 1
0549ad 000 000000 0 1
0549a1 000 000000 0 1
0549a7 000 000000 0 1
0549a4 000 000000 0 1
05a9a5 000 000000 0 1
0599a5 000 000000 0 1
0581a5 000 000000 0 1
058da5 000 000000 0 1
058ba5 000 000000 0 1
0588a5 000 000000 0 1
058925 000 000000 0 1
0589e5 000 000000 0 1
058985 000 000000 0 1
0589b5 000 000000 0 1
0589ad 000 000000 0 1
0589a1 000 000000 0 1
0589a7 000 000000 0 1
0589a4 000 000000 0 1
05f9a5 000 000000 0 1
05e1a5 000 000000 0 1
05eda5 000 000000 0 1
05eba5 000 000000 0 1
05e8a5 000 000000 0 1
05e925 000 000000 0 1
05e9e5 000 000000 0 1
05e985 000 000000 0 1
05e9b5 000 000000 0 1
05e9ad 000 000000 0 1
05e9a1 000 000000 0 1
05e9a7 000 000000 0 1
05e9a4 000 000000 0 1
05d1a5 000 000000 0 1
05dda5 000 000000 0 1
05dba5 000 000000 0 1
05d8a5 000 000000 0 1
05d925 000 000000 0 1
05d9e5 000 000000 0 1
05d985 000 000000 0 1
05d9b5 000 000000 0 1
05d9ad 000 000000 0 1
05d9a1 000 000000 0 1
05d9a7 000 000000 0 1
05d9a4 000 000000 0 1
05c5a5 000 000000 0 1
05c3a5 000 000000 0 1
05c0a5 000 000000 0 1
05c125 000 000000 0 1
05c1e5 000 000000 0 1
05c185 000 000000 0 1
05c1b5 000 000000 0 1
05c1ad 000 000000 0 1
05c1a1 000 000000 0 1
05c1a7 000 000000 0 1
05c1a4 000 000000 0 1
05cfa5 000 000000 0 1
05cca5 000 000000 0 1
05cd25 000 000000 0 1
05cde5 000 000000 0 1
05cd85 000 000000 0 1
05cdb5 000 000000 0 1
05cdad 000 000000 0 1
05cda1 000 000000 0 1
05cda7 000 000000 0 1
05cda4 000 000000 0 1
05caa5 000 000000 0 1
05cb25 000 000000 0 1
05cbe5 000 000000 0 1
05cb85 000 000000 0 1
05cbb5 000 000000 0 1
05cbad 000 000000 0 1
05cba1 000 000000 0 1
05cba7 000 000000 0 1
05cba4 000 000000 0 1
05c825 000 000000 0 1
05c8e5 000 000000 0 1
05c885 000 000000 0 1
05c8b5 000 000000 0 1
05c8ad 000 000000 0 1
05c8a1 000 000000 0 1
05c8a7 000 000000 0 1
05c8a4 000 000000 0 1
05c965 000 000000 0 1
05c905 000 000000 0 1
05c935 000 000000 0 1
05c92d 000 000000 0 1
05c921 000 000000 0 1
05c927 000 000000 0 1
05c924 000 000000 0 1
05c9c5 000 000000 0 1
05c9f5 000 000000 0 1
05c9ed 000 000000 0 1
05c9e1 000 000000 0 1
05c9e7 000 000000 0 1
05c9e4 000 000000 0 1
05c995 000 000000 0 1
05c98d 000 000000 0 1
05c981 000 000000 0 1
05c987 000 000000 0 1
05c984 000 000000 0 1
05c9bd 000 000000 0 1
05c9b1 000 000000 0 1
05c9b7 000 000000 0 1
05c9b4 000 000000 0 1
05c9a9 000 000000 0 1
05c9af 000 000000 0 1
05c9ac 000 000000 0 1
05c9a3 000 000000 0 1
05c9a0 000 000000 0 1
05c9a6 000 000000 0 1
39c9a5 000 000000 0 1
3fc9a5 000 000000 0 1
3cc9a5 000 000000 0 1
3d49a5 000 000000 0 1
3d89a5 000 000000 0 1
3de9a5 000 000000 0 1
3dd9a5 000 000000 0 1
3dc1a5 000 000000 0 1
3dcda5 000 000000 0 1
3dcba5 000 000000 0 1
3dc8a5 000 000000 0 1
3dc925 000 000000 0 1
3dc9e5 000 000000 0 1
3dc985 000 000000 0 1
3dc9b5 000 000000 0 1
3dc9ad 000 000000 0 1
3dc9a1 000 000000 0 1
3dc9a7 000 000000 0 1
3dc9a4 000 000000 0 1
33c9a5 000 000000 0 1
30c9a5 000 000000 0 1
3149a5 000 000000 0 1
3189a5 000 000000 0 1
31e9a5 000 000000 0 1
31d9a5 000 000000 0 1
31c1a5 000 000000 0 1
31cda5 000 000000 0 1
31cba5 000 000000 0 1
31c8a5 000 000000 0 1
31c925 000 000000 0 1
31c9e5 000 000000 0 1
31c985 000 000000 0 1
31c9b5 000 000000 0 1
31c9ad 000 000000 0 1
31c9a1 000 000000 0 1
31c9a7 000 000000 0 1
31c9a4 000 000000 0 1
36c9a5 000 000000 0 1
3749a5 000 000000 0 1
3789a5 000 000000 0 1
37e9a5 000 000000 0 1
37d9a5 000 000000 0 1
37c1a5 000 000000 0 1
37cda5 000 000000 0 1
37cba5 000 000000 0 1
37c8a5 000 000000 0 1
37c925 000 000000 0 1
37c9e5 000 000000 0 1
37c985 000 000000 0 1
37c9b5 000 000000 0 1
37c9ad 000 000000 0 1
37c9a1 000 000000 0 1
37c9a7 000 000000 0 1
37c9a4 000 000000 0 1
3449a5 000 000000 0 1
3489a5 000 000000 0 1
34e9a5 000 000000 0 1
34d9a5 000 000000 0 1
34c1a5 000 000000 0 1
34cda5 000 000000 0 1
34cba5 000 000000 0 1
34c8a5 000 000000 0 1
34c925 000 000000 0 1
34c9e5 000 000000 0 1
34c985 000 000000 0 1
34c9b5 000 000000 0 1
34c9ad 000 000000 0 1
34c9a1 000 000000 0 1
34c9a7 000 000000 0 1
34c9a4 000 000000 0 1
3509a5 000 000000 0 1
3569a5 000 000000 0 1
3559a5 000 000000 0 1
3541a5 000 000000 0 1
354da5 000 000000 0 1
354ba5 000 000000 0 1
3548a5 000 000000 0 1
354925 000 000000 0 1
3549e5 000 000000 0 1
354985 000 000000 0 1
3549b5 000 000000 0 1
3549ad 000 000000 0 1
3549a1 000 000000 0 1
3549a7 000 000000 0 1
3549a4 000 000000 0 1
35a9a5 000 000000 0 1
3599a5 000 000000 0 1
3581a5 000 000000 0 1
358da5 000 000000 0 1
358ba5 000 000000 0 1
3588a5 000 000000 0 1
358925 000 000000 0 1
3589e5 000 000000 0 1
358985 000 000000 0 1
3589b5 000 000000 0 1
3589ad 000 000000 0 1
3589a1 000 000000 0 1
3589a7 000 000000 0 1
3589a4 000 000000 0 1
35f9a5 000 000000 0 1
35e1a5 000 000000 0 1
35eda5 000 000000 0 1
35eba5 000 000000 0 1
35e8a5 000 000000 0 1
35e925 000 000000 0 1
35e9e5 000 000000 0 1
35e985 000 000000 0 1
35e9b5 000 000000 0 1
35e9ad 000 000000 0 1
35e9a1 000 000000 0 1
35e9a7 000 000000 0 1
35e9a4 000 000000 0 1
35d1a5 000 000000 0 1
35dda5 000 000000 0 1
35dba5 000 000000 0 1
35d8a5 000 000000 0 1
35d925 000 000000 0 1
35d9e5 000 000000 0 1
35d985 000 000000 0 1
35d9b5 000 000000 0 1
35d9ad 000 000000 0 1
35d9a1 000 000000 0 1
35d9a7 000 000000 0 1
35d9a4 000 000000 0 1
35c5a5 000 000000 0 1
35c3a5 000 000000 0 1
35c0a5 000 000000 0 1
35c125 000 000000 0 1
35c1e5 000 000000 0 1
35c185 000 000000 0 1
35c1b5 000 000000 0 1
35c1ad 000 000000 0 1
35c1a1 000 000000 0 1
35c1a7 000 000000 0 1
35c1a4 000 000000 0 1
35cfa5 000 000000 0 1
35cca5 000 000000 0 1
35cd25 000 000000 0 1
35cde5 000 000000 0 1
35cd85 000 000000 0 1
35cdb5 000 000000 0 1
35cdad 000 000000 0 1
35cda1 000 000000 0 1
35cda7 000 000000 0 1
35cda4 000 000000 0 1
35caa5 000 000000 0 1
35cb25 000 000000 0 1
35cbe5 000 000000 0 1
35cb85 000 000000 0 1
35cbb5 000 000000 0 1
35cbad 000 000000 0 1
35cba1 000 000000 0 1
35cba7 000 000000 0 1
35cba4 000 000000 0 1
35c825 000 000000 0 1
35c8e5 000 000000 0 1
35c885 000 000000 0 1
35c8b5 000 000000 0 1
35c8ad 000 000000 0 1
35c8a1 000 000000 0 1
35c8a7 000 000000 0 1
35c8a4 000 000000 0 1
35c965 000 000000 0 1
35c905 000 000000 0 1
35c935 000 000000 0 1
35c92d 000 000000 0 1
35c921 000 000000 0 1
35c927 000 000000 0 1
35c924 000 000000 0 1
35c9c5 000 000000 0 1
35c9f5 000 000000 0 1
35c9ed 000 000000 0 1
35c9e1 000 000000 0 1
35c9e7 000 000000 0 1
35c9e4 000 000000 0 1
35c995 000 000000 0 1
35c98d 000 000000 0 1
35c981 000 000000 0 1
35c987 000 000000 0 1
35c984 000 000000 0 1
35c9bd 000 000000 0 1
35c9b1 000 000000 0 1
35c9b7 000 000000 0 1
35c9b4 000 000000 0 1
35c9a9 000 000000 0 1
35c9af 000 000000 0 1
35c9ac 000 000000 0 1
35c9a3 000 000000 0 1
35c9a0 000 000000 0 1
35c9a6 000 000000 0 1
2bc9a5 000 000000 0 1
28c9a5 000 000000 0 1
2949a5 000 000000 0 1
2989a5 000 000000 0 1
29e9a5 000 000000 0 1
29d9a5 000 000000 0 1
29c1a5 000 000000 0 1
29cda5 000 000000 0 1
29cba5 000 000000 0 1
29c8a5 000 000000 0 1
29c925 000 000000 0 1
29c9e5 000 000000 0 1
29c985 000 000000 0 1
29c9b5 000 000000 0 1
29c9ad 000 000000 0 1
29c9a1 000 000000 0 1
29c9a7 000 000000 0 1
29c9a4 000 000000 0 1
2ec9a5 000 000000 0 1
2f49a5 000 000000 0 1
2f89a5 000 000000 0 1
2fe9a5 000 000000 0 1
2fd9a5 000 000000 0 1
2fc1a5 000 000000 0 1
2fcda5 000 000000 0 1
2fcba5 000 000000 0 1
2fc8a5 000 000000 0 1
2fc925 000 000000 0 1
2fc9e5 000 000000 0 1
2fc985 000 000000 0 1
2fc9b5 000 000000 0 1
2fc9ad 000 000000 0 1
2fc9a1 000 000000 0 1
2fc9a7 000 000000 0 1
2fc9a4 000 000000 0 1
2c49a5 000 000000 0 1
2c89a5 000 000000 0 1
2ce9a5 000 000000 0 1
2cd9a5 000 000000 0 1
2cc1a5 000 000000 0 1
2ccda5 000 000000 0 1
2ccba5 000 000000 0 1
2cc8a5 000 000000 0 1
2cc925 000 000000 0 1
2cc9e5 000 000000 0 1
2cc985 000 000000 0 1
2cc9b5 000 000000 0 1
2cc9ad 000 000000 0 1
2cc9a1 000 000000 0 1
2cc9a7 000 000000 0 1
2cc9a4 000 000000 0 1
2d09a5 000 000000 0 1
2d69a5 000 000000 0 1
2d59a5 000 000000 0 1
2d41a5 000 000000 0 1
2d4da5 000 000000 0 1
2d4ba5 000 000000 0 1
2d48a5 000 000000 0 1
2d4925 000 000000 0 1
2d49e5 000 000000 0 1
2d4985 000 000000 0 1
2d49b5 000 000000 0 1
2d49ad 000 000000 0 1
2d49a1 000 000000 0 1
2d49a7 000 000000 0 1
2d49a4 000 000000 0 1
2da9a5 000 000000 0 1
2d99a5 000 000000 0 1
2d81a5 000 000000 0 1
2d8da5 000 000000 0 1
2d8ba5 000 000000 0 1
2d88a5 000 000000 0 1
2d8925 000 000000 0 1
2d89e5 000 000000 0 1
2d8985 000 000000 0 1
2d89b5 000 000000 0 1
2d89ad 000 000000 0 1
2d89a1 000 000000 0 1
2d89a7 000 000000 0 1
2d89a4 000 000000 0 1
2df9a5 000 000000 0 1
2de1a5 000 000000 0 1
2deda5 000 000000 0 1
2deba5 000 000000 0 1
2de8a5 000 000000 0 1
2de925 000 000000 0 1
2de9e5 000 000000 0 1
2de985 000 000000 0 1
2de9b5 000 000000 0 1
2de9ad 000 000000 0 1
2de9a1 000 000000 0 1
2de9a7 000 000000 0 1
2de9a4 000 000000 0 1
2dd1a5 000 000000 0 1
2ddda5 000 000000 0 1
2ddba5 000 000000 0 1
2dd8a5 000 000000 0 1
2dd925 000 000000 0 1
2dd9e5 000 000000 0 1
2dd985 000 000000 0 1
2dd9b5 000 000000 0 1
2dd9ad 000 000000 0 1
2dd9a1 000 000000 0 1
2dd9a7 000 000000 0 1
2dd9a4 000 000000 0 1
2dc5a5 000 000000 0 1
2dc3a5 000 000000 0 1
2dc0a5 000 000000 0 1
2dc125 000 000000 0 1
2dc1e5 000 000000 0 1
2dc185 000 000000 0 1
2dc1b5 000 000000 0 1
2dc1ad 000 000000 0 1
2dc1a1 000 000000 0 1
2dc1a7 000 000000 0 1
2dc1a4 000 000000 0 1
2dcfa5 000 000000 0 1
2dcca5 000 000000 0 1
2dcd25 000 000000 0 1
2dcde5 000 000000 0 1
2dcd85 000 000000 0 1
2dcdb5 000 000000 0 1
2dcdad 000 000000 0 1
2dcda1 000 000000 0 1
2dcda7 000 000000 0 1
2dcda4 000 000000 0 1
2dcaa5 000 000000 0 1
2dcb25 000 000000 0 1
2dcbe5 000 000000 0 1
2dcb85 000 000000 0 1
2dcbb5 000 000000 0 1
2dcbad 000 000000 0 1
2dcba1 000 000000 0 1
2dcba7 000 000000 0 1
2dcba4 000 000000 0 1
2dc825 000 000000 0 1
2dc8e5 000 000000 0 1
2dc885 000 000000 0 1
2dc8b5 000 000000 0 1
2dc8ad 000 000000 0 1
2dc8a1 000 000000 0 1
2dc8a7 000 000000 0 1
2dc8a4 000 000000 0 1
2dc965 000 000000 0 1
2dc905 000 000000 0 1
2dc935 000 000000 0 1
2dc92d 000 000000 0 1
2dc921 000 000000 0 1
2dc927 000 000000 0 1
2dc924 000 000000 0 1
2dc9c5 000 000000 0 1
2dc9f5 000 000000 0 1
2dc9ed 000 000000 0 1
2dc9e1 000 000000 0 1
2dc9e7 000 000000 0 1
2dc9e4 000 000000 0 1
2dc995 000 000000 0 1
2dc98d 000 000000 0 1
2dc981 000 000000 0 1
2dc987 000 000000 0 1
2dc984 000 000000 0 1
2dc9bd 000 000000 0 1
2dc9b1 000 000000 0 1
2dc9b7 000 000000 0 1
2dc9b4 000 000000 0 1
2dc9a9 000 000000 0 1
2dc9af 000 000000 0 1
2dc9ac 000 000000 0 1
2dc9a3 000 000000 0 1
2dc9a0 000 000000 0 1
2dc9a6 000 000000 0 1
22c9a5 000 000000 0 1
2349a5 000 000000 0 1
2389a5 000 000000 0 1
23e9a5 000 000000 0 1
23d9a5 000 000000 0 1
23c1a5 000 000000 0 1
23cda5 000 000000 0 1
23cba5 000 000000 0 1
23c8a5 000 000000 0 1
23c925 000 000000 0 1
23c9e5 000 000000 0 1
23c985 000 000000 0 1
23c9b5 000 000000 0 1
23c9ad 000 000000 0 1
23c9a1 000 000000 0 1
23c9a7 000 000000 0 1
23c9a4 000 000000 0 1
2049a5 000 000000 0 1
2089a5 000 000000 0 1
20e9a5 000 000000 0 1
20d9a5 000 000000 0 1
20c1a5 000 000000 0 1
20cda5 000 000000 0 1
20cba5 000 000000 0 1
20c8a5 000 000000 0 1
20c925 000 000000 0 1
20c9e5 000 000000 0 1
20c985 000 000000 0 1
20c9b5 000 000000 0 1
20c9ad 000 000000 0 1
20c9a1 000 000000 0 1
20c9a7 000 000000 0 1
20c9a4 000 000000 0 1
2109a5 000 000000 0 1
2169a5 000 000000 0 1
2159a5 000 000000 0 1
2141a5 000 000000 0 1
214da5 000 000000 0 1
214ba5 000 000000 0 1
2148a5 000 000000 0 1
214925 000 000000 0 1
2149e5 000 000000 0 1
214985 000 000000 0 1
2149b5 000 000000 0 1
2149ad 000 000000 0 1
2149a1 000 000000 0 1
2149a7 000 000000 0 1
2149a4 000 000000 0 1
21a9a5 000 000000 0 1
2199a5 000 000000 0 1
2181a5 000 000000 0 1
218da5 000 000000 0 1
218ba5 000 000000 0 1
2188a5 000 000000 0 1
218925 000 000000 0 1
2189e5 000 000000 0 1
218985 000 000000 0 1
2189b5 000 000000 0 1
2189ad 000 000000 0 1
2189a1 000 000000 0 1
2189a7 000 000000 0 1
2189a4 000 000000 0 1
21f9a5 000 000000 0 1
21e1a5 000 000000 0 1
21eda5 000 000000 0 1
21eba5 000 000000 0 1
21e8a5 000 000000 0 1
21e925 000 000000 0 1
21e9e5 000 000000 0 1
21e985 000 000000 0 1
21e9b5 000 000000 0 1
21e9ad 000 000000 0 1
21e9a1 000 000000 0 1
21e9a7 000 000000 0 1
21e9a4 000 000000 0 1
21d1a5 000 000000 0 1
21dda5 000 000000 0 1
21dba5 000 000000 0 1
21d8a5 000 000000 0 1
21d925 000 000000 0 1
21d9e5 000 000000 0 1
21d985 000 000000 0 1
21d9b5 000 000000 0 1
21d9ad 000 000000 0 1
21d9a1 000 000000 0 1
21d9a7 000 000000 0 1
21d9a4 000 000000 0 1
21c5a5 000 000000 0 1
21c3a5 000 000000 0 1
21c0a5 000 000000 0 1
21c125 000 000000 0 1
21c1e5 000 000000 0 1
21c185 000 000000 0 1
21c1b5 000 000000 0 1
21c1ad 000 000000 0 1
21c1a1 000 000000 0 1
21c1a7 000 000000 0 1
21c1a4 000 000000 0 1
21cfa5 000 000000 0 1
21cca5 000 000000 0 1
21cd25 000 000000 0 1
21cde5 000 000000 0 1
21cd85 000 000000 0 1
21cdb5 000 000000 0 1
21cdad 000 000000 0 1
21cda1 000 000000 0 1
21cda7 000 000000 0 1
21cda4 000 000000 0 1
21caa5 000 000000 0 1
21cb25 000 000000 0 1
21cbe5 000 000000 0 1
21cb85 000 000000 0 1
21cbb5 000 000000 0 1
21cbad 000 000000 0 1
21cba1 000 000000 0 1
21cba7 000 000000 0 1
21cba4 000 000000 0 1
21c825 000 000000 0 1
21c8e5 000 000000 0 1
21c885 000 000000 0 1
21c8b5 000 000000 0 1
21c8ad 000 000000 0 1
21c8a1 000 000000 0 1
21c8a7 000 000000 0 1
21c8a4 000 000000 0 1
21c965 000 000000 0 1
21c905 000 000000 0 1
21c935 000 000000 0 1
21c92d 000 000000 0 1
21c921 000 000000 0 1
21c927 000 000000 0 1
21c924 000 000000 0 1
21c9c5 000 000000 0 1
21c9f5 000 000000 0 1
21c9ed 000 000000 0 1
21c9e1 000 000000 0 1
21c9e7 000 000000 0 1
21c9e4 000 000000 0 1
21c995 000 000000 0 1
21c98d 000 000000 0 1
21c981 000 000000 0 1
21c987 000 000000 0 1
21c984 000 000000 0 1
21c9bd 000 000000 0 1
21c9b1 000 000000 0 1
21c9b7 000 000000 0 1
21c9b4 000 000000 0 1
21c9a9 000 000000 0 1
21c9af 000 000000 0 1
21c9ac 000 000000 0 1
21c9a3 000 000000 0 1
21c9a0 000 000000 0 1
21c9a6 000 000000 0 1
2649a5 000 000000 0 1
2689a5 000 000000 0 1
26e9a5 000 000000 0 1
26d9a5 000 000000 0 1
26c1a5 000 000000 0 1
26cda5 000 000000 0 1
26cba5 000 000000 0 1
26c8a5 000 000000 0 1
26c925 000 000000 0 1
26c9e5 000 000000 0 1
26c985 000 000000 0 1
26c9b5 000 000000 0 1
26c9ad 000 000000 0 1
26c9a1 000 000000 0 1
26c9a7 000 000000 0 1
26c9a4 000 000000 0 1
2709a5 000 000000 0 1
2769a5 000 000000 0 1
2759a5 000 000000 0 1
2741a5 000 000000 0 1
274da5 000 000000 0 1
274ba5 000 000000 0 1
2748a5 000 000000 0 1
274925 000 000000 0 1
2749e5 000 000000 0 1
274985 000 000000 0 1
2749b5 000 000000 0 1
2749ad 000 000000 0 1
2749a1 000 000000 0 1
2749a7 000 000000 0 1
2749a4 000 000000 0 1
27a9a5 000 000000 0 1
2799a5 000 000000 0 1
2781a5 000 000000 0 1
278da5 000 000000 0 1
278ba5 000 000000 0 1
2788a5 000 000000 0 1
278925 000 000000 0 1
2789e5 000 000000 0 1
278985 000 000000 0 1
2789b5 000 000000 0 1
2789ad 000 000000 0 1
2789a1 000 000000 0 1
2789a7 000 000000 0 1
2789a4 000 000000 0 1
27f9a5 000 000000 0 1
27e1a5 000 000000 0 1
27eda5 000 000000 0 1
27eba5 000 000000 0 1
27e8a5 000 000000 0 1
27e925 000 000000 0 1
27e9e5 000 000000 0 1
27e985 000 000000 0 1
27e9b5 000 000000 0 1
27e9ad 000 000000 0 1
27e9a1 000 000000 0 1
27e9a7 000 000000 0 1
27e9a4 000 000000 0 1
27d1a5 000 000000 0 1
27dda5 000 000000 0 1
27dba5 000 000000 0 1
27d8a5 000 000000 0 1
27d925 000 000000 0 1
27d9e5 000 000000 0 1
27d985 000 000000 0 1
27d9b5 000 000000 0 1
27d9ad 000 000000 0 1
27d9a1 000 000000 0 1
27d9a7 000 000000 0 1
27d9a4 000 000000 0 1
27c5a5 000 000000 0 1
27c3a5 000 000000 0 1
27c0a5 000 000000 0 1
27c125 000 000000 0 1
27c1e5 000 000000 0 1
27c185 000 000000 0 1
27c1b5 000 000000 0 1
27c1ad 000 000000 0 1
27c1a1 000 000000 0 1
27c1a7 000 000000 0 1
27c1a4 000 000000 0 1
27cfa5 000 000000 0 1
27cca5 000 000000 0 1
27cd25 000 000000 0 1
27cde5 000 000000 0 1
27cd85 000 000000 0 1
27cdb5 000 000000 0 1
27cdad 000 000000 0 1
27cda1 000 000000 0 1
27cda7 000 000000 0 1
27cda4 000 000000 0 1
27caa5 000 000000 0 1
27cb25 000 000000 0 1
27cbe5 000 000000 0 1
27cb85 000 000000 0 1
27cbb5 000 000000 0 1
27cbad 000 000000 0 1
27cba1 000 000000 0 1
27cba7 000 000000 0 1
27cba4 000 000000 0 1
27c825 000 000000 0 1
27c8e5 000 000000 0 1
27c885 000 000000 0 1
27c8b5 000 000000 0 1
27c8ad 000 000000 0 1
27c8a1 000 000000 0 1
27c8a7 000 000000 0 1
27c8a4 000 000000 0 1
27c965 000 000000 0 1
27c905 000 000000 0 1
27c935 000 000000 0 1
27c92d 000 000000 0 1
27c921 000 000000 0 1
27c927 000 000000 0 1
27c924 000 000000 0 1
27c9c5 000 000000 0 1
27c9f5 000 000000 0 1
27c9ed 000 000000 0 1
27c9e1 000 000000 0 1
27c9e7 000 000000 0 1
27c9e4 000 000000 0 1
27c995 000 000000 0 1
27c98d 000 000000 0 1
27c981 000 000000 0 1
27c987 000 000000 0 1
27c984 000 000000 0 1
27c9bd 000 000000 0 1
27c9b1 000 000000 0 1
27c9b7 000 000000 0 1
27c9b4 000 000000 0 1
27c9a9 000 000000 0 1
27c9af 000 000000 0 1
27c9ac 000 000000 0 1
27c9a3 000 000000 0 1
27c9a0 000 000000 0 1
27c9a6 000 000000 0 1
2409a5 000 000000 0 1
2469a5 000 000000 0 1
2459a5 000 000000 0 1
2441a5 000 000000 0 1
244da5 000 000000 0 1
244ba5 000 000000 0 1
2448a5 000 000000 0 1
244925 000 000000 0 1
2449e5 000 000000 0 1
244985 000 000000 0 1
2449b5 000 000000 0 1
2449ad 000 000000 0 1
2449a1 000 000000 0 1
2449a7 000 000000 0 1
2449a4 000 000000 0 1
24a9a5 000 000000 0 1
2499a5 000 000000 0 1
2481a5 000 000000 0 1
248da5 000 000000 0 1
248ba5 000 000000 0 1
2488a5 000 000000 0 1
248925 000 000000 0 1
2489e5 000 000000 0 1
248985 000 000000 0 1
2489b5 000 000000 0 1
2489ad 000 000000 0 1
2489a1 000 000000 0 1
2489a7 000 000000 0 1
2489a4 000 000000 0 1
24f9a5 000 000000 0 1
24e1a5 000 000000 0 1
24eda5 000 000000 0 1
24eba5 000 000000 0 1
24e8a5 000 000000 0 1
24e925 000 000000 0 1
24e9e5 000 000000 0 1
24e985 000 000000 0 1
24e9b5 000 000000 0 1
24e9ad 000 000000 0 1
24e9a1 000 000000 0 1
24e9a7 000 000000 0 1
24e9a4 000 000000 0 1
24d1a5 000 000000 0 1
24dda5 000 000000 0 1
24dba5 000 000000 0 1
24d8a5 000 000000 0 1
24d925 000 000000 0 1
24d9e5 000 000000 0 1
24d985 000 000000 0 1
24d9b5 000 000000 0 1
24d9ad 000 000000 0 1
24d9a1 000 000000 0 1
24d9a7 000 000000 0 1
24d9a4 000 000000 0 1
24c5a5 000 000000 0 1
24c3a5 000 000000 0 1
24c0a5 000 000000 0 1
24c125 000 000000 0 1
24c1e5 000 000000 0 1
24c185 000 000000 0 1
24c1b5 000 000000 0 1
24c1ad 000 000000 0 1
24c1a1 000 000000 0 1
24c1a7 000 000000 0 1
24c1a4 000 000000 0 1
24cfa5 000 000000 0 1
24cca5 000 000000 0 1
24cd25 000 000000 0 1
24cde5 000 000000 0 1
24cd85 000 000000 0 1
24cdb5 000 000000 0 1
24cdad 000 000000 0 1
24cda1 000 000000 0 1
24cda7 000 000000 0 1
24cda4 000 000000 0 1
24caa5 000 000000 0 1
24cb25 000 000000 0 1
24cbe5 000 000000 0 1
24cb85 000 000000 0 1
24cbb5 000 000000 0 1
24cbad 000 000000 0 1
24cba1 000 000000 0 1
24cba7 000 000000 0 1
24cba4 000 000000 0 1
24c825 000 000000 0 1
24c8e5 000 000000 0 1
24c885 000 000000 0 1
24c8b5 000 000000 0 1
24c8ad 000 000000 0 1
24c8a1 000 000000 0 1
24c8a7 000 000000 0 1
24c8a4 000 000000 0 1
24c965 000 000000 0 1
24c905 000 000000 0 1
24c935 000 000000 0 1
24c92d 000 000000 0 1
24c921 000 000000 0 1
24c927 000 000000 0 1
24c924 000 000000 0 1
24c9c5 000 000000 0 1
24c9f5 000 000000 0 1
24c9ed 000 000000 0 1
24c9e1 000 000000 0 1
24c9e7 000 000000 0 1
24c9e4 000 000000 0 1
24c995 000 000000 0 1
24c98d 000 000000 0 1
24c981 000 000000 0 1
24c987 000 000000 0 1
24c984 000 000000 0 1
24c9bd 000 000000 0 1
24c9b1 000 000000 0 1
24c9b7 000 000000 0 1
24c9b4 000 000000 0 1
24c9a9 000 000000 0 1
24c9af 000 000000 0 1
24c9ac 000 000000 0 1
24c9a3 000 000000 0 1
24c9a0 000 000000 0 1
24c9a6 000 000000 0 1
2529a5 000 000000 0 1
2519a5 000 000000 0 1
2501a5 000 000000 0 1
250da5 000 000000 0 1
250ba5 000 000000 0 1
2508a5 000 000000 0 1
250925 000 000000 0 1
2509e5 000 000000 0 1
250985 000 000000 0 1
2509b5 000 000000 0 1
2509ad 000 000000 0 1
2509a1 000 000000 0 1
2509a7 000 000000 0 1
2509a4 000 000000 0 1
2579a5 000 000000 0 1
2561a5 000 000000 0 1
256da5 000 000000 0 1
256ba5 000 000000 0 1
2568a5 000 000000 0 1
256925 000 000000 0 1
2569e5 000 000000 0 1
256985 000 000000 0 1
2569b5 000 000000 0 1
2569ad 000 000000 0 1
2569a1 000 000000 0 1
2569a7 000 000000 0 1
2569a4 000 000000 0 1
2551a5 000 000000 0 1
255da5 000 000000 0 1
255ba5 000 000000 0 1
2558a5 000 000000 0 1
255925 000 000000 0 1
2559e5 000 000000 0 1
255985 000 000000 0 1
2559b5 000 000000 0 1
2559ad 000 000000 0 1
2559a1 000 000000 0 1
2559a7 000 000000 0 1
2559a4 000 000000 0 1
2545a5 000 000000 0 1
2543a5 000 000000 0 1
2540a5 000 000000 0 1
254125 000 000000 0 1
2541e5 000 000000 0 1
254185 000 000000 0 1
2541b5 000 000000 0 1
2541ad 000 000000 0 1
2541a1 000 000000 0 1
2541a7 000 000000 0 1
2541a4 000 000000 0 1
254fa5 000 000000 0 1
254ca5 000 000000 0 1
254d25 000 000000 0 1
254de5 000 000000 0 1
254d85 000 000000 0 1
254db5 000 000000 0 1
254dad 000 000000 0 1
254da1 000 000000 0 1
254da7 000 000000 0 1
254da4 000 000000 0 1
254aa5 000 000000 0 1
254b25 000 000000 0 1
254be5 000 000000 0 1
254b85 000 000000 0 1
254bb5 000 000000 0 1
254bad 000 000000 0 1
254ba1 000 000000 0 1
254ba7 000 000000 0 1
254ba4 000 000000 0 1
254825 000 000000 0 1
2548e5 000 000000 0 1
254885 000 000000 0 1
2548b5 000 000000 0 1
2548ad 000 000000 0 1
2548a1 000 000000 0 1
2548a7 000 000000 0 1
2548a4 000 000000 0 1
254965 000 000000 0 1
254905 000 000000 0 1
254935 000 000000 0 1
25492d 000 000000 0 1
254921 000 000000 0 1
254927 000 000000 0 1
254924 000 000000 0 1
2549c5 000 000000 0 1
2549f5 000 000000 0 1
2549ed 000 000000 0 1
2549e1 000 000000 0 1
2549e7 000 000000 0 1
2549e4 000 000000 0 1
254995 000 000000 0 1
25498d 000 000000 0 1
254981 000 000000 0 1
254987 000 000000 0 1
254984 000 000000 0 1
2549bd 000 000000 0 1
2549b1 000 000000 0 1
2549b7 000 000000 0 1
2549b4 000 000000 0 1
2549a9 000 000000 0 1
2549af 000 000000 0 1
2549ac 000 000000 0 1
2549a3 000 000000 0 1
2549a0 000 000000 0 1
2549a6 000 000000 0 1
25b9a5 000 000000 0 1
25a1a5 000 000000 0 1
25ada5 000 000000 0 1
25aba5 000 000000 0 1
25a8a5 000 000000 0 1
25a925 000 000000 0 1
25a9e5 000 000000 0 1
25a985 000 000000 0 1
25a9b5 000 000000 0 1
25a9ad 000 000000 0 1
25a9a1 000 000000 0 1
25a9a7 000 000000 0 1
25a9a4 000 000000 0 1
2591a5 000 000000 0 1
259da5 000 000000 0 1
259ba5 000 000000 0 1
2598a5 000 000000 0 1
259925 000 000000 0 1
2599e5 000 000000 0 1
259985 000 000000 0 1
2599b5 000 000000 0 1
2599ad 000 000000 0 1
2599a1 000 000000 0 1
2599a7 000 000000 0 1
2599a4 000 000000 0 1
2585a5 000 000000 0 1
2583a5 000 000000 0 1
2580a5 000 000000 0 1
258125 000 000000 0 1
2581e5 000 000000 0 1
258185 000 000000 0 1
2581b5 000 000000 0 1
2581ad 000 000000 0 1
2581a1 000 000000 0 1
2581a7 000 000000 0 1
2581a4 000 000000 0 1
258fa5 000 000000 0 1
258ca5 000 000000 0 1
258d25 000 000000 0 1
258de5 000 000000 0 1
258d85 000 000000 0 1
258db5 000 000000 0 1
258dad 000 000000 0 1
258da1 000 000000 0 1
258da7 000 000000 0 1
258da4 000 000000 0 1
258aa5 000 000000 0 1
258b25 000 000000 0 1
258be5 000 000000 0 1
258b85 000 000000 0 1
258bb5 000 000000 0 1
258bad 000 000000 0 1
258ba1 000 000000 0 1
258ba7 000 000000 0 1
258ba4 000 000000 0 1
258825 000 000000 0 1
2588e5 000 000000 0 1
258885 000 000000 0 1
2588b5 000 000000 0 1
2588ad 000 000000 0 1
2588a1 000 000000 0 1
2588a7 000 000000 0 1
2588a4 000 000000 0 1
258965 000 000000 0 1
258905 000 000000 0 1
258935 000 000000 0 1
25892d 000 000000 0 1
258921 000 000000 0 1
258927 000 000000 0 1
258924 000 000000 0 1
2589c5 000 000000 0 1
2589f5 000 000000 0 1
2589ed 000 000000 0 1
2589e1 000 000000 0 1
2589e7 000 000000 0 1
2589e4 000 000000 0 1
258995 000 000000 0 1
25898d 000 000000 0 1
258981 000 000000 0 1
258987 000 000000 0 1
258984 000 000000 0 1
2589bd 000 000000 0 1
2589b1 000 000000 0 1
2589b7 000 000000 0 1
2589b4 000 000000 0 1
2589a9 000 000000 0 1
2589af 000 000000 0 1
2589ac 000 000000 0 1
2589a3 000 000000 0 1
2589a0 000 000000 0 1
2589a6 000 000000 0 1
25f1a5 000 000000 0 1
25fda5 000 000000 0 1
25fba5 000 000000 0 1
25f8a5 000 000000 0 1
25f925 000 000000 0 1
25f9e5 000 000000 0 1
25f985 000 000000 0 1
25f9b5 000 000000 0 1
25f9ad 000 000000 0 1
25f9a1 000 000000 0 1
25f9a7 000 000000 0 1
25f9a4 000 000000 0 1
25e5a5 000 000000 0 1
25e3a5 000 000000 0 1
25e0a5 000 000000 0 1
25e125 000 000000 0 1
25e1e5 000 000000 0 1
25e185 000 000000 0 1
25e1b5 000 000000 0 1
25e1ad 000 000000 0 1
25e1a1 000 000000 0 1
25e1a7 000 000000 0 1
25e1a4 000 000000 0 1
25efa5 000 000000 0 1
25eca5 000 000000 0 1
25ed25 000 000000 0 1
25ede5 000 000000 0 1
25ed85 000 000000 0 1
25edb5 000 000000 0 1
25edad 000 000000 0 1
25eda1 000 000000 0 1
25eda7 000 000000 0 1
25eda4 000 000000 0 1
25eaa5 000 000000 0 1
25eb25 000 000000 0 1
25ebe5 000 000000 0 1
25eb85 000 000000 0 1
25ebb5 000 000000 0 1
25ebad 000 000000 0 1
25eba1 000 000000 0 1
25eba7 000 000000 0 1
25eba4 000 000000 0 1
25e825 000 000000 0 1
25e8e5 000 000000 0 1
25e885 000 000000 0 1
25e8b5 000 000000 0 1
25e8ad 000 000000 0 1
25e8a1 000 000000 0 1
25e8a7 000 000000 0 1
25e8a4 000 000000 0 1
25e965 000 000000 0 1
25e905 000 000000 0 1
25e935 000 000000 0 1
25e92d 000 000000 0 1
25e921 000 000000 0 1
25e927 000 000000 0 1
25e924 000 000000 0 1
25e9c5 000 000000 0 1
25e9f5 000 000000 0 1
25e9ed 000 000000 0 1
25e9e1 000 000000 0 1
25e9e7 000 000000 0 1
25e9e4 000 000000 0 1
25e995 000 000000 0 1
25e98d 000 000000 0 1
25e981 000 000000 0 1
25e987 000 000000 0 1
25e984 000 000000 0 1
25e9bd 000 000000 0 1
25e9b1 000 000000 0 1
25e9b7 000 000000 0 1
25e9b4 000 000000 0 1
25e9a9 000 000000 0 1
25e9af 000 000000 0 1
25e9ac 000 000000 0 1
25e9a3 000 000000 0 1
25e9a0 000 000000 0 1
25e9a6 000 000000 0 1
25d5a5 000 000000 0 1
25d3a5 000 000000 0 1
25d0a5 000 000000 0 1
25d125 000 000000 0 1
25d1e5 000 000000 0 1
25d185 000 000000 0 1
25d1b5 000 000000 0 1
25d1ad 000 000000 0 1
25d1a1 000 000000 0 1
25d1a7 000 000000 0 1
25d1a4 000 000000 0 1
25dfa5 000 000000 0 1
25dca5 000 000000 0 1
25dd25 000 000000 0 1
25dde5 000 000000 0 1
25dd85 000 000000 0 1
25ddb5 000 000000 0 1
25ddad 000 000000 0 1
25dda1 000 000000 0 1
25dda7 000 000000 0 1
25dda4 000 000000 0 1
25daa5 000 000000 0 1
25db25 000 000000 0 1
25dbe5 000 000000 0 1
25db85 000 000000 0 1
25dbb5 000 000000 0 1
25dbad 000 000000 0 1
25dba1 000 000000 0 1
25dba7 000 000000 0 1
25dba4 000 000000 0 1
25d825 000 000000 0 1
25d8e5 000 000000 0 1
25d885 000 000000 0 1
25d8b5 000 000000 0 1
25d8ad 000 000000 0 1
25d8a1 000 000000 0 1
25d8a7 000 000000 0 1
25d8a4 000 000000 0 1
25d965 000 000000 0 1
25d905 000 000000 0 1
25d935 000 000000 0 1
25d92d 000 000000 0 1
25d921 000 000000 0 1
25d927 000 000000 0 1
25d924 000 000000 0 1
25d9c5 000 000000 0 1
25d9f5 000 000000 0 1
25d9ed 000 000000 0 1
25d9e1 000 000000 0 1
25d9e7 000 000000 0 1
25d9e4 000 000000 0 1
25d995 000 000000 0 1
25d98d 000 000000 0 1
25d981 000 000000 0 1
25d987 000 000000 0 1
25d984 000 000000 0 1
25d9bd 000 000000 0 1
25d9b1 000 000000 0 1
25d9b7 000 000000 0 1
25d9b4 000 000000 0 1
25d9a9 000 000000 0 1
25d9af 000 000000 0 1
25d9ac 000 000000 0 1
25d9a3 000 000000 0 1
25d9a0 000 000000 0 1
25d9a6 000 000000 0 1
25c7a5 000 000000 0 1
25c4a5 000 000000 0 1
25c525 000 000000 0 1
25c5e5 000 000000 0 1
25c585 000 000000 0 1
25c5b5 000 000000 0 1
25c5ad 000 000000 0 1
25c5a1 000 000000 0 1
25c5a7 000 000000 0 1
25c5a4 000 000000 0 1
25c2a5 000 000000 0 1
25c325 000 000000 0 1
25c3e5 000 000000 0 1
25c385 000 000000 0 1
25c3b5 000 000000 0 1
25c3ad 000 000000 0 1
25c3a1 000 000000 0 1
25c3a7 000 000000 0 1
25c3a4 000 000000 0 1
25c025 000 000000 0 1
25c0e5 000 000000 0 1
25c085 000 000000 0 1
25c0b5 000 000000 0 1
25c0ad 000 000000 0 1
25c0a1 000 000000 0 1
25c0a7 000 000000 0 1
25c0a4 000 000000 0 1
25c165 000 000000 0 1
25c105 000 000000 0 1
25c135 000 000000 0 1
25c12d 000 000000 0 1
25c121 000 000000 0 1
25c127 000 000000 0 1
25c124 000 000000 0 1
25c1c5 000 000000 0 1
25c1f5 000 000000 0 1
25c1ed 000 000000 0 1
25c1e1 000 000000 0 1
25c1e7 000 000000 0 1
25c1e4 000 000000 0 1
25c195 000 000000 0 1
25c18d 000 000000 0 1
25c181 000 000000 0 1
25c187 000 000000 0 1
25c184 000 000000 0 1
25c1bd 000 000000 0 1
25c1b1 000 000000 0 1
25c1b7 000 000000 0 1
25c1b4 000 000000 0 1
25c1a9 000 000000 0 1
25c1af 000 000000 0 1
25c1ac 000 000000 0 1
25c1a3 000 000000 0 1
25c1a0 000 000000 0 1
25c1a6 000 000000 0 1
25cea5 000 000000 0 1
25cf25 000 000000 0 1
25cfe5 000 000000 0 1
25cf85 000 000000 0 1
25cfb5 000 000000 0 1
25cfad 000 000000 0 1
25cfa1 000 000000 0 1
25cfa7 000 000000 0 1
25cfa4 000 000000 0 1
25cc25 000 000000 0 1
25cce5 000 000000 0 1
25cc85 000 000000 0 1
25ccb5 000 000000 0 1
25ccad 000 000000 0 1
25cca1 000 000000 0 1
25cca7 000 000000 0 1
25cca4 000 000000 0 1
25cd65 000 000000 0 1
25cd05 000 000000 0 1
25cd35 000 000000 0 1
25cd2d 000 000000 0 1
25cd21 000 000000 0 1
25cd27 000 000000 0 1
25cd24 000 000000 0 1
25cdc5 000 000000 0 1
25cdf5 000 000000 0 1
25cded 000 000000 0 1
25cde1 000 000000 0 1
25cde7 000 000000 0 1
25cde4 000 000000 0 1
25cd95 000 000000 0 1
25cd8d 000 000000 0 1
25cd81 000 000000 0 1
25cd87 000 000000 0 1
25cd84 000 000000 0 1
25cdbd 000 000000 0 1
25cdb1 000 000000 0 1
25cdb7 000 000000 0 1
25cdb4 000 000000 0 1
25cda9 000 000000 0 1
25cdaf 000 000000 0 1
25cdac 000 000000 0 1
25cda3 000 000000 0 1
25cda0 000 000000 0 1
25cda6 000 000000 0 1
25ca25 000 000000 0 1
25cae5 000 000000 0 1
25ca85 000 000000 0 1
25cab5 000 000000 0 1
25caad 000 000000 0 1
25caa1 000 000000 0 1
25caa7 000 000000 0 1
25caa4 000 000000 0 1
25cb65 000 000000 0 1
25cb05 000 000000 0 1
25cb35 000 000000 0 1
25cb2d 000 000000 0 1
25cb21 000 000000 0 1
25cb27 000 000000 0 1
25cb24 000 000000 0 1
25cbc5 000 000000 0 1
25cbf5 000 000000 0 1
25cbed 000 000000 0 1
25cbe1 000 000000 0 1
25cbe7 000 000000 0 1
25cbe4 000 000000 0 1
25cb95 000 000000 0 1
25cb8d 000 000000 0 1
25cb81 000 000000 0 1
25cb87 000 000000 0 1
25cb84 000 000000 0 1
25cbbd 000 000000 0 1
25cbb1 000 000000 0 1
25cbb7 000 000000 0 1
25cbb4 000 000000 0 1
25cba9 000 000000 0 1
25cbaf 000 000000 0 1
25cbac 000 000000 0 1
25cba3 000 000000 0 1
25cba0 000 000000 0 1
25cba6 000 000000 0 1
25c865 000 000000 0 1
25c805 000 000000 0 1
25c835 000 000000 0 1
25c82d 000 000000 0 1
25c821 000 000000 0 1
25c827 000 000000 0 1
25c824 000 000000 0 1
25c8c5 000 000000 0 1
25c8f5 000 000000 0 1
25c8ed 000 000000 0 1
25c8e1 000 000000 0 1
25c8e7 000 000000 0 1
25c8e4 000 000000 0 1
25c895 000 000000 0 1
25c88d 000 000000 0 1
25c881 000 000000 0 1
25c887 000 000000 0 1
25c884 000 000000 0 1
25c8bd 000 000000 0 1
25c8b1 000 000000 0 1
25c8b7 000 000000 0 1
25c8b4 000 000000 0 1
25c8a9 000 000000 0 1
25c8af 000 000000 0 1
25c8ac 000 000000 0 1
25c8a3 000 000000 0 1
25c8a0 000 000000 0 1
25c8a6 000 000000 0 1
25c945 000 000000 0 1
25c975 000 000000 0 1
25c96d 000 000000 0 1
25c961 000 000000 0 1
25c967 000 000000 0 1
25c964 000 000000 0 1
25c915 000 000000 0 1
25c90d 000 000000 0 1
25c901 000 000000 0 1
25c907 000 000000 0 1
25c904 000 000000 0 1
25c93d 000 000000 0 1
25c931 000 000000 0 1
25c937 000 000000 0 1
25c934 000 000000 0 1
25c929 000 000000 0 1
25c92f 000 000000 0 1
25c92c 000 000000 0 1
25c923 000 000000 0 1
25c920 000 000000 0 1
25c926 000 000000 0 1
25c9d5 000 000000 0 1
25c9cd 000 000000 0 1
25c9c1 000 000000 0 1
25c9c7 000 000000 0 1
25c9c4 000 000000 0 1
25c9fd 000 000000 0 1
25c9f1 000 000000 0 1
25c9f7 000 000000 0 1
25c9f4 000 000000 0 1
25c9e9 000 000000 0 1
25c9ef 000 000000 0 1
25c9ec 000 000000 0 1
25c9e3 000 000000 0 1
25c9e0 000 000000 0 1
25c9e6 000 000000 0 1
25c99d 000 000000 0 1
25c991 000 000000 0 1
25c997 000 000000 0 1
25c994 000 000000 0 1
25c989 000 000000 0 1
25c98f 000 000000 0 1
25c98c 000 000000 0 1
25c983 000 000000 0 1
25c980 000 000000 0 1
25c986 000 000000 0 1
25c9b9 000 000000 0 1
25c9bf 000 000000 0 1
25c9bc 000 000000 0 1
25c9b3 000 000000 0 1
25c9b0 000 000000 0 1
25c9b6 000 000000 0 1
25c9ab 000 000000 0 1
25c9a8 000 000000 0 1
25c9ae 000 000000 0 1
25c9a2 000 000000 0 1
ddc9a5 000 000000 0 1
d1c9a5 000 000000 0 1
d7c9a5 000 000000 0 1
d4c9a5 000 000000 0 1
d549a5 000 000000 0 1
d589a5 000 000000 0 1
d5e9a5 000 000000 0 1
d5d9a5 000 000000 0 1
d5c1a5 000 000000 0 1
d5cda5 000 000000 0 1
d5cba5 000 000000 0 1
d5c8a5 000 000000 0 1
d5c925 000 000000 0 1
d5c9e5 000 000000 0 1
d5c985 000 000000 0 1
d5c9b5 000 000000 0 1
d5c9ad 000 000000 0 1
d5c9a1 000 000000 0 1
d5c9a7 000 000000 0 1
d5c9a4 000 000000 0 1
c9c9a5 000 000000 0 1
cfc9a5 000 000000 0 1
ccc9a5 000 000000 0 1
cd49a5 000 000000 0 1
cd89a5 000 000000 0 1
cde9a5 000 000000 0 1
cdd9a5 000 000000 0 1
cdc1a5 000 000000 0 1
cdcda5 000 000000 0 1
cdcba5 000 000000 0 1
cdc8a5 000 000000 0 1
cdc925 000 000000 0 1
cdc9e5 000 000000 0 1
cdc985 000 000000 0 1
cdc9b5 000 000000 0 1
cdc9ad 000 000000 0 1
cdc9a1 000 000000 0 1
cdc9a7 000 000000 0 1
cdc9a4 000 000000 0 1
c3c9a5 000 000000 0 1
c0c9a5 000 000000 0 1
c149a5 000 000000 0 1
c189a5 000 000000 0 1
c1e9a5 000 000000 0 1
c1d9a5 000 000000 0 1
c1c1a5 000 000000 0 1
c1cda5 000 000000 0 1
c1cba5 000 000000 0 1
c1c8a5 000 000000 0 1
c1c925 000 000000 0 1
c1c9e5 000 000000 0 1
c1c985 000 000000 0 1
c1c9b5 000 000000 0 1
c1c9ad 000 000000 0 1
c1c9a1 000 000000 0 1
c1c9a7 000 000000 0 1
c1c9a4 000 000000 0 1
c6c9a5 000 000000 0 1
c749a5 000 000000 0 1
c789a5 000 000000 0 1
c7e9a5 000 000000 0 1
c7d9a5 000 000000 0 1
c7c1a5 000 000000 0 1
c7cda5 000 000000 0 1
c7cba5 000 000000 0 1
c7c8a5 000 000000 0 1
c7c925 000 000000 0 1
c7c9e5 000 000000 0 1
c7c985 000 000000 0 1
c7c9b5 000 000000 0 1
c7c9ad 000 000000 0 1
c7c9a1 000 000000 0 1
c7c9a7 000 000000 0 1
c7c9a4 000 000000 0 1
c449a5 000 000000 0 1
c489a5 000 000000 0 1
c4e9a5 000 000000 0 1
c4d9a5 000 000000 0 1
c4c1a5 000 000000 0 1
c4cda5 000 000000 0 1
c4cba5 000 000000 0 1
c4c8a5 000 000000 0 1
c4c925 000 000000 0 1
c4c9e5 000 000000 0 1
c4c985 000 000000 0 1
c4c9b5 000 000000 0 1
c4c9ad 000 000000 0 1
c4c9a1 000 000000 0 1
c4c9a7 000 000000 0 1
c4c9a4 000 000000 0 1
c509a5 000 000000 0 1
c569a5 000 000000 0 1
c559a5 000 000000 0 1
c541a5 000 000000 0 1
c54da5 000 000000 0 1
c54ba5 000 000000 0 1
c548a5 000 000000 0 1
c54925 000 000000 0 1
c549e5 000 000000 0 1
c54985 000 000000 0 1
c549b5 000 000000 0 1
c549ad 000 000000 0 1
c549a1 000 000000 0 1
c549a7 000 000000 0 1
c549a4 000 000000 0 1
c5a9a5 000 000000 0 1
c599a5 000 000000 0 1
c581a5 000 000000 0 1
c58da5 000 000000 0 1
c58ba5 000 000000 0 1
c588a5 000 000000 0 1
c58925 000 000000 0 1
c589e5 000 000000 0 1
c58985 000 000000 0 1
c589b5 000 000000 0 1
c589ad 000 000000 0 1
c589a1 000 000000 0 1
c589a7 000 000000 0 1
c589a4 000 000000 0 1
c5f9a5 000 000000 0 1
c5e1a5 000 000000 0 1
c5eda5 000 000000 0 1
c5eba5 000 000000 0 1
c5e8a5 000 000000 0 1
c5e925 000 000000 0 1
c5e9e5 000 000000 0 1
c5e985 000 000000 0 1
c5e9b5 000 000000 0 1
c5e9ad 000 000000 0 1
c5e9a1 000 000000 0 1
c5e9a7 000 000000 0 1
c5e9a4 000 000000 0 1
c5d1a5 000 000000 0 1
c5dda5 000 000000 0 1
c5dba5 000 000000 0 1
c5d8a5 000 000000 0 1
c5d925 000 000000 0 1
c5d9e5 000 000000 0 1
c5d985 000 000000 0 1
c5d9b5 000 000000 0 1
c5d9ad 000 000000 0 1
c5d9a1 000 000000 0 1
c5d9a7 000 000000 0 1
c5d9a4 000 000000 0 1
c5c5a5 000 000000 0 1
c5c3a5 000 000000 0 1
c5c0a5 000 000000 0 1
c5c125 000 000000 0 1
c5c1e5 000 000000 0 1
c5c185 000 000000 0 1
c5c1b5 000 000000 0 1
c5c1ad 000 000000 0 1
c5c1a1 000 000000 0 1
c5c1a7 000 000000 0 1
c5c1a4 000 000000 0 1
c5cfa5 000 000000 0 1
c5cca5 000 000000 0 1
c5cd25 000 000000 0 1
c5cde5 000 000000 0 1
c5cd85 000 000000 0 1
c5cdb5 000 000000 0 1
c5cdad 000 000000 0 1
c5cda1 000 000000 0 1
c5cda7 000 000000 0 1
c5cda4 000 000000 0 1
c5caa5 000 000000 0 1
c5cb25 000 000000 0 1
c5cbe5 000 000000 0 1
c5cb85 000 000000 0 1
c5cbb5 000 000000 0 1
c5cbad 000 000000 0 1
c5cba1 000 000000 0 1
c5cba7 000 000000 0 1
c5cba4 000 000000 0 1
c5c825 000 000000 0 1
c5c8e5 000 000000 0 1
c5c885 000 000000 0 1
c5c8b5 000 000000 0 1
c5c8ad 000 000000 0 1
c5c8a1 000 000000 0 1
c5c8a7 000 000000 0 1
c5c8a4 000 000000 0 1
c5c965 000 000000 0 1
c5c905 000 000000 0 1
c5c935 000 000000 0 1
c5c92d 000 000000 0 1
c5c921 000 000000 0 1
c5c927 000 000000 0 1
c5c924 000 000000 0 1
c5c9c5 000 000000 0 1
c5c9f5 000 000000 0 1
c5c9ed 000 000000 0 1
c5c9e1 000 000000 0 1
c5c9e7 000 000000 0 1
c5c9e4 000 000000 0 1
c5c995 000 000000 0 1
c5c98d 000 000000 0 1
c5c981 000 000000 0 1
c5c987 000 000000 0 1
c5c984 000 000000 0 1
c5c9bd 000 000000 0 1
c5c9b1 000 000000 0 1
c5c9b7 000 000000 0 1
c5c9b4 000 000000 0 1
c5c9a9 000 000000 0 1
c5c9af 000 000000 0 1
c5c9ac 000 000000 0 1
c5c9a3 000 000000 0 1
c5c9a0 000 000000 0 1
c5c9a6 000 000000 0 1
f9c9a5 000 000000 0 1
ffc9a5 000 000000 0 1
fcc9a5 000 000000 0 1
fd49a5 000 000000 0 1
fd89a5 000 000000 0 1
fde9a5 000 000000 0 1
fdd9a5 000 000000 0 1
fdc1a5 000 000000 0 1
fdcda5 000 000000 0 1
fdcba5 000 000000 0 1
fdc8a5 000 000000 0 1
fdc925 000 000000 0 1
fdc9e5 000 000000 0 1
fdc985 000 000000 0 1
fdc9b5 000 000000 0 1
fdc9ad 000 000000 0 1
fdc9a1 000 000000 0 1
fdc9a7 000 000000 0 1
fdc9a4 000 000000 0 1
f3c9a5 000 000000 0 1
f0c9a5 000 000000 0 1
f149a5 000 000000 0 1
f189a5 000 000000 0 1
f1e9a5 000 000000 0 1
f1d9a5 000 000000 0 1
f1c1a5 000 000000 0 1
f1cda5 000 000000 0 1
f1cba5 000 000000 0 1
f1c8a5 000 000000 0 1
f1c925 000 000000 0 1
f1c9e5 000 000000 0 1
f1c985 000 000000 0 1
f1c9b5 000 000000 0 1
f1c9ad 000 000000 0 1
f1c9a1 000 000000 0 1
f1c9a7 000 000000 0 1
f1c9a4 000 000000 0 1
f6c9a5 000 000000 0 1
f749a5 000 000000 0 1
f789a5 000 000000 0 1
f7e9a5 000 000000 0 1
f7d9a5 000 000000 0 1
f7c1a5 000 000000 0 1
f7cda5 000 000000 0 1
f7cba5 000 000000 0 1
f7c8a5 000 000000 0 1
f7c925 000 000000 0 1
f7c9e5 000 000000 0 1
f7c985 000 000000 0 1
f7c9b5 000 000000 0 1
f7c9ad 000 000000 0 1
f7c9a1 000 000000 0 1
f7c9a7 000 000000 0 1
f7c9a4 000 000000 0 1
f449a5 000 000000 0 1
f489a5 000 000000 0 1
f4e9a5 000 000000 0 1
f4d9a5 000 000000 0 1
f4c1a5 000 000000 0 1
f4cda5 000 000000 0 1
f4cba5 000 000000 0 1
f4c8a5 000 000000 0 1
f4c925 000 000000 0 1
f4c9e5 000 000000 0 1
f4c985 000 000000 0 1
f4c9b5 000 000000 0 1
f4c9ad 000 000000 0 1
f4c9a1 000 000000 0 1
f4c9a7 000 000000 0 1
f4c9a4 000 000000 0 1
f509a5 000 000000 0 1
f569a5 000 000000 0 1
f559a5 000 000000 0 1
f541a5 000 000000 0 1
f54da5 000 000000 0 1
f54ba5 000 000000 0 1
f548a5 000 000000 0 1
f54925 000 000000 0 1
f549e5 000 000000 0 1
f54985 000 000000 0 1
f549b5 000 000000 0 1
f549ad 000 000000 0 1
f549a1 000 000000 0 1
f549a7 000 000000 0 1
f549a4 000 000000 0 1
f5a9a5 000 000000 0 1
f599a5 000 000000 0 1
f581a5 000 000000 0 1
f58da5 000 000000 0 1
f58ba5 000 000000 0 1
f588a5 000 000000 0 1
f58925 000 000000 0 1
f589e5 000 000000 0 1
f58985 000 000000 0 1
f589b5 000 000000 0 1
f589ad 000 000000 0 1
f589a1 000 000000 0 1
f589a7 000 000000 0 1
f589a4 000 000000 0 1
f5f9a5 000 000000 0 1
f5e1a5 000 000000 0 1
f5eda5 000 000000 0 1
f5eba5 000 000000 0 1
f5e8a5 000 000000 0 1
f5e925 000 000000 0 1
f5e9e5 000 000000 0 1
f5e985 000 000000 0 1
f5e9b5 000 000000 0 1
f5e9ad 000 000000 0 1
f5e9a1 000 000000 0 1
f5e9a7 000 000000 0 1
f5e9a4 000 000000 0 1
f5d1a5 000 000000 0 1
f5dda5 000 000000 0 1
f5dba5 000 000000 0 1
f5d8a5 000 000000 0 1
f5d925 000 000000 0 1
f5d9e5 000 000000 0 1
f5d985 000 000000 0 1
f5d9b5 000 000000 0 1
f5d9ad 000 000000 0 1
f5d9a1 000 000000 0 1
f5d9a7 000 000000 0 1
f5d9a4 000 000000 0 1
f5c5a5 000 000000 0 1
f5c3a5 000 000000 0 1
f5c0a5 000 000000 0 1
f5c125 000 000000 0 1
f5c1e5 000 000000 0 1
f5c185 000 000000 0 1
f5c1b5 000 000000 0 1
f5c1ad 000 000000 0 1
f5c1a1 000 000000 0 1
f5c1a7 000 000000 0 1
f5c1a4 000 000000 0 1
f5cfa5 000 000000 0 1
f5cca5 000 000000 0 1
f5cd25 000 000000 0 1
f5cde5 000 000000 0 1
f5cd85 000 000000 0 1
f5cdb5 000 000000 0 1
f5cdad 000 000000 0 1
f5cda1 000 000000 0 1
f5cda7 000 000000 0 1
f5cda4 000 000000 0 1
f5caa5 000 000000 0 1
f5cb25 000 000000 0 1
f5cbe5 000 000000 0 1
f5cb85 000 000000 0 1
f5cbb5 000 000000 0 1
f5cbad 000 000000 0 1
f5cba1 000 000000 0 1
f5cba7 000 000000 0 1
f5cba4 000 000000 0 1
f5c825 000 000000 0 1
f5c8e5 000 000000 0 1
f5c885 000 000000 0 1
f5c8b5 000 000000 0 1
f5c8ad 000 000000 0 1
f5c8a1 000 000000 0 1
f5c8a7 000 000000 0 1
f5c8a4 000 000000 0 1
f5c965 000 000000 0 1
f5c905 000 000000 0 1
f5c935 000 000000 0 1
f5c92d 000 000000 0 1
f5c921 000 000000 0 1
f5c927 000 000000 0 1
f5c924 000 000000 0 1
f5c9c5 000 000000 0 1
f5c9f5 000 000000 0 1
f5c9ed 000 000000 0 1
f5c9e1 000 000000 0 1
f5c9e7 000 000000 0 1
f5c9e4 000 000000 0 1
f5c995 000 000000 0 1
f5c98d 000 000000 0 1
f5c981 000 000000 0 1
f5c987 000 000000 0 1
f5c984 000 000000 0 1
f5c9bd 000 000000 0 1
f5c9b1 000 000000 0 1
f5c9b7 000 000000 0 1
f5c9b4 000 000000 0 1
f5c9a9 000 000000 0 1
f5c9af 000 000000 0 1
f5c9ac 000 000000 0 1
f5c9a3 000 000000 0 1
f5c9a0 000 000000 0 1
f5c9a6 000 000000 0 1
ebc9a5 000 000000 0 1
e8c9a5 000 000000 0 1
e949a5 000 000000 0 1
e989a5 000 000000 0 1
e9e9a5 000 000000 0 1
e9d9a5 000 000000 0 1
e9c1a5 000 000000 0 1
e9cda5 000 000000 0 1
e9cba5 000 000000 0 1
e9c8a5 000 000000 0 1
e9c925 000 000000 0 1
e9c9e5 000 000000 0 1
e9c985 000 000000 0 1
e9c9b5 000 000000 0 1
e9c9ad 000 000000 0 1
e9c9a1 000 000000 0 1
e9c9a7 000 000000 0 1
e9c9a4 000 000000 0 1
eec9a5 000 000000 0 1
ef49a5 000 000000 0 1
ef89a5 000 000000 0 1
efe9a5 000 000000 0 1
efd9a5 000 000000 0 1
efc1a5 000 000000 0 1
efcda5 000 000000 0 1
efcba5 000 000000 0 1
efc8a5 000 000000 0 1
efc925 000 000000 0 1
efc9e5 000 000000 0 1
efc985 000 000000 0 1
efc9b5 000 000000 0 1
efc9ad 000 000000 0 1
efc9a1 000 000000 0 1
efc9a7 000 000000 0 1
efc9a4 000 000000 0 1
ec49a5 000 000000 0 1
ec89a5 000 000000 0 1
ece9a5 000 000000 0 1
ecd9a5 000 000000 0 1
ecc1a5 000 000000 0 1
eccda5 000 000000 0 1
eccba5 000 000000 0 1
ecc8a5 000 000000 0 1
ecc925 000 000000 0 1
ecc9e5 000 000000 0 1
ecc985 000 000000 0 1
ecc9b5 000 000000 0 1
ecc9ad 000 000000 0 1
ecc9a1 000 000000 0 1
ecc9a7 000 000000 0 1
ecc9a4 000 000000 0 1
ed09a5 000 000000 0 1
ed69a5 000 000000 0 1
ed59a5 000 000000 0 1
ed41a5 000 000000 0 1
ed4da5 000 000000 0 1
ed4ba5 000 000000 0 1
ed48a5 000 000000 0 1
ed4925 000 000000 0 1
ed49e5 000 000000 0 1
ed4985 000 000000 0 1
ed49b5 000 000000 0 1
ed49ad 000 000000 0 1
ed49a1 000 000000 0 1
ed49a7 000 000000 0 1
ed49a4 000 000000 0 1
eda9a5 000 000000 0 1
ed99a5 000 000000 0 1
ed81a5 000 000000 0 1
ed8da5 000 000000 0 1
ed8ba5 000 000000 0 1
ed88a5 000 000000 0 1
ed8925 000 000000 0 1
ed89e5 000 000000 0 1
ed8985 000 000000 0 1
ed89b5 000 000000 0 1
ed89ad 000 000000 0 1
ed89a1 000 000000 0 1
ed89a7 000 000000 0 1
ed89a4 000 000000 0 1
edf9a5 000 000000 0 1
ede1a5 000 000000 0 1
ededa5 000 000000 0 1
edeba5 000 000000 0 1
ede8a5 000 000000 0 1
ede925 000 000000 0 1
ede9e5 000 000000 0 1
ede985 000 000000 0 1
ede9b5 000 000000 0 1
ede9ad 000 000000 0 1
ede9a1 000 000000 0 1
ede9a7 000 000000 0 1
ede9a4 000 000000 0 1
edd1a5 000 000000 0 1
eddda5 000 000000 0 1
eddba5 000 000000 0 1
edd8a5 000 000000 0 1
edd925 000 000000 0 1
edd9e5 000 000000 0 1
edd985 000 000000 0 1
edd9b5 000 000000 0 1
edd9ad 000 000000 0 1
edd9a1 000 000000 0 1
edd9a7 000 000000 0 1
edd9a4 000 000000 0 1
edc5a5 000 000000 0 1
edc3a5 000 000000 0 1
edc0a5 000 000000 0 1
edc125 000 000000 0 1
edc1e5 000 000000 0 1
edc185 000 000000 0 1
edc1b5 000 000000 0 1
edc1ad 000 000000 0 1
edc1a1 000 000000 0 1
edc1a7 000 000000 0 1
edc1a4 000 000000 0 1
edcfa5 000 000000 0 1
edcca5 000 000000 0 1
edcd25 000 000000 0 1
edcde5 000 000000 0 1
edcd85 000 000000 0 1
edcdb5 000 000000 0 1
edcdad 000 000000 0 1
edcda1 000 000000 0 1
edcda7 000 000000 0 1
edcda4 000 000000 0 1
edcaa5 000 000000 0 1
edcb25 000 000000 0 1
edcbe5 000 000000 0 1
edcb85 000 000000 0 1
edcbb5 000 000000 0 1
edcbad 000 000000 0 1
edcba1 000 000000 0 1
edcba7 000 000000 0 1
edcba4 000 000000 0 1
edc825 000 000000 0 1
edc8e5 000 000000 0 1
edc885 000 000000 0 1
edc8b5 000 000000 0 1
edc8ad 000 000000 0 1
edc8a1 000 000000 0 1
edc8a7 000 000000 0 1
edc8a4 000 000000 0 1
edc965 000 000000 0 1
edc905 000 000000 0 1
edc935 000 000000 0 1
edc92d 000 000000 0 1
edc921 000 000000 0 1
edc927 000 000000 0 1
edc924 000 000000 0 1
edc9c5 000 000000 0 1
edc9f5 000 000000 0 1
edc9ed 000 000000 0 1
edc9e1 000 000000 0 1
edc9e7 000 000000 0 1
edc9e4 000 000000 0 1
edc995 000 000000 0 1
edc98d 000 000000 0 1
edc981 000 000000 0 1
edc987 000 000000 0 1
edc984 000 000000 0 1
edc9bd 000 000000 0 1
edc9b1 000 000000 0 1
edc9b7 000 000000 0 1
edc9b4 000 000000 0 1
edc9a9 000 000000 0 1
edc9af 000 000000 0 1
edc9ac 000 000000 0 1
edc9a3 000 000000 0 1
edc9a0 000 000000 0 1
edc9a6 000 000000 0 1
e2c9a5 000 000000 0 1
e349a5 000 000000 0 1
e389a5 000 000000 0 1
e3e9a5 000 000000 0 1
e3d9a5 000 000000 0 1
e3c1a5 000 000000 0 1
e3cda5 000 000000 0 1
e3cba5 000 000000 0 1
e3c8a5 000 000000 0 1
e3c925 000 000000 0 1
e3c9e5 000 000000 0 1
e3c985 000 000000 0 1
e3c9b5 000 000000 0 1
e3c9ad 000 000000 0 1
e3c9a1 000 000000 0 1
e3c9a7 000 000000 0 1
e3c9a4 000 000000 0 1
e049a5 000 000000 0 1
e089a5 000 000000 0 1
e0e9a5 000 000000 0 1
e0d9a5 000 000000 0 1
e0c1a5 000 000000 0 1
e0cda5 000 000000 0 1
e0cba5 000 000000 0 1
e0c8a5 000 000000 0 1
e0c925 000 000000 0 1
e0c9e5 000 000000 0 1
e0c985 000 000000 0 1
e0c9b5 000 000000 0 1
e0c9ad 000 000000 0 1
e0c9a1 000 000000 0 1
e0c9a7 000 000000 0 1
e0c9a4 000 000000 0 1
e109a5 000 000000 0 1
e169a5 000 000000 0 1
e159a5 000 000000 0 1
e141a5 000 000000 0 1
e14da5 000 000000 0 1
e14ba5 000 000000 0 1
e148a5 000 000000 0 1
e14925 000 000000 0 1
e149e5 000 000000 0 1
e14985 000 000000 0 1
e149b5 000 000000 0 1
e149ad 000 000000 0 1
e149a1 000 000000 0 1
e149a7 000 000000 0 1
e149a4 000 000000 0 1
e1a9a5 000 000000 0 1
e199a5 000 000000 0 1
e181a5 000 000000 0 1
e18da5 000 000000 0 1
e18ba5 000 000000 0 1
e188a5 000 000000 0 1
e18925 000 000000 0 1
e189e5 000 000000 0 1
e18985 000 000000 0 1
e189b5 000 000000 0 1
e189ad 000 000000 0 1
e189a1 000 000000 0 1
e189a7 000 000000 0 1
e189a4 000 000000 0 1
e1f9a5 000 000000 0 1
e1e1a5 000 000000 0 1
e1eda5 000 000000 0 1
e1eba5 000 000000 0 1
e1e8a5 000 000000 0 1
e1e925 000 000000 0 1
e1e9e5 000 000000 0 1
e1e985 000 000000 0 1
e1e9b5 000 000000 0 1
e1e9ad 000 000000 0 1
e1e9a1 000 000000 0 1
e1e9a7 000 000000 0 1
e1e9a4 000 000000 0 1
e1d1a5 000 000000 0 1
e1dda5 000 000000 0 1
e1dba5 000 000000 0 1
e1d8a5 000 000000 0 1
e1d925 000 000000 0 1
e1d9e5 000 000000 0 1
e1d985 000 000000 0 1
e1d9b5 000 000000 0 1
e1d9ad 000 000000 0 1
e1d9a1 000 000000 0 1
e1d9a7 000 000000 0 1
e1d9a4 000 000000 0 1
e1c5a5 000 000000 0 1
e1c3a5 000 000000 0 1
e1c0a5 000 000000 0 1
e1c125 000 000000 0 1
e1c1e5 000 000000 0 1
e1c185 000 000000 0 1
e1c1b5 000 000000 0 1
e1c1ad 000 000000 0 1
e1c1a1 000 000000 0 1
e1c1a7 000 000000 0 1
e1c1a4 000 000000 0 1
e1cfa5 000 000000 0 1
e1cca5 000 000000 0 1
e1cd25 000 000000 0 1
e1cde5 000 000000 0 1
e1cd85 000 000000 0 1
e1cdb5 000 000000 0 1
e1cdad 000 000000 0 1
e1cda1 000 000000 0 1
e1cda7 000 000000 0 1
e1cda4 000 000000 0 1
e1caa5 000 000000 0 1
e1cb25 000 000000 0 1
e1cbe5 000 000000 0 1
e1cb85 000 000000 0 1
e1cbb5 000 000000 0 1
e1cbad 000 000000 0 1
e1cba1 000 000000 0 1
e1cba7 000 000000 0 1
e1cba4 000 000000 0 1
e1c825 000 000000 0 1
e1c8e5 000 000000 0 1
e1c885 000 000000 0 1
e1c8b5 000 000000 0 1
e1c8ad 000 000000 0 1
e1c8a1 000 000000 0 1
e1c8a7 000 000000 0 1
e1c8a4 000 000000 0 1
e1c965 000 000000 0 1
e1c905 000 000000 0 1
e1c935 000 000000 0 1
e1c92d 000 000000 0 1
e1c921 000 000000 0 1
e1c927 000 000000 0 1
e1c924 000 000000 0 1
e1c9c5 000 000000 0 1
e1c9f5 000 000000 0 1
e1c9ed 000 000000 0 1
e1c9e1 000 000000 0 1
e1c9e7 000 000000 0 1
e1c9e4 000 000000 0 1
e1c995 000 000000 0 1
e1c98d 000 000000 0 1
e1c981 000 000000 0 1
e1c987 000 000000 0 1
e1c984 000 000000 0 1
e1c9bd 000 000000 0 1
e1c9b1 000 000000 0 1
e1c9b7 000 000000 0 1
e1c9b4 000 000000 0 1
e1c9a9 000 000000 0 1
e1c9af 000 000000 0 1
e1c9ac 000 000000 0 1
e1c9a3 000 000000 0 1
e1c9a0 000 000000 0 1
e1c9a6 000 000000 0 1
e649a5 000 000000 0 1
e689a5 000 000000 0 1
e6e9a5 000 000000 0 1
e6d9a5 000 000000 0 1
e6c1a5 000 000000 0 1
e6cda5 000 000000 0 1
e6cba5 000 000000 0 1
e6c8a5 000 000000 0 1
e6c925 000 000000 0 1
e6c9e5 000 000000 0 1
e6c985 000 000000 0 1
e6c9b5 000 000000 0 1
e6c9ad 000 000000 0 1
e6c9a1 000 000000 0 1
e6c9a7 000 000000 0 1
e6c9a4 000 000000 0 1
e709a5 000 000000 0 1
e769a5 000 000000 0 1
e759a5 000 000000 0 1
e741a5 000 000000 0 1
e74da5 000 000000 0 1
e74ba5 000 000000 0 1
e748a5 000 000000 0 1
e74925 000 000000 0 1
e749e5 000 000000 0 1
e74985 000 000000 0 1
e749b5 000 000000 0 1
e749ad 000 000000 0 1
e749a1 000 000000 0 1
e749a7 000 000000 0 1
e749a4 000 000000 0 1
e7a9a5 000 000000 0 1
e799a5 000 000000 0 1
e781a5 000 000000 0 1
e78da5 000 000000 0 1
e78ba5 000 000000 0 1
e788a5 000 000000 0 1
e78925 000 000000 0 1
e789e5 000 000000 0 1
e78985 000 000000 0 1
e789b5 000 000000 0 1
e789ad 000 000000 0 1
e789a1 000 000000 0 1
e789a7 000 000000 0 1
e789a4 000 000000 0 1
e7f9a5 000 000000 0 1
e7e1a5 000 000000 0 1
e7eda5 000 000000 0 1
e7eba5 000 000000 0 1
e7e8a5 000 000000 0 1
e7e925 000 000000 0 1
e7e9e5 000 000000 0 1
e7e985 000 000000 0 1
e7e9b5 000 000000 0 1
e7e9ad 000 000000 0 1
e7e9a1 000 000000 0 1
e7e9a7 000 000000 0 1
e7e9a4 000 000000 0 1
e7d1a5 000 000000 0 1
e7dda5 000 000000 0 1
e7dba5 000 000000 0 1
e7d8a5 000 000000 0 1
e7d925 000 000000 0 1
e7d9e5 000 000000 0 1
e7d985 000 000000 0 1
e7d9b5 000 000000 0 1
e7d9ad 000 000000 0 1
e7d9a1 000 000000 0 1
e7d9a7 000 000000 0 1
e7d9a4 000 000000 0 1
e7c5a5 000 000000 0 1
e7c3a5 000 000000 0 1
e7c0a5 000 000000 0 1
e7c125 000 000000 0 1
e7c1e5 000 000000 0 1
e7c185 000 000000 0 1
e7c1b5 000 000000 0 1
e7c1ad 000 000000 0 1
e7c1a1 000 000000 0 1
e7c1a7 000 000000 0 1
e7c1a4 000 000000 0 1
e7cfa5 000 000000 0 1
e7cca5 000 000000 0 1
e7cd25 000 000000 0 1
e7cde5 000 000000 0 1
e7cd85 000 000000 0 1
e7cdb5 000 000000 0 1
e7cdad 000 000000 0 1
e7cda1 000 000000 0 1
e7cda7 000 000000 0 1
e7cda4 000 000000 0 1
e7caa5 000 000000 0 1
e7cb25 000 000000 0 1
e7cbe5 000 000000 0 1
e7cb85 000 000000 0 1
e7cbb5 000 000000 0 1
e7cbad 000 000000 0 1
e7cba1 000 000000 0 1
e7cba7 000 000000 0 1
e7cba4 000 000000 0 1
e7c825 000 000000 0 1
e7c8e5 000 000000 0 1
e7c885 000 000000 0 1
e7c8b5 000 000000 0 1
e7c8ad 000 000000 0 1
e7c8a1 000 000000 0 1
e7c8a7 000 000000 0 1
e7c8a4 000 000000 0 1
e7c965 000 000000 0 1
e7c905 000 000000 0 1
e7c935 000 000000 0 1
e7c92d 000 000000 0 1
e7c921 000 000000 0 1
e7c927 000 000000 0 1
e7c924 000 000000 0 1
e7c9c5 000 000000 0 1
e7c9f5 000 000000 0 1
e7c9ed 000 000000 0 1
e7c9e1 000 000000 0 1
e7c9e7 000 000000 0 1
e7c9e4 000 000000 0 1
e7c995 000 000000 0 1
e7c98d 000 000000 0 1
e7c981 000 000000 0 1
e7c987 000 000000 0 1
e7c984 000 000000 0 1
e7c9bd 000 000000 0 1
e7c9b1 000 000000 0 1
e7c9b7 000 000000 0 1
e7c9b4 000 000000 0 1
e7c9a9 000 000000 0 1
e7c9af 000 000000 0 1
e7c9ac 000 000000 0 1
e7c9a3 000 000000 0 1
e7c9a0 000 000000 0 1
e7c9a6 000 000000 0 1
e409a5 000 000000 0 1
e469a5 000 000000 0 1
e459a5 000 000000 0 1
e441a5 000 000000 0 1
e44da5 000 000000 0 1
e44ba5 000 000000 0 1
e448a5 000 000000 0 1
e44925 000 000000 0 1
e449e5 000 000000 0 1
e44985 000 000000 0 1
e449b5 000 000000 0 1
e449ad 000 000000 0 1
e449a1 000 000000 0 1
e449a7 000 000000 0 1
e449a4 000 000000 0 1
e4a9a5 000 000000 0 1
e499a5 000 000000 0 1
e481a5 000 000000 0 1
e48da5 000 000000 0 1
e48ba5 000 000000 0 1
e488a5 000 000000 0 1
e48925 000 000000 0 1
e489e5 000 000000 0 1
e48985 000 000000 0 1
e489b5 000 000000 0 1
e489ad 000 000000 0 1
e489a1 000 000000 0 1
e489a7 000 000000 0 1
e489a4 000 000000 0 1
e4f9a5 000 000000 0 1
e4e1a5 000 000000 0 1
e4eda5 000 000000 0 1
e4eba5 000 000000 0 1
e4e8a5 000 000000 0 1
e4e925 000 000000 0 1
e4e9e5 000 000000 0 1
e4e985 000 000000 0 1
e4e9b5 000 000000 0 1
e4e9ad 000 000000 0 1
e4e9a1 000 000000 0 1
e4e9a7 000 000000 0 1
e4e9a4 000 000000 0 1
e4d1a5 000 000000 0 1
e4dda5 000 000000 0 1
e4dba5 000 000000 0 1
e4d8a5 000 000000 0 1
e4d925 000 000000 0 1
e4d9e5 000 000000 0 1
e4d985 000 000000 0 1
e4d9b5 000 000000 0 1
e4d9ad 000 000000 0 1
e4d9a1 000 000000 0 1
e4d9a7 000 000000 0 1
e4d9a4 000 000000 0 1
e4c5a5 000 000000 0 1
e4c3a5 000 000000 0 1
e4c0a5 000 000000 0 1
e4c125 000 000000 0 1
e4c1e5 000 000000 0 1
e4c185 000 000000 0 1
e4c1b5 000 000000 0 1
e4c1ad 000 000000 0 1
e4c1a1 000 000000 0 1
e4c1a7 000 000000 0 1
e4c1a4 000 000000 0 1
e4cfa5 000 000000 0 1
e4cca5 000 000000 0 1
e4cd25 000 000000 0 1
e4cde5 000 000000 0 1
e4cd85 000 000000 0 1
e4cdb5 000 000000 0 1
e4cdad 000 000000 0 1
e4cda1 000 000000 0 1
e4cda7 000 000000 0 1
e4cda4 000 000000 0 1
e4caa5 000 000000 0 1
e4cb25 000 000000 0 1
e4cbe5 000 000000 0 1
e4cb85 000 000000 0 1
e4cbb5 000 000000 0 1
e4cbad 000 000000 0 1
e4cba1 000 000000 0 1
e4cba7 000 000000 0 1
e4cba4 000 000000 0 1
e4c825 000 000000 0 1
e4c8e5 000 000000 0 1
e4c885 000 000000 0 1
e4c8b5 000 000000 0 1
e4c8ad 000 000000 0 1
e4c8a1 000 000000 0 1
e4c8a7 000 000000 0 1
e4c8a4 000 000000 0 1
e4c965 000 000000 0 1
e4c905 000 000000 0 1
e4c935 000 000000 0 1
e4c92d 000 000000 0 1
e4c921 000 000000 0 1
e4c927 000 000000 0 1
e4c924 000 000000 0 1
e4c9c5 000 000000 0 1
e4c9f5 000 000000 0 1
e4c9ed 000 000000 0 1
e4c9e1 000 000000 0 1
e4c9e7 000 000000 0 1
e4c9e4 000 000000 0 1
e4c995 000 000000 0 1
e4c98d 000 000000 0 1
e4c981 000 000000 0 1
e4c987 000 000000 0 1
e4c984 000 000000 0 1
e4c9bd 000 000000 0 1
e4c9b1 000 000000 0 1
e4c9b7 000 000000 0 1
e4c9b4 000 000000 0 1
e4c9a9 000 000000 0 1
e4c9af 000 000000 0 1
e4c9ac 000 000000 0 1
e4c9a3 000 000000 0 1
e4c9a0 000 000000 0 1
e4c9a6 000 000000 0 1
e529a5 000 000000 0 1
e519a5 000 000000 0 1
e501a5 000 000000 0 1
e50da5 000 000000 0 1
e50ba5 000 000000 0 1
e508a5 000 000000 0 1
e50925 000 000000 0 1
e509e5 000 000000 0 1
e50985 000 000000 0 1
e509b5 000 000000 0 1
e509ad 000 000000 0 1
e509a1 000 000000 0 1
e509a7 000 000000 0 1
e509a4 000 000000 0 1
e579a5 000 000000 0 1
e561a5 000 000000 0 1
e56da5 000 000000 0 1
e56ba5 000 000000 0 1
e568a5 000 000000 0 1
e56925 000 000000 0 1
e569e5 000 000000 0 1
e56985 000 000000 0 1
e569b5 000 000000 0 1
e569ad 000 000000 0 1
e569a1 000 000000 0 1
e569a7 000 000000 0 1
e569a4 000 000000 0 1
e551a5 000 000000 0 1
e55da5 000 000000 0 1
e55ba5 000 000000 0 1
e558a5 000 000000 0 1
e55925 000 000000 0 1
e559e5 000 000000 0 1
e55985 000 000000 0 1
e559b5 000 000000 0 1
e559ad 000 000000 0 1
e559a1 000 000000 0 1
e559a7 000 000000 0 1
e559a4 000 000000 0 1
e545a5 000 000000 0 1
e543a5 000 000000 0 1
e540a5 000 000000 0 1
e54125 000 000000 0 1
e541e5 000 000000 0 1
e54185 000 000000 0 1
e541b5 000 000000 0 1
e541ad 000 000000 0 1
e541a1 000 000000 0 1
e541a7 000 000000 0 1
e541a4 000 000000 0 1
e54fa5 000 000000 0 1
e54ca5 000 000000 0 1
e54d25 000 000000 0 1
e54de5 000 000000 0 1
e54d85 000 000000 0 1
e54db5 000 000000 0 1
e54dad 000 000000 0 1
e54da1 000 000000 0 1
e54da7 000 000000 0 1
e54da4 000 000000 0 1
e54aa5 000 000000 0 1
e54b25 000 000000 0 1
e54be5 000 000000 0 1
e54b85 000 000000 0 1
e54bb5 000 000000 0 1
e54bad 000 000000 0 1
e54ba1 000 000000 0 1
e54ba7 000 000000 0 1
e54ba4 000 000000 0 1
e54825 000 000000 0 1
e548e5 000 000000 0 1
e54885 000 000000 0 1
e548b5 000 000000 0 1
e548ad 000 000000 0 1
e548a1 000 000000 0 1
e548a7 000 000000 0 1
e548a4 000 000000 0 1
e54965 000 000000 0 1
e54905 000 000000 0 1
e54935 000 000000 0 1
e5492d 000 000000 0 1
e54921 000 000000 0 1
e54927 000 000000 0 1
e54924 000 000000 0 1
e549c5 000 000000 0 1
e549f5 000 000000 0 1
e549ed 000 000000 0 1
e549e1 000 000000 0 1
e549e7 000 000000 0 1
e549e4 000 000000 0 1
e54995 000 000000 0 1
e5498d 000 000000 0 1
e54981 000 000000 0 1
e54987 000 000000 0 1
e54984 000 000000 0 1
e549bd 000 000000 0 1
e549b1 000 000000 0 1
e549b7 000 000000 0 1
e549b4 000 000000 0 1
e549a9 000 000000 0 1
e549af 000 000000 0 1
e549ac 000 000000 0 1
e549a3 000 000000 0 1
e549a0 000 000000 0 1
e549a6 000 000000 0 1
e5b9a5 000 000000 0 1
e5a1a5 000 000000 0 1
e5ada5 000 000000 0 1
e5aba5 000 000000 0 1
e5a8a5 000 000000 0 1
e5a925 000 000000 0 1
e5a9e5 000 000000 0 1
e5a985 000 000000 0 1
e5a9b5 000 000000 0 1
e5a9ad 000 000000 0 1
e5a9a1 000 000000 0 1
e5a9a7 000 000000 0 1
e5a9a4 000 000000 0 1
e591a5 000 000000 0 1
e59da5 000 000000 0 1
e59ba5 000 000000 0 1
e598a5 000 000000 0 1
e59925 000 000000 0 1
e599e5 000 000000 0 1
e59985 000 000000 0 1
e599b5 000 000000 0 1
e599ad 000 000000 0 1
e599a1 000 000000 0 1
e599a7 000 000000 0 1
e599a4 000 000000 0 1
e585a5 000 000000 0 1
e583a5 000 000000 0 1
e580a5 000 000000 0 1
e58125 000 000000 0 1
e581e5 000 000000 0 1
e58185 000 000000 0 1
e581b5 000 000000 0 1
e581ad 000 000000 0 1
e581a1 000 000000 0 1
e581a7 000 000000 0 1
e581a4 000 000000 0 1
e58fa5 000 000000 0 1
e58ca5 000 000000 0 1
e58d25 000 000000 0 1
e58de5 000 000000 0 1
e58d85 000 000000 0 1
e58db5 000 000000 0 1
e58dad 000 000000 0 1
e58da1 000 000000 0 1
e58da7 000 000000 0 1
e58da4 000 000000 0 1
e58aa5 000 000000 0 1
e58b25 000 000000 0 1
e58be5 000 000000 0 1
e58b85 000 000000 0 1
e58bb5 000 000000 0 1
e58bad 000 000000 0 1
e58ba1 000 000000 0 1
e58ba7 000 000000 0 1
e58ba4 000 000000 0 1
e58825 000 000000 0 1
e588e5 000 000000 0 1
e58885 000 000000 0 1
e588b5 000 000000 0 1
e588ad 000 000000 0 1
e588a1 000 000000 0 1
e588a7 000 000000 0 1
e588a4 000 000000 0 1
e58965 000 000000 0 1
e58905 000 000000 0 1
e58935 000 000000 0 1
e5892d 000 000000 0 1
e58921 000 000000 0 1
e58927 000 000000 0 1
e58924 000 000000 0 1
e589c5 000 000000 0 1
e589f5 000 000000 0 1
e589ed 000 000000 0 1
e589e1 000 000000 0 1
e589e7 000 000000 0 1
e589e4 000 000000 0 1
e58995 000 000000 0 1
e5898d 000 000000 0 1
e58981 000 000000 0 1
e58987 000 000000 0 1
e58984 000 000000 0 1
e589bd 000 000000 0 1
e589b1 000 000000 0 1
e589b7 000 000000 0 1
e589b4 000 000000 0 1
e589a9 000 000000 0 1
e589af 000 000000 0 1
e589ac 000 000000 0 1
e589a3 000 000000 0 1
e589a0 000 000000 0 1
e589a6 000 000000 0 1
e5f1a5 000 000000 0 1
e5fda5 000 000000 0 1
e5fba5 000 000000 0 1
e5f8a5 000 000000 0 1
e5f925 000 000000 0 1
e5f9e5 000 000000 0 1
e5f985 000 000000 0 1
e5f9b5 000 000000 0 1
e5f9ad 000 000000 0 1
e5f9a1 000 000000 0 1
e5f9a7 000 000000 0 1
e5f9a4 000 000000 0 1
e5e5a5 000 000000 0 1
e5e3a5 000 000000 0 1
e5e0a5 000 000000 0 1
e5e125 000 000000 0 1
e5e1e5 000 000000 0 1
e5e185 000 000000 0 1
e5e1b5 000 000000 0 1
e5e1ad 000 000000 0 1
e5e1a1 000 000000 0 1
e5e1a7 000 000000 0 1
e5e1a4 000 000000 0 1
e5efa5 000 000000 0 1
e5eca5 000 000000 0 1
e5ed25 000 000000 0 1
e5ede5 000 000000 0 1
e5ed85 000 000000 0 1
e5edb5 000 000000 0 1
e5edad 000 000000 0 1
e5eda1 000 000000 0 1
e5eda7 000 000000 0 1
e5eda4 000 000000 0 1
e5eaa5 000 000000 0 1
e5eb25 000 000000 0 1
e5ebe5 000 000000 0 1
e5eb85 000 000000 0 1
e5ebb5 000 000000 0 1
e5ebad 000 000000 0 1
e5eba1 000 000000 0 1
e5eba7 000 000000 0 1
e5eba4 000 000000 0 1
e5e825 000 000000 0 1
e5e8e5 000 000000 0 1
e5e885 000 000000 0 1
e5e8b5 000 000000 0 1
e5e8ad 000 000000 0 1
e5e8a1 000 000000 0 1
e5e8a7 000 000000 0 1
e5e8a4 000 000000 0 1
e5e965 000 000000 0 1
e5e905 000 000000 0 1
e5e935 000 000000 0 1
e5e92d 000 000000 0 1
e5e921 000 000000 0 1
e5e927 000 000000 0 1
e5e924 000 000000 0 1
e5e9c5 000 000000 0 1
e5e9f5 000 000000 0 1
e5e9ed 000 000000 0 1
e5e9e1 000 000000 0 1
e5e9e7 000 000000 0 1
e5e9e4 000 000000 0 1
e5e995 000 000000 0 1
e5e98d 000 000000 0 1
e5e981 000 000000 0 1
e5e987 000 000000 0 1
e5e984 000 000000 0 1
e5e9bd 000 000000 0 1
e5e9b1 000 000000 0 1
e5e9b7 000 000000 0 1
e5e9b4 000 000000 0 1
e5e9a9 000 000000 0 1
e5e9af 000 000000 0 1
e5e9ac 000 000000 0 1
e5e9a3 000 000000 0 1
e5e9a0 000 000000 0 1
e5e9a6 000 000000 0 1
e5d5a5 000 000000 0 1
e5d3a5 000 000000 0 1
e5d0a5 000 000000 0 1
e5d125 000 000000 0 1
e5d1e5 000 000000 0 1
e5d185 000 000000 0 1
e5d1b5 000 000000 0 1
e5d1ad 000 000000 0 1
e5d1a1 000 000000 0 1
e5d1a7 000 000000 0 1
e5d1a4 000 000000 0 1
e5dfa5 000 000000 0 1
e5dca5 000 000000 0 1
e5dd25 000 000000 0 1
e5dde5 000 000000 0 1
e5dd85 000 000000 0 1
e5ddb5 000 000000 0 1
e5ddad 000 000000 0 1
e5dda1 000 000000 0 1
e5dda7 000 000000 0 1
e5dda4 000 000000 0 1
e5daa5 000 000000 0 1
e5db25 000 000000 0 1
e5dbe5 000 000000 0 1
e5db85 000 000000 0 1
e5dbb5 000 000000 0 1
e5dbad 000 000000 0 1
e5dba1 000 000000 0 1
e5dba7 000 000000 0 1
e5dba4 000 000000 0 1
e5d825 000 000000 0 1
e5d8e5 000 000000 0 1
e5d885 000 000000 0 1
e5d8b5 000 000000 0 1
e5d8ad 000 000000 0 1
e5d8a1 000 000000 0 1
e5d8a7 000 000000 0 1
e5d8a4 000 000000 0 1
e5d965 000 000000 0 1
e5d905 000 000000 0 1
e5d935 000 000000 0 1
e5d92d 000 000000 0 1
e5d921 000 000000 0 1
e5d927 000 000000 0 1
e5d924 000 000000 0 1
e5d9c5 000 000000 0 1
e5d9f5 000 000000 0 1
e5d9ed 000 000000 0 1
e5d9e1 000 000000 0 1
e5d9e7 000 000000 0 1
e5d9e4 000 000000 0 1
e5d995 000 000000 0 1
e5d98d 000 000000 0 1
e5d981 000 000000 0 1
e5d987 000 000000 0 1
e5d984 000 000000 0 1
e5d9bd 000 000000 0 1
e5d9b1 000 000000 0 1
e5d9b7 000 000000 0 1
e5d9b4 000 000000 0 1
e5d9a9 000 000000 0 1
e5d9af 000 000000 0 1
e5d9ac 000 000000 0 1
e5d9a3 000 000000 0 1
e5d9a0 000 000000 0 1
e5d9a6 000 000000 0 1
e5c7a5 000 000000 0 1
e5c4a5 000 000000 0 1
e5c525 000 000000 0 1
e5c5e5 000 000000 0 1
e5c585 000 000000 0 1
e5c5b5 000 000000 0 1
e5c5ad 000 000000 0 1
e5c5a1 000 000000 0 1
e5c5a7 000 000000 0 1
e5c5a4 000 000000 0 1
e5c2a5 000 000000 0 1
e5c325 000 000000 0 1
e5c3e5 000 000000 0 1
e5c385 000 000000 0 1
e5c3b5 000 000000 0 1
e5c3ad 000 000000 0 1
e5c3a1 000 000000 0 1
e5c3a7 000 000000 0 1
e5c3a4 000 000000 0 1
e5c025 000 000000 0 1
e5c0e5 000 000000 0 1
e5c085 000 000000 0 1
e5c0b5 000 000000 0 1
e5c0ad 000 000000 0 1
e5c0a1 000 000000 0 1
e5c0a7 000 000000 0 1
e5c0a4 000 000000 0 1
e5c165 000 000000 0 1
e5c105 000 000000 0 1
e5c135 000 000000 0 1
e5c12d 000 000000 0 1
e5c121 000 000000 0 1
e5c127 000 000000 0 1
e5c124 000 000000 0 1
e5c1c5 000 000000 0 1
e5c1f5 000 000000 0 1
e5c1ed 000 000000 0 1
e5c1e1 000 000000 0 1
e5c1e7 000 000000 0 1
e5c1e4 000 000000 0 1
e5c195 000 000000 0 1
e5c18d 000 000000 0 1
e5c181 000 000000 0 1
e5c187 000 000000 0 1
e5c184 000 000000 0 1
e5c1bd 000 000000 0 1
e5c1b1 000 000000 0 1
e5c1b7 000 000000 0 1
e5c1b4 000 000000 0 1
e5c1a9 000 000000 0 1
e5c1af 000 000000 0 1
e5c1ac 000 000000 0 1
e5c1a3 000 000000 0 1
e5c1a0 000 000000 0 1
e5c1a6 000 000000 0 1
e5cea5 000 000000 0 1
e5cf25 000 000000 0 1
e5cfe5 000 000000 0 1
e5cf85 000 000000 0 1
e5cfb5 000 000000 0 1
e5cfad 000 000000 0 1
e5cfa1 000 000000 0 1
e5cfa7 000 000000 0 1
e5cfa4 000 000000 0 1
e5cc25 000 000000 0 1
e5cce5 000 000000 0 1
e5cc85 000 000000 0 1
e5ccb5 000 000000 0 1
e5ccad 000 000000 0 1
e5cca1 000 000000 0 1
e5cca7 000 000000 0 1
e5cca4 000 000000 0 1
e5cd65 000 000000 0 1
e5cd05 000 000000 0 1
e5cd35 000 000000 0 1
e5cd2d 000 000000 0 1
e5cd21 000 000000 0 1
e5cd27 000 000000 0 1
e5cd24 000 000000 0 1
e5cdc5 000 000000 0 1
e5cdf5 000 000000 0 1
e5cded 000 000000 0 1
e5cde1 000 000000 0 1
e5cde7 000 000000 0 1
e5cde4 000 000000 0 1
e5cd95 000 000000 0 1
e5cd8d 000 000000 0 1
e5cd81 000 000000 0 1
e5cd87 000 000000 0 1
e5cd84 000 000000 0 1
e5cdbd 000 000000 0 1
e5cdb1 000 000000 0 1
e5cdb7 000 000000 0 1
e5cdb4 000 000000 0 1
e5cda9 000 000000 0 1
e5cdaf 000 000000 0 1
e5cdac 000 000000 0 1
e5cda3 000 000000 0 1
e5cda0 000 000000 0 1
e5cda6 000 000000 0 1
e5ca25 000 000000 0 1
e5cae5 000 000000 0 1
e5ca85 000 000000 0 1
e5cab5 000 000000 0 1
e5caad 000 000000 0 1
e5caa1 000 000000 0 1
e5caa7 000 000000 0 1
e5caa4 000 000000 0 1
e5cb65 000 000000 0 1
e5cb05 000 000000 0 1
e5cb35 000 000000 0 1
e5cb2d 000 000000 0 1
e5cb21 000 000000 0 1
e5cb27 000 000000 0 1
e5cb24 000 000000 0 1
e5cbc5 000 000000 0 1
e5cbf5 000 000000 0 1
e5cbed 000 000000 0 1
e5cbe1 000 000000 0 1
e5cbe7 000 000000 0 1
e5cbe4 000 000000 0 1
e5cb95 000 000000 0 1
e5cb8d 000 000000 0 1
e5cb81 000 000000 0 1
e5cb87 000 000000 0 1
e5cb84 000 000000 0 1
e5cbbd 000 000000 0 1
e5cbb1 000 000000 0 1
e5cbb7 000 000000 0 1
e5cbb4 000 000000 0 1
e5cba9 000 000000 0 1
e5cbaf 000 000000 0 1
e5cbac 000 000000 0 1
e5cba3 000 000000 0 1
e5cba0 000 000000 0 1
e5cba6 000 000000 0 1
e5c865 000 000000 0 1
e5c805 000 000000 0 1
e5c835 000 000000 0 1
e5c82d 000 000000 0 1
e5c821 000 000000 0 1
e5c827 000 000000 0 1
e5c824 000 000000 0 1
e5c8c5 000 000000 0 1
e5c8f5 000 000000 0 1
e5c8ed 000 000000 0 1
e5c8e1 000 000000 0 1
e5c8e7 000 000000 0 1
e5c8e4 000 000000 0 1
e5c895 000 000000 0 1
e5c88d 000 000000 0 1
e5c881 000 000000 0 1
e5c887 000 000000 0 1
e5c884 000 000000 0 1
e5c8bd 000 000000 0 1
e5c8b1 000 000000 0 1
e5c8b7 000 000000 0 1
e5c8b4 000 000000 0 1
e5c8a9 000 000000 0 1
e5c8af 000 000000 0 1
e5c8ac 000 000000 0 1
e5c8a3 000 000000 0 1
e5c8a0 000 000000 0 1
e5c8a6 000 000000 0 1
e5c945 000 000000 0 1
e5c975 000 000000 0 1
e5c96d 000 000000 0 1
e5c961 000 000000 0 1
e5c967 000 000000 0 1
e5c964 000 000000 0 1
e5c915 000 000000 0 1
e5c90d 000 000000 0 1
e5c901 000 000000 0 1
e5c907 000 000000 0 1
e5c904 000 000000 0 1
e5c93d 000 000000 0 1
e5c931 000 000000 0 1
e5c937 000 000000 0 1
e5c934 000 000000 0 1
e5c929 000 000000 0 1
e5c92f 000 000000 0 1
e5c92c 000 000000 0 1
e5c923 000 000000 0 1
e5c920 000 000000 0 1
e5c926 000 000000 0 1
e5c9d5 000 000000 0 1
e5c9cd 000 000000 0 1
e5c9c1 000 000000 0 1
e5c9c7 000 000000 0 1
e5c9c4 000 000000 0 1
e5c9fd 000 000000 0 1
e5c9f1 000 000000 0 1
e5c9f7 000 000000 0 1
e5c9f4 000 000000 0 1
e5c9e9 000 000000 0 1
e5c9ef 000 000000 0 1
e5c9ec 000 000000 0 1
e5c9e3 000 000000 0 1
e5c9e0 000 000000 0 1
e5c9e6 000 000000 0 1
e5c99d 000 000000 0 1
e5c991 000 000000 0 1
e5c997 000 000000 0 1
e5c994 000 000000 0 1
e5c989 000 000000 0 1
e5c98f 000 000000 0 1
e5c98c 000 000000 0 1
e5c983 000 000000 0 1
e5c980 000 000000 0 1
e5c986 000 000000 0 1
e5c9b9 000 000000 0 1
e5c9bf 000 000000 0 1
e5c9bc 000 000000 0 1
e5c9b3 000 000000 0 1
e5c9b0 000 000000 0 1
e5c9b6 000 000000 0 1
e5c9ab 000 000000 0 1
e5c9a8 000 000000 0 1
e5c9ae 000 000000 0 1
e5c9a2 000 000000 0 1
99c9a5 000 000000 0 1
9fc9a5 000 000000 0 1
9cc9a5 000 000000 0 1
9d49a5 000 000000 0 1
9d89a5 000 000000 0 1
9de9a5 000 000000 0 1
9dd9a5 000 000000 0 1
9dc1a5 000 000000 0 1
9dcda5 000 000000 0 1
9dcba5 000 000000 0 1
9dc8a5 000 000000 0 1
9dc925 000 000000 0 1
9dc9e5 000 000000 0 1
9dc985 000 000000 0 1
9dc9b5 000 000000 0 1
9dc9ad 000 000000 0 1
9dc9a1 000 000000 0 1
9dc9a7 000 000000 0 1
9dc9a4 000 000000 0 1
93c9a5 000 000000 0 1
90c9a5 000 000000 0 1
9149a5 000 000000 0 1
9189a5 000 000000 0 1
91e9a5 000 000000 0 1
91d9a5 000 000000 0 1
91c1a5 000 000000 0 1
91cda5 000 000000 0 1
91cba5 000 000000 0 1
91c8a5 000 000000 0 1
91c925 000 000000 0 1
91c9e5 000 000000 0 1
91c985 000 000000 0 1
91c9b5 000 000000 0 1
91c9ad 000 000000 0 1
91c9a1 000 000000 0 1
91c9a7 000 000000 0 1
91c9a4 000 000000 0 1
96c9a5 000 000000 0 1
9749a5 000 000000 0 1
9789a5 000 000000 0 1
97e9a5 000 000000 0 1
97d9a5 000 000000 0 1
97c1a5 000 000000 0 1
97cda5 000 000000 0 1
97cba5 000 000000 0 1
97c8a5 000 000000 0 1
97c925 000 000000 0 1
97c9e5 000 000000 0 1
97c985 000 000000 0 1
97c9b5 000 000000 0 1
97c9ad 000 000000 0 1
97c9a1 000 000000 0 1
97c9a7 000 000000 0 1
97c9a4 000 000000 0 1
9449a5 000 000000 0 1
9489a5 000 000000 0 1
94e9a5 000 000000 0 1
94d9a5 000 000000 0 1
94c1a5 000 000000 0 1
94cda5 000 000000 0 1
94cba5 000 000000 0 1
94c8a5 000 000000 0 1
94c925 000 000000 0 1
94c9e5 000 000000 0 1
94c985 000 000000 0 1
94c9b5 000 000000 0 1
94c9ad 000 000000 0 1
94c9a1 000 000000 0 1
94c9a7 000 000000 0 1
94c9a4 000 000000 0 1
9509a5 000 000000 0 1
9569a5 000 000000 0 1
9559a5 000 000000 0 1
9541a5 000 000000 0 1
954da5 000 000000 0 1
954ba5 000 000000 0 1
9548a5 000 000000 0 1
954925 000 000000 0 1
9549e5 000 000000 0 1
954985 000 000000 0 1
9549b5 000 000000 0 1
9549ad 000 000000 0 1
9549a1 000 000000 0 1
9549a7 000 000000 0 1
9549a4 000 000000 0 1
95a9a5 000 000000 0 1
9599a5 000 000000 0 1
9581a5 000 000000 0 1
958da5 000 000000 0 1
958ba5 000 000000 0 1
9588a5 000 000000 0 1
958925 000 000000 0 1
9589e5 000 000000 0 1
958985 000 000000 0 1
9589b5 000 000000 0 1
9589ad 000 000000 0 1
9589a1 000 000000 0 1
9589a7 000 000000 0 1
9589a4 000 000000 0 1
95f9a5 000 000000 0 1
95e1a5 000 000000 0 1
95eda5 000 000000 0 1
95eba5 000 000000 0 1
95e8a5 000 000000 0 1
95e925 000 000000 0 1
95e9e5 000 000000 0 1
95e985 000 000000 0 1
95e9b5 000 000000 0 1
95e9ad 000 000000 0 1
95e9a1 000 000000 0 1
95e9a7 000 000000 0 1
95e9a4 000 000000 0 1
95d1a5 000 000000 0 1
95dda5 000 000000 0 1
95dba5 000 000000 0 1
95d8a5 000 000000 0 1
95d925 000 000000 0 1
95d9e5 000 000000 0 1
95d985 000 000000 0 1
95d9b5 000 000000 0 1
95d9ad 000 000000 0 1
95d9a1 000 000000 0 1
95d9a7 000 000000 0 1
95d9a4 000 000000 0 1
95c5a5 000 000000 0 1
95c3a5 000 000000 0 1
95c0a5 000 000000 0 1
95c125 000 000000 0 1
95c1e5 000 000000 0 1
95c185 000 000000 0 1
95c1b5 000 000000 0 1
95c1ad 000 000000 0 1
95c1a1 000 000000 0 1
95c1a7 000 000000 0 1
95c1a4 000 000000 0 1
95cfa5 000 000000 0 1
95cca5 000 000000 0 1
95cd25 000 000000 0 1
95cde5 000 000000 0 1
95cd85 000 000000 0 1
95cdb5 000 000000 0 1
95cdad 000 000000 0 1
95cda1 000 000000 0 1
95cda7 000 000000 0 1
95cda4 000 000000 0 1
95caa5 000 000000 0 1
95cb25 000 000000 0 1
95cbe5 000 000000 0 1
95cb85 000 000000 0 1
95cbb5 000 000000 0 1
95cbad 000 000000 0 1
95cba1 000 000000 0 1
95cba7 000 000000 0 1
95cba4 000 000000 0 1
95c825 000 000000 0 1
95c8e5 000 000000 0 1
95c885 000 000000 0 1
95c8b5 000 000000 0 1
95c8ad 000 000000 0 1
95c8a1 000 000000 0 1
95c8a7 000 000000 0 1
95c8a4 000 000000 0 1
95c965 000 000000 0 1
95c905 000 000000 0 1
95c935 000 000000 0 1
95c92d 000 000000 0 1
95c921 000 000000 0 1
95c927 000 000000 0 1
95c924 000 000000 0 1
95c9c5 000 000000 0 1
95c9f5 000 000000 0 1
95c9ed 000 000000 0 1
95c9e1 000 000000 0 1
95c9e7 000 000000 0 1
95c9e4 000 000000 0 1
95c995 000 000000 0 1
95c98d 000 000000 0 1
95c981 000 000000 0 1
95c987 000 000000 0 1
95c984 000 000000 0 1
95c9bd 000 000000 0 1
95c9b1 000 000000 0 1
95c9b7 000 000000 0 1
95c9b4 000 000000 0 1
95c9a9 000 000000 0 1
95c9af 000 000000 0 1
95c9ac 000 000000 0 1
95c9a3 000 000000 0 1
95c9a0 000 000000 0 1
95c9a6 000 000000 0 1
8bc9a5 000 000000 0 1
88c9a5 000 000000 0 1
8949a5 000 000000 0 1
8989a5 000 000000 0 1
89e9a5 000 000000 0 1
89d9a5 000 000000 0 1
89c1a5 000 000000 0 1
89cda5 000 000000 0 1
89cba5 000 000000 0 1
89c8a5 000 000000 0 1
89c925 000 000000 0 1
89c9e5 000 000000 0 1
89c985 000 000000 0 1
89c9b5 000 000000 0 1
89c9ad 000 000000 0 1
89c9a1 000 000000 0 1
89c9a7 000 000000 0 1
89c9a4 000 000000 0 1
8ec9a5 000 000000 0 1
8f49a5 000 000000 0 1
8f89a5 000 000000 0 1
8fe9a5 000 000000 0 1
8fd9a5 000 000000 0 1
8fc1a5 000 000000 0 1
8fcda5 000 000000 0 1
8fcba5 000 000000 0 1
8fc8a5 000 000000 0 1
8fc925 000 000000 0 1
8fc9e5 000 000000 0 1
8fc985 000 000000 0 1
8fc9b5 000 000000 0 1
8fc9ad 000 000000 0 1
8fc9a1 000 000000 0 1
8fc9a7 000 000000 0 1
8fc9a4 000 000000 0 1
8c49a5 000 000000 0 1
8c89a5 000 000000 0 1
8ce9a5 000 000000 0 1
8cd9a5 000 000000 0 1
8cc1a5 000 000000 0 1
8ccda5 000 000000 0 1
8ccba5 000 000000 0 1
8cc8a5 000 000000 0 1
8cc925 000 000000 0 1
8cc9e5 000 000000 0 1
8cc985 000 000000 0 1
8cc9b5 000 000000 0 1
8cc9ad 000 000000 0 1
8cc9a1 000 000000 0 1
8cc9a7 000 000000 0 1
8cc9a4 000 000000 0 1
8d09a5 000 000000 0 1
8d69a5 000 000000 0 1
8d59a5 000 000000 0 1
8d41a5 000 000000 0 1
8d4da5 000 000000 0 1
8d4ba5 000 000000 0 1
8d48a5 000 000000 0 1
8d4925 000 000000 0 1
8d49e5 000 000000 0 1
8d4985 000 000000 0 1
8d49b5 000 000000 0 1
8d49ad 000 000000 0 1
8d49a1 000 000000 0 1
8d49a7 000 000000 0 1
8d49a4 000 000000 0 1
8da9a5 000 000000 0 1
8d99a5 000 000000 0 1
8d81a5 000 000000 0 1
8d8da5 000 000000 0 1
8d8ba5 000 000000 0 1
8d88a5 000 000000 0 1
8d8925 000 000000 0 1
8d89e5 000 000000 0 1
8d8985 000 000000 0 1
8d89b5 000 000000 0 1
8d89ad 000 000000 0 1
8d89a1 000 000000 0 1
8d89a7 000 000000 0 1
8d89a4 000 000000 0 1
8df9a5 000 000000 0 1
8de1a5 000 000000 0 1
8deda5 000 000000 0 1
8deba5 000 000000 0 1
8de8a5 000 000000 0 1
8de925 000 000000 0 1
8de9e5 000 000000 0 1
8de985 000 000000 0 1
8de9b5 000 000000 0 1
8de9ad 000 000000 0 1
8de9a1 000 000000 0 1
8de9a7 000 000000 0 1
8de9a4 000 000000 0 1
8dd1a5 000 000000 0 1
8ddda5 000 000000 0 1
8ddba5 000 000000 0 1
8dd8a5 000 000000 0 1
8dd925 000 000000 0 1
8dd9e5 000 000000 0 1
8dd985 000 000000 0 1
8dd9b5 000 000000 0 1
8dd9ad 000 000000 0 1
8dd9a1 000 000000 0 1
8dd9a7 000 000000 0 1
8dd9a4 000 000000 0 1
8dc5a5 000 000000 0 1
8dc3a5 000 000000 0 1
8dc0a5 000 000000 0 1
8dc125 000 000000 0 1
8dc1e5 000 000000 0 1
8dc185 000 000000 0 1
8dc1b5 000 000000 0 1
8dc1ad 000 000000 0 1
8dc1a1 000 000000 0 1
8dc1a7 000 000000 0 1
8dc1a4 000 000000 0 1
8dcfa5 000 000000 0 1
8dcca5 000 000000 0 1
8dcd25 000 000000 0 1
8dcde5 000 000000 0 1
8dcd85 000 000000 0 1
8dcdb5 000 000000 0 1
8dcdad 000 000000 0 1
8dcda1 000 000000 0 1
8dcda7 000 000000 0 1
8dcda4 000 000000 0 1
8dcaa5 000 000000 0 1
8dcb25 000 000000 0 1
8dcbe5 000 000000 0 1
8dcb85 000 000000 0 1
8dcbb5 000 000000 0 1
8dcbad 000 000000 0 1
8dcba1 000 000000 0 1
8dcba7 000 000000 0 1
8dcba4 000 000000 0 1
8dc825 000 000000 0 1
8dc8e5 000 000000 0 1
8dc885 000 000000 0 1
8dc8b5 000 000000 0 1
8dc8ad 000 000000 0 1
8dc8a1 000 000000 0 1
8dc8a7 000 000000 0 1
8dc8a4 000 000000 0 1
8dc965 000 000000 0 1
8dc905 000 000000 0 1
8dc935 000 000000 0 1
8dc92d 000 000000 0 1
8dc921 000 000000 0 1
8dc927 000 000000 0 1
8dc924 000 000000 0 1
8dc9c5 000 000000 0 1
8dc9f5 000 000000 0 1
8dc9ed 000 000000 0 1
8dc9e1 000 000000 0 1
8dc9e7 000 000000 0 1
8dc9e4 000 000000 0 1
8dc995 000 000000 0 1
8dc98d 000 000000 0 1
8dc981 000 000000 0 1
8dc987 000 000000 0 1
8dc984 000 000000 0 1
8dc9bd 000 000000 0 1
8dc9b1 000 000000 0 1
8dc9b7 000 000000 0 1
8dc9b4 000 000000 0 1
8dc9a9 000 000000 0 1
8dc9af 000 000000 0 1
8dc9ac 000 000000 0 1
8dc9a3 000 000000 0 1
8dc9a0 000 000000 0 1
8dc9a6 000 000000 0 1
82c9a5 000 000000 0 1
8349a5 000 000000 0 1
8389a5 000 000000 0 1
83e9a5 000 000000 0 1
83d9a5 000 000000 0 1
83c1a5 000 000000 0 1
83cda5 000 000000 0 1
83cba5 000 000000 0 1
83c8a5 000 000000 0 1
83c925 000 000000 0 1
83c9e5 000 000000 0 1
83c985 000 000000 0 1
83c9b5 000 000000 0 1
83c9ad 000 000000 0 1
83c9a1 000 000000 0 1
83c9a7 000 000000 0 1
83c9a4 000 000000 0 1
8049a5 000 000000 0 1
8089a5 000 000000 0 1
80e9a5 000 000000 0 1
80d9a5 000 000000 0 1
80c1a5 000 000000 0 1
80cda5 000 000000 0 1
80cba5 000 000000 0 1
80c8a5 000 000000 0 1
80c925 000 000000 0 1
80c9e5 000 000000 0 1
80c985 000 000000 0 1
80c9b5 000 000000 0 1
80c9ad 000 000000 0 1
80c9a1 000 000000 0 1
80c9a7 000 000000 0 1
80c9a4 000 000000 0 1
8109a5 000 000000 0 1
8169a5 000 000000 0 1
8159a5 000 000000 0 1
8141a5 000 000000 0 1
814da5 000 000000 0 1
814ba5 000 000000 0 1
8148a5 000 000000 0 1
814925 000 000000 0 1
8149e5 000 000000 0 1
814985 000 000000 0 1
8149b5 000 000000 0 1
8149ad 000 000000 0 1
8149a1 000 000000 0 1
8149a7 000 000000 0 1
8149a4 000 000000 0 1
81a9a5 000 000000 0 1
8199a5 000 000000 0 1
8181a5 000 000000 0 1
818da5 000 000000 0 1
818ba5 000 000000 0 1
8188a5 000 000000 0 1
818925 000 000000 0 1
8189e5 000 000000 0 1
818985 000 000000 0 1
8189b5 000 000000 0 1
8189ad 000 000000 0 1
8189a1 000 000000 0 1
8189a7 000 000000 0 1
8189a4 000 000000 0 1
81f9a5 000 000000 0 1
81e1a5 000 000000 0 1
81eda5 000 000000 0 1
81eba5 000 000000 0 1
81e8a5 000 000000 0 1
81e925 000 000000 0 1
81e9e5 000 000000 0 1
81e985 000 000000 0 1
81e9b5 000 000000 0 1
81e9ad 000 000000 0 1
81e9a1 000 000000 0 1
81e9a7 000 000000 0 1
81e9a4 000 000000 0 1
81d1a5 000 000000 0 1
81dda5 000 000000 0 1
81dba5 000 000000 0 1
81d8a5 000 000000 0 1
81d925 000 000000 0 1
81d9e5 000 000000 0 1
81d985 000 000000 0 1
81d9b5 000 000000 0 1
81d9ad 000 000000 0 1
81d9a1 000 000000 0 1
81d9a7 000 000000 0 1
81d9a4 000 000000 0 1
81c5a5 000 000000 0 1
81c3a5 000 000000 0 1
81c0a5 000 000000 0 1
81c125 000 000000 0 1
81c1e5 000 000000 0 1
81c185 000 000000 0 1
81c1b5 000 000000 0 1
81c1ad 000 000000 0 1
81c1a1 000 000000 0 1
81c1a7 000 000000 0 1
81c1a4 000 000000 0 1
81cfa5 000 000000 0 1
81cca5 000 000000 0 1
81cd25 000 000000 0 1
81cde5 000 000000 0 1
81cd85 000 000000 0 1
81cdb5 000 000000 0 1
81cdad 000 000000 0 1
81cda1 000 000000 0 1
81cda7 000 000000 0 1
81cda4 000 000000 0 1
81caa5 000 000000 0 1
81cb25 000 000000 0 1
81cbe5 000 000000 0 1
81cb85 000 000000 0 1
81cbb5 000 000000 0 1
81cbad 000 000000 0 1
81cba1 000 000000 0 1
81cba7 000 000000 0 1
81cba4 000 000000 0 1
81c825 000 000000 0 1
81c8e5 000 000000 0 1
81c885 000 000000 0 1
81c8b5 000 000000 0 1
81c8ad 000 000000 0 1
81c8a1 000 000000 0 1
81c8a7 000 000000 0 1
81c8a4 000 000000 0 1
81c965 000 000000 0 1
81c905 000 000000 0 1
81c935 000 000000 0 1
81c92d 000 000000 0 1
81c921 000 000000 0 1
81c927 000 000000 0 1
81c924 000 000000 0 1
81c9c5 000 000000 0 1
81c9f5 000 000000 0 1
81c9ed 000 000000 0 1
81c9e1 000 000000 0 1
81c9e7 000 000000 0 1
81c9e4 000 000000 0 1
81c995 000 000000 0 1
81c98d 000 000000 0 1
81c981 000 000000 0 1
81c987 000 000000 0 1
81c984 000 000000 0 1
81c9bd 000 000000 0 1
81c9b1 000 000000 0 1
81c9b7 000 000000 0 1
81c9b4 000 000000 0 1
81c9a9 000 000000 0 1
81c9af 000 000000 0 1
81c9ac 000 000000 0 1
81c9a3 000 000000 0 1
81c9a0 000 000000 0 1
81c9a6 000 000000 0 1
8649a5 000 000000 0 1
8689a5 000 000000 0 1
86e9a5 000 000000 0 1
86d9a5 000 000000 0 1
86c1a5 000 000000 0 1
86cda5 000 000000 0 1
86cba5 000 000000 0 1
86c8a5 000 000000 0 1
86c925 000 000000 0 1
86c9e5 000 000000 0 1
86c985 000 000000 0 1
86c9b5 000 000000 0 1
86c9ad 000 000000 0 1
86c9a1 000 000000 0 1
86c9a7 000 000000 0 1
86c9a4 000 000000 0 1
8709a5 000 000000 0 1
8769a5 000 000000 0 1
8759a5 000 000000 0 1
8741a5 000 000000 0 1
874da5 000 000000 0 1
874ba5 000 000000 0 1
8748a5 000 000000 0 1
874925 000 000000 0 1
8749e5 000 000000 0 1
874985 000 000000 0 1
8749b5 000 000000 0 1
8749ad 000 000000 0 1
8749a1 000 000000 0 1
8749a7 000 000000 0 1
8749a4 000 000000 0 1
87a9a5 000 000000 0 1
8799a5 000 000000 0 1
8781a5 000 000000 0 1
878da5 000 000000 0 1
878ba5 000 000000 0 1
8788a5 000 000000 0 1
878925 000 000000 0 1
8789e5 000 000000 0 1
878985 000 000000 0 1
8789b5 000 000000 0 1
8789ad 000 000000 0 1
8789a1 000 000000 0 1
8789a7 000 000000 0 1
8789a4 000 000000 0 1
87f9a5 000 000000 0 1
87e1a5 000 000000 0 1
87eda5 000 000000 0 1
87eba5 000 000000 0 1
87e8a5 000 000000 0 1
87e925 000 000000 0 1
87e9e5 000 000000 0 1
87e985 000 000000 0 1
87e9b5 000 000000 0 1
87e9ad 000 000000 0 1
87e9a1 000 000000 0 1
87e9a7 000 000000 0 1
87e9a4 000 000000 0 1
87d1a5 000 000000 0 1
87dda5 000 000000 0 1
87dba5 000 000000 0 1
87d8a5 000 000000 0 1
87d925 000 000000 0 1
87d9e5 000 000000 0 1
87d985 000 000000 0 1
87d9b5 000 000000 0 1
87d9ad 000 000000 0 1
87d9a1 000 000000 0 1
87d9a7 000 000000 0 1
87d9a4 000 000000 0 1
87c5a5 000 000000 0 1
87c3a5 000 000000 0 1
87c0a5 000 000000 0 1
87c125 000 000000 0 1
87c1e5 000 000000 0 1
87c185 000 000000 0 1
87c1b5 000 000000 0 1
87c1ad 000 000000 0 1
87c1a1 000 000000 0 1
87c1a7 000 000000 0 1
87c1a4 000 000000 0 1
87cfa5 000 000000 0 1
87cca5 000 000000 0 1
87cd25 000 000000 0 1
87cde5 000 000000 0 1
87cd85 000 000000 0 1
87cdb5 000 000000 0 1
87cdad 000 000000 0 1
87cda1 000 000000 0 1
87cda7 000 000000 0 1
87cda4 000 000000 0 1
87caa5 000 000000 0 1
87cb25 000 000000 0 1
87cbe5 000 000000 0 1
87cb85 000 000000 0 1
87cbb5 000 000000 0 1
87cbad 000 000000 0 1
87cba1 000 000000 0 1
87cba7 000 000000 0 1
87cba4 000 000000 0 1
87c825 000 000000 0 1
87c8e5 000 000000 0 1
87c885 000 000000 0 1
87c8b5 000 000000 0 1
87c8ad 000 000000 0 1
87c8a1 000 000000 0 1
87c8a7 000 000000 0 1
87c8a4 000 000000 0 1
87c965 000 000000 0 1
87c905 000 000000 0 1
87c935 000 000000 0 1
87c92d 000 000000 0 1
87c921 000 000000 0 1
87c927 000 000000 0 1
87c924 000 000000 0 1
87c9c5 000 000000 0 1
87c9f5 000 000000 0 1
87c9ed 000 000000 0 1
87c9e1 000 000000 0 1
87c9e7 000 000000 0 1
87c9e4 000 000000 0 1
87c995 000 000000 0 1
87c98d 000 000000 0 1
87c981 000 000000 0 1
87c987 000 000000 0 1
87c984 000 000000 0 1
87c9bd 000 000000 0 1
87c9b1 000 000000 0 1
87c9b7 000 000000 0 1
87c9b4 000 000000 0 1
87c9a9 000 000000 0 1
87c9af 000 000000 0 1
87c9ac 000 000000 0 1
87c9a3 000 000000 0 1
87c9a0 000 000000 0 1
87c9a6 000 000000 0 1
8409a5 000 000000 0 1
8469a5 000 000000 0 1
8459a5 000 000000 0 1
8441a5 000 000000 0 1
844da5 000 000000 0 1
844ba5 000 000000 0 1
8448a5 000 000000 0 1
844925 000 000000 0 1
8449e5 000 000000 0 1
844985 000 000000 0 1
8449b5 000 000000 0 1
8449ad 000 000000 0 1
8449a1 000 000000 0 1
8449a7 000 000000 0 1
8449a4 000 000000 0 1
84a9a5 000 000000 0 1
8499a5 000 000000 0 1
8481a5 000 000000 0 1
848da5 000 000000 0 1
848ba5 000 000000 0 1
8488a5 000 000000 0 1
848925 000 000000 0 1
8489e5 000 000000 0 1
848985 000 000000 0 1
8489b5 000 000000 0 1
8489ad 000 000000 0 1
8489a1 000 000000 0 1
8489a7 000 000000 0 1
8489a4 000 000000 0 1
84f9a5 000 000000 0 1
84e1a5 000 000000 0 1
84eda5 000 000000 0 1
84eba5 000 000000 0 1
84e8a5 000 000000 0 1
84e925 000 000000 0 1
84e9e5 000 000000 0 1
84e985 000 000000 0 1
84e9b5 000 000000 0 1
84e9ad 000 000000 0 1
84e9a1 000 000000 0 1
84e9a7 000 000000 0 1
84e9a4 000 000000 0 1
84d1a5 000 000000 0 1
84dda5 000 000000 0 1
84dba5 000 000000 0 1
84d8a5 000 000000 0 1
84d925 000 000000 0 1
84d9e5 000 000000 0 1
84d985 000 000000 0 1
84d9b5 000 000000 0 1
84d9ad 000 000000 0 1
84d9a1 000 000000 0 1
84d9a7 000 000000 0 1
84d9a4 000 000000 0 1
84c5a5 000 000000 0 1
84c3a5 000 000000 0 1
84c0a5 000 000000 0 1
84c125 000 000000 0 1
84c1e5 000 000000 0 1
84c185 000 000000 0 1
84c1b5 000 000000 0 1
84c1ad 000 000000 0 1
84c1a1 000 000000 0 1
84c1a7 000 000000 0 1
84c1a4 000 000000 0 1
84cfa5 000 000000 0 1
84cca5 000 000000 0 1
84cd25 000 000000 0 1
84cde5 000 000000 0 1
84cd85 000 000000 0 1
84cdb5 000 000000 0 1
84cdad 000 000000 0 1
84cda1 000 000000 0 1
84cda7 000 000000 0 1
84cda4 000 000000 0 1
84caa5 000 000000 0 1
84cb25 000 000000 0 1
84cbe5 000 000000 0 1
84cb85 000 000000 0 1
84cbb5 000 000000 0 1
84cbad 000 000000 0 1
84cba1 000 000000 0 1
84cba7 000 000000 0 1
84cba4 000 000000 0 1
84c825 000 000000 0 1
84c8e5 000 000000 0 1
84c885 000 000000 0 1
84c8b5 000 000000 0 1
84c8ad 000 000000 0 1
84c8a1 000 000000 0 1
84c8a7 000 000000 0 1
84c8a4 000 000000 0 1
84c965 000 000000 0 1
84c905 000 000000 0 1
84c935 000 000000 0 1
84c92d 000 000000 0 1
84c921 000 000000 0 1
84c927 000 000000 0 1
84c924 000 000000 0 1
84c9c5 000 000000 0 1
84c9f5 000 000000 0 1
84c9ed 000 000000 0 1
84c9e1 000 000000 0 1
84c9e7 000 000000 0 1
84c9e4 000 000000 0 1
84c995 000 000000 0 1
84c98d 000 000000 0 1
84c981 000 000000 0 1
84c987 000 000000 0 1
84c984 000 000000 0 1
84c9bd 000 000000 0 1
84c9b1 000 000000 0 1
84c9b7 000 000000 0 1
84c9b4 000 000000 0 1
84c9a9 000 000000 0 1
84c9af 000 000000 0 1
84c9ac 000 000000 0 1
84c9a3 000 000000 0 1
84c9a0 000 000000 0 1
84c9a6 000 000000 0 1
8529a5 000 000000 0 1
8519a5 000 000000 0 1
8501a5 000 000000 0 1
850da5 000 000000 0 1
850ba5 000 000000 0 1
8508a5 000 000000 0 1
850925 000 000000 0 1
8509e5 000 000000 0 1
850985 000 000000 0 1
8509b5 000 000000 0 1
8509ad 000 000000 0 1
8509a1 000 000000 0 1
8509a7 000 000000 0 1
8509a4 000 000000 0 1
8579a5 000 000000 0 1
8561a5 000 000000 0 1
856da5 000 000000 0 1
856ba5 000 000000 0 1
8568a5 000 000000 0 1
856925 000 000000 0 1
8569e5 000 000000 0 1
856985 000 000000 0 1
8569b5 000 000000 0 1
8569ad 000 000000 0 1
8569a1 000 000000 0 1
8569a7 000 000000 0 1
8569a4 000 000000 0 1
8551a5 000 000000 0 1
855da5 000 000000 0 1
855ba5 000 000000 0 1
8558a5 000 000000 0 1
855925 000 000000 0 1
8559e5 000 000000 0 1
855985 000 000000 0 1
8559b5 000 000000 0 1
8559ad 000 000000 0 1
8559a1 000 000000 0 1
8559a7 000 000000 0 1
8559a4 000 000000 0 1
8545a5 000 000000 0 1
8543a5 000 000000 0 1
8540a5 000 000000 0 1
854125 000 000000 0 1
8541e5 000 000000 0 1
854185 000 000000 0 1
8541b5 000 000000 0 1
8541ad 000 000000 0 1
8541a1 000 000000 0 1
8541a7 000 000000 0 1
8541a4 000 000000 0 1
854fa5 000 000000 0 1
854ca5 000 000000 0 1
854d25 000 000000 0 1
854de5 000 000000 0 1
854d85 000 000000 0 1
854db5 000 000000 0 1
854dad 000 000000 0 1
854da1 000 000000 0 1
854da7 000 000000 0 1
854da4 000 000000 0 1
854aa5 000 000000 0 1
854b25 000 000000 0 1
854be5 000 000000 0 1
854b85 000 000000 0 1
854bb5 000 000000 0 1
854bad 000 000000 0 1
854ba1 000 000000 0 1
854ba7 000 000000 0 1
854ba4 000 000000 0 1
854825 000 000000 0 1
8548e5 000 000000 0 1
854885 000 000000 0 1
8548b5 000 000000 0 1
8548ad 000 000000 0 1
8548a1 000 000000 0 1
8548a7 000 000000 0 1
8548a4 000 000000 0 1
854965 000 000000 0 1
854905 000 000000 0 1
854935 000 000000 0 1
85492d 000 000000 0 1
854921 000 000000 0 1
854927 000 000000 0 1
854924 000 000000 0 1
8549c5 000 000000 0 1
8549f5 000 000000 0 1
8549ed 000 000000 0 1
8549e1 000 000000 0 1
8549e7 000 000000 0 1
8549e4 000 000000 0 1
854995 000 000000 0 1
85498d 000 000000 0 1
854981 000 000000 0 1
854987 000 000000 0 1
854984 000 000000 0 1
8549bd 000 000000 0 1
8549b1 000 000000 0 1
8549b7 000 000000 0 1
8549b4 000 000000 0 1
8549a9 000 000000 0 1
8549af 000 000000 0 1
8549ac 000 000000 0 1
8549a3 000 000000 0 1
8549a0 000 000000 0 1
8549a6 000 000000 0 1
85b9a5 000 000000 0 1
85a1a5 000 000000 0 1
85ada5 000 000000 0 1
85aba5 000 000000 0 1
85a8a5 000 000000 0 1
85a925 000 000000 0 1
85a9e5 000 000000 0 1
85a985 000 000000 0 1
85a9b5 000 000000 0 1
85a9ad 000 000000 0 1
85a9a1 000 000000 0 1
85a9a7 000 000000 0 1
85a9a4 000 000000 0 1
8591a5 000 000000 0 1
859da5 000 000000 0 1
859ba5 000 000000 0 1
8598a5 000 000000 0 1
859925 000 000000 0 1
8599e5 000 000000 0 1
859985 000 000000 0 1
8599b5 000 000000 0 1
8599ad 000 000000 0 1
8599a1 000 000000 0 1
8599a7 000 000000 0 1
8599a4 000 000000 0 1
8585a5 000 000000 0 1
8583a5 000 000000 0 1
8580a5 000 000000 0 1
858125 000 000000 0 1
8581e5 000 000000 0 1
858185 000 000000 0 1
8581b5 000 000000 0 1
8581ad 000 000000 0 1
8581a1 000 000000 0 1
8581a7 000 000000 0 1
8581a4 000 000000 0 1
858fa5 000 000000 0 1
858ca5 000 000000 0 1
858d25 000 000000 0 1
858de5 000 000000 0 1
858d85 000 000000 0 1
858db5 000 000000 0 1
858dad 000 000000 0 1
858da1 000 000000 0 1
858da7 000 000000 0 1
858da4 000 000000 0 1
858aa5 000 000000 0 1
858b25 000 000000 0 1
858be5 000 000000 0 1
858b85 000 000000 0 1
858bb5 000 000000 0 1
858bad 000 000000 0 1
858ba1 000 000000 0 1
858ba7 000 000000 0 1
858ba4 000 000000 0 1
858825 000 000000 0 1
8588e5 000 000000 0 1
858885 000 000000 0 1
8588b5 000 000000 0 1
8588ad 000 000000 0 1
8588a1 000 000000 0 1
8588a7 000 000000 0 1
8588a4 000 000000 0 1
858965 000 000000 0 1
858905 000 000000 0 1
858935 000 000000 0 1
85892d 000 000000 0 1
858921 000 000000 0 1
858927 000 000000 0 1
858924 000 000000 0 1
8589c5 000 000000 0 1
8589f5 000 000000 0 1
8589ed 000 000000 0 1
8589e1 000 000000 0 1
8589e7 000 000000 0 1
8589e4 000 000000 0 1
858995 000 000000 0 1
85898d 000 000000 0 1
858981 000 000000 0 1
858987 000 000000 0 1
858984 000 000000 0 1
8589bd 000 000000 0 1
8589b1 000 000000 0 1
8589b7 000 000000 0 1
8589b4 000 000000 0 1
8589a9 000 000000 0 1
8589af 000 000000 0 1
8589ac 000 000000 0 1
8589a3 000 000000 0 1
8589a0 000 000000 0 1
8589a6 000 000000 0 1
85f1a5 000 000000 0 1
85fda5 000 000000 0 1
85fba5 000 000000 0 1
85f8a5 000 000000 0 1
85f925 000 000000 0 1
85f9e5 000 000000 0 1
85f985 000 000000 0 1
85f9b5 000 000000 0 1
85f9ad 000 000000 0 1
85f9a1 000 000000 0 1
85f9a7 000 000000 0 1
85f9a4 000 000000 0 1
85e5a5 000 000000 0 1
85e3a5 000 000000 0 1
85e0a5 000 000000 0 1
85e125 000 000000 0 1
85e1e5 000 000000 0 1
85e185 000 000000 0 1
85e1b5 000 000000 0 1
85e1ad 000 000000 0 1
85e1a1 000 000000 0 1
85e1a7 000 000000 0 1
85e1a4 000 000000 0 1
85efa5 000 000000 0 1
85eca5 000 000000 0 1
85ed25 000 000000 0 1
85ede5 000 000000 0 1
85ed85 000 000000 0 1
85edb5 000 000000 0 1
85edad 000 000000 0 1
85eda1 000 000000 0 1
85eda7 000 000000 0 1
85eda4 000 000000 0 1
85eaa5 000 000000 0 1
85eb25 000 000000 0 1
85ebe5 000 000000 0 1
85eb85 000 000000 0 1
85ebb5 000 000000 0 1
85ebad 000 000000 0 1
85eba1 000 000000 0 1
85eba7 000 000000 0 1
85eba4 000 000000 0 1
85e825 000 000000 0 1
85e8e5 000 000000 0 1
85e885 000 000000 0 1
85e8b5 000 000000 0 1
85e8ad 000 000000 0 1
85e8a1 000 000000 0 1
85e8a7 000 000000 0 1
85e8a4 000 000000 0 1
85e965 000 000000 0 1
85e905 000 000000 0 1
85e935 000 000000 0 1
85e92d 000 000000 0 1
85e921 000 000000 0 1
85e927 000 000000 0 1
85e924 000 000000 0 1
85e9c5 000 000000 0 1
85e9f5 000 000000 0 1
85e9ed 000 000000 0 1
85e9e1 000 000000 0 1
85e9e7 000 000000 0 1
85e9e4 000 000000 0 1
85e995 000 000000 0 1
85e98d 000 000000 0 1
85e981 000 000000 0 1
85e987 000 000000 0 1
85e984 000 000000 0 1
85e9bd 000 000000 0 1
85e9b1 000 000000 0 1
85e9b7 000 000000 0 1
85e9b4 000 000000 0 1
85e9a9 000 000000 0 1
85e9af 000 000000 0 1
85e9ac 000 000000 0 1
85e9a3 000 000000 0 1
85e9a0 000 000000 0 1
85e9a6 000 000000 0 1
85d5a5 000 000000 0 1
85d3a5 000 000000 0 1
85d0a5 000 000000 0 1
85d125 000 000000 0 1
85d1e5 000 000000 0 1
85d185 000 000000 0 1
85d1b5 000 000000 0 1
85d1ad 000 000000 0 1
85d1a1 000 000000 0 1
85d1a7 000 000000 0 1
85d1a4 000 000000 0 1
85dfa5 000 000000 0 1
85dca5 000 000000 0 1
85dd25 000 000000 0 1
85dde5 000 000000 0 1
85dd85 000 000000 0 1
85ddb5 000 000000 0 1
85ddad 000 000000 0 1
85dda1 000 000000 0 1
85dda7 000 000000 0 1
85dda4 000 000000 0 1
85daa5 000 000000 0 1
85db25 000 000000 0 1
85dbe5 000 000000 0 1
85db85 000 000000 0 1
85dbb5 000 000000 0 1
85dbad 000 000000 0 1
85dba1 000 000000 0 1
85dba7 000 000000 0 1
85dba4 000 000000 0 1
85d825 000 000000 0 1
85d8e5 000 000000 0 1
85d885 000 000000 0 1
85d8b5 000 000000 0 1
85d8ad 000 000000 0 1
85d8a1 000 000000 0 1
85d8a7 000 000000 0 1
85d8a4 000 000000 0 1
85d965 000 000000 0 1
85d905 000 000000 0 1
85d935 000 000000 0 1
85d92d 000 000000 0 1
85d921 000 000000 0 1
85d927 000 000000 0 1
85d924 000 000000 0 1
85d9c5 000 000000 0 1
85d9f5 000 000000 0 1
85d9ed 000 000000 0 1
85d9e1 000 000000 0 1
85d9e7 000 000000 0 1
85d9e4 000 000000 0 1
85d995 000 000000 0 1
85d98d 000 000000 0 1
85d981 000 000000 0 1
85d987 000 000000 0 1
85d984 000 000000 0 1
85d9bd 000 000000 0 1
85d9b1 000 000000 0 1
85d9b7 000 000000 0 1
85d9b4 000 000000 0 1
85d9a9 000 000000 0 1
85d9af 000 000000 0 1
85d9ac 000 000000 0 1
85d9a3 000 000000 0 1
85d9a0 000 000000 0 1
85d9a6 000 000000 0 1
85c7a5 000 000000 0 1
85c4a5 000 000000 0 1
85c525 000 000000 0 1
85c5e5 000 000000 0 1
85c585 000 000000 0 1
85c5b5 000 000000 0 1
85c5ad 000 000000 0 1
85c5a1 000 000000 0 1
85c5a7 000 000000 0 1
85c5a4 000 000000 0 1
85c2a5 000 000000 0 1
85c325 000 000000 0 1
85c3e5 000 000000 0 1
85c385 000 000000 0 1
85c3b5 000 000000 0 1
85c3ad 000 000000 0 1
85c3a1 000 000000 0 1
85c3a7 000 000000 0 1
85c3a4 000 000000 0 1
85c025 000 000000 0 1
85c0e5 000 000000 0 1
85c085 000 000000 0 1
85c0b5 000 000000 0 1
85c0ad 000 000000 0 1
85c0a1 000 000000 0 1
85c0a7 000 000000 0 1
85c0a4 000 000000 0 1
85c165 000 000000 0 1
85c105 000 000000 0 1
85c135 000 000000 0 1
85c12d 000 000000 0 1
85c121 000 000000 0 1
85c127 000 000000 0 1
85c124 000 000000 0 1
85c1c5 000 000000 0 1
85c1f5 000 000000 0 1
85c1ed 000 000000 0 1
85c1e1 000 000000 0 1
85c1e7 000 000000 0 1
85c1e4 000 000000 0 1
85c195 000 000000 0 1
85c18d 000 000000 0 1
85c181 000 000000 0 1
85c187 000 000000 0 1
85c184 000 000000 0 1
85c1bd 000 000000 0 1
85c1b1 000 000000 0 1
85c1b7 000 000000 0 1
85c1b4 000 000000 0 1
85c1a9 000 000000 0 1
85c1af 000 000000 0 1
85c1ac 000 000000 0 1
85c1a3 000 000000 0 1
85c1a0 000 000000 0 1
85c1a6 000 000000 0 1
85cea5 000 000000 0 1
85cf25 000 000000 0 1
85cfe5 000 000000 0 1
85cf85 000 000000 0 1
85cfb5 000 000000 0 1
85cfad 000 000000 0 1
85cfa1 000 000000 0 1
85cfa7 000 000000 0 1
85cfa4 000 000000 0 1
85cc25 000 000000 0 1
85cce5 000 000000 0 1
85cc85 000 000000 0 1
85ccb5 000 000000 0 1
85ccad 000 000000 0 1
85cca1 000 000000 0 1
85cca7 000 000000 0 1
85cca4 000 000000 0 1
85cd65 000 000000 0 1
85cd05 000 000000 0 1
85cd35 000 000000 0 1
85cd2d 000 000000 0 1
85cd21 000 000000 0 1
85cd27 000 000000 0 1
85cd24 000 000000 0 1
85cdc5 000 000000 0 1
85cdf5 000 000000 0 1
85cded 000 000000 0 1
85cde1 000 000000 0 1
85cde7 000 000000 0 1
85cde4 000 000000 0 1
85cd95 000 000000 0 1
85cd8d 000 000000 0 1
85cd81 000 000000 0 1
85cd87 000 000000 0 1
85cd84 000 000000 0 1
85cdbd 000 000000 0 1
85cdb1 000 000000 0 1
85cdb7 000 000000 0 1
85cdb4 000 000000 0 1
85cda9 000 000000 0 1
85cdaf 000 000000 0 1
85cdac 000 000000 0 1
85cda3 000 000000 0 1
85cda0 000 000000 0 1
85cda6 000 000000 0 1
85ca25 000 000000 0 1
85cae5 000 000000 0 1
85ca85 000 000000 0 1
85cab5 000 000000 0 1
85caad 000 000000 0 1
85caa1 000 000000 0 1
85caa7 000 000000 0 1
85caa4 000 000000 0 1
85cb65 000 000000 0 1
85cb05 000 000000 0 1
85cb35 000 000000 0 1
85cb2d 000 000000 0 1
85cb21 000 000000 0 1
85cb27 000 000000 0 1
85cb24 000 000000 0 1
85cbc5 000 000000 0 1
85cbf5 000 000000 0 1
85cbed 000 000000 0 1
85cbe1 000 000000 0 1
85cbe7 000 000000 0 1
85cbe4 000 000000 0 1
85cb95 000 000000 0 1
85cb8d 000 000000 0 1
85cb81 000 000000 0 1
85cb87 000 000000 0 1
85cb84 000 000000 0 1
85cbbd 000 000000 0 1
85cbb1 000 000000 0 1
85cbb7 000 000000 0 1
85cbb4 000 000000 0 1
85cba9 000 000000 0 1
85cbaf 000 000000 0 1
85cbac 000 000000 0 1
85cba3 000 000000 0 1
85cba0 000 000000 0 1
85cba6 000 000000 0 1
85c865 000 000000 0 1
85c805 000 000000 0 1
85c835 000 000000 0 1
85c82d 000 000000 0 1
85c821 000 000000 0 1
85c827 000 000000 0 1
85c824 000 000000 0 1
85c8c5 000 000000 0 1
85c8f5 000 000000 0 1
85c8ed 000 000000 0 1
85c8e1 000 000000 0 1
85c8e7 000 000000 0 1
85c8e4 000 000000 0 1
85c895 000 000000 0 1
85c88d 000 000000 0 1
85c881 000 000000 0 1
85c887 000 000000 0 1
85c884 000 000000 0 1
85c8bd 000 000000 0 1
85c8b1 000 000000 0 1
85c8b7 000 000000 0 1
85c8b4 000 000000 0 1
85c8a9 000 000000 0 1
85c8af 000 000000 0 1
85c8ac 000 000000 0 1
85c8a3 000 000000 0 1
85c8a0 000 000000 0 1
85c8a6 000 000000 0 1
85c945 000 000000 0 1
85c975 000 000000 0 1
85c96d 000 000000 0 1
85c961 000 000000 0 1
85c967 000 000000 0 1
85c964 000 000000 0 1
85c915 000 000000 0 1
85c90d 000 000000 0 1
85c901 000 000000 0 1
85c907 000 000000 0 1
85c904 000 000000 0 1
85c93d 000 000000 0 1
85c931 000 000000 0 1
85c937 000 000000 0 1
85c934 000 000000 0 1
85c929 000 000000 0 1
85c92f 000 000000 0 1
85c92c 000 000000 0 1
85c923 000 000000 0 1
85c920 000 000000 0 1
85c926 000 000000 0 1
85c9d5 000 000000 0 1
85c9cd 000 000000 0 1
85c9c1 000 000000 0 1
85c9c7 000 000000 0 1
85c9c4 000 000000 0 1
85c9fd 000 000000 0 1
85c9f1 000 000000 0 1
85c9f7 000 000000 0 1
85c9f4 000 000000 0 1
85c9e9 000 000000 0 1
85c9ef 000 000000 0 1
85c9ec 000 000000 0 1
85c9e3 000 000000 0 1
85c9e0 000 000000 0 1
85c9e6 000 000000 0 1
85c99d 000 000000 0 1
85c991 000 000000 0 1
85c997 000 000000 0 1
85c994 000 000000 0 1
85c989 000 000000 0 1
85c98f 000 000000 0 1
85c98c 000 000000 0 1
85c983 000 000000 0 1
85c980 000 000000 0 1
85c986 000 000000 0 1
85c9b9 000 000000 0 1
85c9bf 000 000000 0 1
85c9bc 000 000000 0 1
85c9b3 000 000000 0 1
85c9b0 000 000000 0 1
85c9b6 000 000000 0 1
85c9ab 000 000000 0 1
85c9a8 000 000000 0 1
85c9ae 000 000000 0 1
85c9a2 000 000000 0 1
bbc9a5 000 000000 0 1
b8c9a5 000 000000 0 1
b949a5 000 000000 0 1
b989a5 000 000000 0 1
b9e9a5 000 000000 0 1
b9d9a5 000 000000 0 1
b9c1a5 000 000000 0 1
b9cda5 000 000000 0 1
b9cba5 000 000000 0 1
b9c8a5 000 000000 0 1
b9c925 000 000000 0 1
b9c9e5 000 000000 0 1
b9c985 000 000000 0 1
b9c9b5 000 000000 0 1
b9c9ad 000 000000 0 1
b9c9a1 000 000000 0 1
b9c9a7 000 000000 0 1
b9c9a4 000 000000 0 1
bec9a5 000 000000 0 1
bf49a5 000 000000 0 1
bf89a5 000 000000 0 1
bfe9a5 000 000000 0 1
bfd9a5 000 000000 0 1
bfc1a5 000 000000 0 1
bfcda5 000 000000 0 1
bfcba5 000 000000 0 1
bfc8a5 000 000000 0 1
bfc925 000 000000 0 1
bfc9e5 000 000000 0 1
bfc985 000 000000 0 1
bfc9b5 000 000000 0 1
bfc9ad 000 000000 0 1
bfc9a1 000 000000 0 1
bfc9a7 000 000000 0 1
bfc9a4 000 000000 0 1
bc49a5 000 000000 0 1
bc89a5 000 000000 0 1
bce9a5 000 000000 0 1
bcd9a5 000 000000 0 1
bcc1a5 000 000000 0 1
bccda5 000 000000 0 1
bccba5 000 000000 0 1
bcc8a5 000 000000 0 1
bcc925 000 000000 0 1
bcc9e5 000 000000 0 1
bcc985 000 000000 0 1
bcc9b5 000 000000 0 1
bcc9ad 000 000000 0 1
bcc9a1 000 000000 0 1
bcc9a7 000 000000 0 1
bcc9a4 000 000000 0 1
bd09a5 000 000000 0 1
bd69a5 000 000000 0 1
bd59a5 000 000000 0 1
bd41a5 000 000000 0 1
bd4da5 000 000000 0 1
bd4ba5 000 000000 0 1
bd48a5 000 000000 0 1
bd4925 000 000000 0 1
bd49e5 000 000000 0 1
bd4985 000 000000 0 1
bd49b5 000 000000 0 1
bd49ad 000 000000 0 1
bd49a1 000 000000 0 1
bd49a7 000 000000 0 1
bd49a4 000 000000 0 1
bda9a5 000 000000 0 1
bd99a5 000 000000 0 1
bd81a5 000 000000 0 1
bd8da5 000 000000 0 1
bd8ba5 000 000000 0 1
bd88a5 000 000000 0 1
bd8925 000 000000 0 1
bd89e5 000 000000 0 1
bd8985 000 000000 0 1
bd89b5 000 000000 0 1
bd89ad 000 000000 0 1
bd89a1 000 000000 0 1
bd89a7 000 000000 0 1
bd89a4 000 000000 0 1
bdf9a5 000 000000 0 1
bde1a5 000 000000 0 1
bdeda5 000 000000 0 1
bdeba5 000 000000 0 1
bde8a5 000 000000 0 1
bde925 000 000000 0 1
bde9e5 000 000000 0 1
bde985 000 000000 0 1
bde9b5 000 000000 0 1
bde9ad 000 000000 0 1
bde9a1 000 000000 0 1
bde9a7 000 000000 0 1
bde9a4 000 000000 0 1
bdd1a5 000 000000 0 1
bddda5 000 000000 0 1
bddba5 000 000000 0 1
bdd8a5 000 000000 0 1
bdd925 000 000000 0 1
bdd9e5 000 000000 0 1
bdd985 000 000000 0 1
bdd9b5 000 000000 0 1
bdd9ad 000 000000 0 1
bdd9a1 000 000000 0 1
bdd9a7 000 000000 0 1
bdd9a4 000 000000 0 1
bdc5a5 000 000000 0 1
bdc3a5 000 000000 0 1
bdc0a5 000 000000 0 1
bdc125 000 000000 0 1
bdc1e5 000 000000 0 1
bdc185 000 000000 0 1
bdc1b5 000 000000 0 1
bdc1ad 000 000000 0 1
bdc1a1 000 000000 0 1
bdc1a7 000 000000 0 1
bdc1a4 000 000000 0 1
bdcfa5 000 000000 0 1
bdcca5 000 000000 0 1
bdcd25 000 000000 0 1
bdcde5 000 000000 0 1
bdcd85 000 000000 0 1
bdcdb5 000 000000 0 1
bdcdad 000 000000 0 1
bdcda1 000 000000 0 1
bdcda7 000 000000 0 1
bdcda4 000 000000 0 1
bdcaa5 000 000000 0 1
bdcb25 000 000000 0 1
bdcbe5 000 000000 0 1
bdcb85 000 000000 0 1
bdcbb5 000 000000 0 1
bdcbad 000 000000 0 1
bdcba1 000 000000 0 1
bdcba7 000 000000 0 1
bdcba4 000 000000 0 1
bdc825 000 000000 0 1
bdc8e5 000 000000 0 1
bdc885 000 000000 0 1
bdc8b5 000 000000 0 1
bdc8ad 000 000000 0 1
bdc8a1 000 000000 0 1
bdc8a7 000 000000 0 1
bdc8a4 000 000000 0 1
bdc965 000 000000 0 1
bdc905 000 000000 0 1
bdc935 000 000000 0 1
bdc92d 000 000000 0 1
bdc921 000 000000 0 1
bdc927 000 000000 0 1
bdc924 000 000000 0 1
bdc9c5 000 000000 0 1
bdc9f5 000 000000 0 1
bdc9ed 000 000000 0 1
bdc9e1 000 000000 0 1
bdc9e7 000 000000 0 1
bdc9e4 000 000000 0 1
bdc995 000 000000 0 1
bdc98d 000 000000 0 1
bdc981 000 000000 0 1
bdc987 000 000000 0 1
bdc984 000 000000 0 1
bdc9bd 000 000000 0 1
bdc9b1 000 000000 0 1
bdc9b7 000 000000 0 1
bdc9b4 000 000000 0 1
bdc9a9 000 000000 0 1
bdc9af 000 000000 0 1
bdc9ac 000 000000 0 1
bdc9a3 000 000000 0 1
bdc9a0 000 000000 0 1
bdc9a6 000 000000 0 1
b2c9a5 000 000000 0 1
b349a5 000 000000 0 1
b389a5 000 000000 0 1
b3e9a5 000 000000 0 1
b3d9a5 000 000000 0 1
b3c1a5 000 000000 0 1
b3cda5 000 000000 0 1
b3cba5 000 000000 0 1
b3c8a5 000 000000 0 1
b3c925 000 000000 0 1
b3c9e5 000 000000 0 1
b3c985 000 000000 0 1
b3c9b5 000 000000 0 1
b3c9ad 000 000000 0 1
b3c9a1 000 000000 0 1
b3c9a7 000 000000 0 1
b3c9a4 000 000000 0 1
b049a5 000 000000 0 1
b089a5 000 000000 0 1
b0e9a5 000 000000 0 1
b0d9a5 000 000000 0 1
b0c1a5 000 000000 0 1
b0cda5 000 000000 0 1
b0cba5 000 000000 0 1
b0c8a5 000 000000 0 1
b0c925 000 000000 0 1
b0c9e5 000 000000 0 1
b0c985 000 000000 0 1
b0c9b5 000 000000 0 1
b0c9ad 000 000000 0 1
b0c9a1 000 000000 0 1
b0c9a7 000 000000 0 1
b0c9a4 000 000000 0 1
b109a5 000 000000 0 1
b169a5 000 000000 0 1
b159a5 000 000000 0 1
b141a5 000 000000 0 1
b14da5 000 000000 0 1
b14ba5 000 000000 0 1
b148a5 000 000000 0 1
b14925 000 000000 0 1
b149e5 000 000000 0 1
b14985 000 000000 0 1
b149b5 000 000000 0 1
b149ad 000 000000 0 1
b149a1 000 000000 0 1
b149a7 000 000000 0 1
b149a4 000 000000 0 1
b1a9a5 000 000000 0 1
b199a5 000 000000 0 1
b181a5 000 000000 0 1
b18da5 000 000000 0 1
b18ba5 000 000000 0 1
b188a5 000 000000 0 1
b18925 000 000000 0 1
b189e5 000 000000 0 1
b18985 000 000000 0 1
b189b5 000 000000 0 1
b189ad 000 000000 0 1
b189a1 000 000000 0 1
b189a7 000 000000 0 1
b189a4 000 000000 0 1
b1f9a5 000 000000 0 1
b1e1a5 000 000000 0 1
b1eda5 000 000000 0 1
b1eba5 000 000000 0 1
b1e8a5 000 000000 0 1
b1e925 000 000000 0 1
b1e9e5 000 000000 0 1
b1e985 000 000000 0 1
b1e9b5 000 000000 0 1
b1e9ad 000 000000 0 1
b1e9a1 000 000000 0 1
b1e9a7 000 000000 0 1
b1e9a4 000 000000 0 1
b1d1a5 000 000000 0 1
b1dda5 000 000000 0 1
b1dba5 000 000000 0 1
b1d8a5 000 000000 0 1
b1d925 000 000000 0 1
b1d9e5 000 000000 0 1
b1d985 000 000000 0 1
b1d9b5 000 000000 0 1
b1d9ad 000 000000 0 1
b1d9a1 000 000000 0 1
b1d9a7 000 000000 0 1
b1d9a4 000 000000 0 1
b1c5a5 000 000000 0 1
b1c3a5 000 000000 0 1
b1c0a5 000 000000 0 1
b1c125 000 000000 0 1
b1c1e5 000 000000 0 1
b1c185 000 000000 0 1
b1c1b5 000 000000 0 1
b1c1ad 000 000000 0 1
b1c1a1 000 000000 0 1
b1c1a7 000 000000 0 1
b1c1a4 000 000000 0 1
b1cfa5 000 000000 0 1
b1cca5 000 000000 0 1
b1cd25 000 000000 0 1
b1cde5 000 000000 0 1
b1cd85 000 000000 0 1
b1cdb5 000 000000 0 1
b1cdad 000 000000 0 1
b1cda1 000 000000 0 1
b1cda7 000 000000 0 1
b1cda4 000 000000 0 1
b1caa5 000 000000 0 1
b1cb25 000 000000 0 1
b1cbe5 000 000000 0 1
b1cb85 000 000000 0 1
b1cbb5 000 000000 0 1
b1cbad 000 000000 0 1
b1cba1 000 000000 0 1
b1cba7 000 000000 0 1
b1cba4 000 000000 0 1
b1c825 000 000000 0 1
b1c8e5 000 000000 0 1
b1c885 000 000000 0 1
b1c8b5 000 000000 0 1
b1c8ad 000 000000 0 1
b1c8a1 000 000000 0 1
b1c8a7 000 000000 0 1
b1c8a4 000 000000 0 1
b1c965 000 000000 0 1
b1c905 000 000000 0 1
b1c935 000 000000 0 1
b1c92d 000 000000 0 1
b1c921 000 000000 0 1
b1c927 000 000000 0 1
b1c924 000 000000 0 1
b1c9c5 000 000000 0 1
b1c9f5 000 000000 0 1
b1c9ed 000 000000 0 1
b1c9e1 000 000000 0 1
b1c9e7 000 000000 0 1
b1c9e4 000 000000 0 1
b1c995 000 000000 0 1
b1c98d 000 000000 0 1
b1c981 000 000000 0 1
b1c987 000 000000 0 1
b1c984 000 000000 0 1
b1c9bd 000 000000 0 1
b1c9b1 000 000000 0 1
b1c9b7 000 000000 0 1
b1c9b4 000 000000 0 1
b1c9a9 000 000000 0 1
b1c9af 000 000000 0 1
b1c9ac 000 000000 0 1
b1c9a3 000 000000 0 1
b1c9a0 000 000000 0 1
b1c9a6 000 000000 0 1
b649a5 000 000000 0 1
b689a5 000 000000 0 1
b6e9a5 000 000000 0 1
b6d9a5 000 000000 0 1
b6c1a5 000 000000 0 1
b6cda5 000 000000 0 1
b6cba5 000 000000 0 1
b6c8a5 000 000000 0 1
b6c925 000 000000 0 1
b6c9e5 000 000000 0 1
b6c985 000 000000 0 1
b6c9b5 000 000000 0 1
b6c9ad 000 000000 0 1
b6c9a1 000 000000 0 1
b6c9a7 000 000000 0 1
b6c9a4 000 000000 0 1
b709a5 000 000000 0 1
b769a5 000 000000 0 1
b759a5 000 000000 0 1
b741a5 000 000000 0 1
b74da5 000 000000 0 1
b74ba5 000 000000 0 1
b748a5 000 000000 0 1
b74925 000 000000 0 1
b749e5 000 000000 0 1
b74985 000 000000 0 1
b749b5 000 000000 0 1
b749ad 000 000000 0 1
b749a1 000 000000 0 1
b749a7 000 000000 0 1
b749a4 000 000000 0 1
b7a9a5 000 000000 0 1
b799a5 000 000000 0 1
b781a5 000 000000 0 1
b78da5 000 000000 0 1
b78ba5 000 000000 0 1
b788a5 000 000000 0 1
b78925 000 000000 0 1
b789e5 000 000000 0 1
b78985 000 000000 0 1
b789b5 000 000000 0 1
b789ad 000 000000 0 1
b789a1 000 000000 0 1
b789a7 000 000000 0 1
b789a4 000 000000 0 1
b7f9a5 000 000000 0 1
b7e1a5 000 000000 0 1
b7eda5 000 000000 0 1
b7eba5 000 000000 0 1
b7e8a5 000 000000 0 1
b7e925 000 000000 0 1
b7e9e5 000 000000 0 1
b7e985 000 000000 0 1
b7e9b5 000 000000 0 1
b7e9ad 000 000000 0 1
b7e9a1 000 000000 0 1
b7e9a7 000 000000 0 1
b7e9a4 000 000000 0 1
b7d1a5 000 000000 0 1
b7dda5 000 000000 0 1
b7dba5 000 000000 0 1
b7d8a5 000 000000 0 1
b7d925 000 000000 0 1
b7d9e5 000 000000 0 1
b7d985 000 000000 0 1
b7d9b5 000 000000 0 1
b7d9ad 000 000000 0 1
b7d9a1 000 000000 0 1
b7d9a7 000 000000 0 1
b7d9a4 000 000000 0 1
b7c5a5 000 000000 0 1
b7c3a5 000 000000 0 1
b7c0a5 000 000000 0 1
b7c125 000 000000 0 1
b7c1e5 000 000000 0 1
b7c185 000 000000 0 1
b7c1b5 000 000000 0 1
b7c1ad 000 000000 0 1
b7c1a1 000 000000 0 1
b7c1a7 000 000000 0 1
b7c1a4 000 000000 0 1
b7cfa5 000 000000 0 1
b7cca5 000 000000 0 1
b7cd25 000 000000 0 1
b7cde5 000 000000 0 1
b7cd85 000 000000 0 1
b7cdb5 000 000000 0 1
b7cdad 000 000000 0 1
b7cda1 000 000000 0 1
b7cda7 000 000000 0 1
b7cda4 000 000000 0 1
b7caa5 000 000000 0 1
b7cb25 000 000000 0 1
b7cbe5 000 000000 0 1
b7cb85 000 000000 0 1
b7cbb5 000 000000 0 1
b7cbad 000 000000 0 1
b7cba1 000 000000 0 1
b7cba7 000 000000 0 1
b7cba4 000 000000 0 1
b7c825 000 000000 0 1
b7c8e5 000 000000 0 1
b7c885 000 000000 0 1
b7c8b5 000 000000 0 1
b7c8ad 000 000000 0 1
b7c8a1 000 000000 0 1
b7c8a7 000 000000 0 1
b7c8a4 000 000000 0 1
b7c965 000 000000 0 1
b7c905 000 000000 0 1
b7c935 000 000000 0 1
b7c92d 000 000000 0 1
b7c921 000 000000 0 1
b7c927 000 000000 0 1
b7c924 000 000000 0 1
b7c9c5 000 000000 0 1
b7c9f5 000 000000 0 1
b7c9ed 000 000000 0 1
b7c9e1 000 000000 0 1
b7c9e7 000 000000 0 1
b7c9e4 000 000000 0 1
b7c995 000 000000 0 1
b7c98d 000 000000 0 1
b7c981 000 000000 0 1
b7c987 000 000000 0 1
b7c984 000 000000 0 1
b7c9bd 000 000000 0 1
b7c9b1 000 000000 0 1
b7c9b7 000 000000 0 1
b7c9b4 000 000000 0 1
b7c9a9 000 000000 0 1
b7c9af 000 000000 0 1
b7c9ac 000 000000 0 1
b7c9a3 000 000000 0 1
b7c9a0 000 000000 0 1
b7c9a6 000 000000 0 1
b409a5 000 000000 0 1
b469a5 000 000000 0 1
b459a5 000 000000 0 1
b441a5 000 000000 0 1
b44da5 000 000000 0 1
b44ba5 000 000000 0 1
b448a5 000 000000 0 1
b44925 000 000000 0 1
b449e5 000 000000 0 1
b44985 000 000000 0 1
b449b5 000 000000 0 1
b449ad 000 000000 0 1
b449a1 000 000000 0 1
b449a7 000 000000 0 1
b449a4 000 000000 0 1
b4a9a5 000 000000 0 1
b499a5 000 000000 0 1
b481a5 000 000000 0 1
b48da5 000 000000 0 1
b48ba5 000 000000 0 1
b488a5 000 000000 0 1
b48925 000 000000 0 1
b489e5 000 000000 0 1
b48985 000 000000 0 1
b489b5 000 000000 0 1
b489ad 000 000000 0 1
b489a1 000 000000 0 1
b489a7 000 000000 0 1
b489a4 000 000000 0 1
b4f9a5 000 000000 0 1
b4e1a5 000 000000 0 1
b4eda5 000 000000 0 1
b4eba5 000 000000 0 1
b4e8a5 000 000000 0 1
b4e925 000 000000 0 1
b4e9e5 000 000000 0 1
b4e985 000 000000 0 1
b4e9b5 000 000000 0 1
b4e9ad 000 000000 0 1
b4e9a1 000 000000 0 1
b4e9a7 000 000000 0 1
b4e9a4 000 000000 0 1
b4d1a5 000 000000 0 1
b4dda5 000 000000 0 1
b4dba5 000 000000 0 1
b4d8a5 000 000000 0 1
b4d925 000 000000 0 1
b4d9e5 000 000000 0 1
b4d985 000 000000 0 1
b4d9b5 000 000000 0 1
b4d9ad 000 000000 0 1
b4d9a1 000 000000 0 1
b4d9a7 000 000000 0 1
b4d9a4 000 000000 0 1
b4c5a5 000 000000 0 1
b4c3a5 000 000000 0 1
b4c0a5 000 000000 0 1
b4c125 000 000000 0 1
b4c1e5 000 000000 0 1
b4c185 000 000000 0 1
b4c1b5 000 000000 0 1
b4c1ad 000 000000 0 1
b4c1a1 000 000000 0 1
b4c1a7 000 000000 0 1
b4c1a4 000 000000 0 1
b4cfa5 000 000000 0 1
b4cca5 000 000000 0 1
b4cd25 000 000000 0 1
b4cde5 000 000000 0 1
b4cd85 000 000000 0 1
b4cdb5 000 000000 0 1
b4cdad 000 000000 0 1
b4cda1 000 000000 0 1
b4cda7 000 000000 0 1
b4cda4 000 000000 0 1
b4caa5 000 000000 0 1
b4cb25 000 000000 0 1
b4cbe5 000 000000 0 1
b4cb85 000 000000 0 1
b4cbb5 000 000000 0 1
b4cbad 000 000000 0 1
b4cba1 000 000000 0 1
b4cba7 000 000000 0 1
b4cba4 000 000000 0 1
b4c825 000 000000 0 1
b4c8e5 000 000000 0 1
b4c885 000 000000 0 1
b4c8b5 000 000000 0 1
b4c8ad 000 000000 0 1
b4c8a1 000 000000 0 1
b4c8a7 000 000000 0 1
b4c8a4 000 000000 0 1
b4c965 000 000000 0 1
b4c905 000 000000 0 1
b4c935 000 000000 0 1
b4c92d 000 000000 0 1
b4c921 000 000000 0 1
b4c927 000 000000 0 1
b4c924 000 000000 0 1
b4c9c5 000 000000 0 1
b4c9f5 000 000000 0 1
b4c9ed 000 000000 0 1
b4c9e1 000 000000 0 1
b4c9e7 000 000000 0 1
b4c9e4 000 000000 0 1
b4c995 000 000000 0 1
b4c98d 000 000000 0 1
b4c981 000 000000 0 1
b4c987 000 000000 0 1
b4c984 000 000000 0 1
b4c9bd 000 000000 0 1
b4c9b1 000 000000 0 1
b4c9b7 000 000000 0 1
b4c9b4 000 000000 0 1
b4c9a9 000 000000 0 1
b4c9af 000 000000 0 1
b4c9ac 000 000000 0 1
b4c9a3 000 000000 0 1
b4c9a0 000 000000 0 1
b4c9a6 000 000000 0 1
b529a5 000 000000 0 1
b519a5 000 000000 0 1
b501a5 000 000000 0 1
b50da5 000 000000 0 1
b50ba5 000 000000 0 1
b508a5 000 000000 0 1
b50925 000 000000 0 1
b509e5 000 000000 0 1
b50985 000 000000 0 1
b509b5 000 000000 0 1
b509ad 000 000000 0 1
b509a1 000 000000 0 1
b509a7 000 000000 0 1
b509a4 000 000000 0 1
b579a5 000 000000 0 1
b561a5 000 000000 0 1
b56da5 000 000000 0 1
b56ba5 000 000000 0 1
b568a5 000 000000 0 1
b56925 000 000000 0 1
b569e5 000 000000 0 1
b56985 000 000000 0 1
b569b5 000 000000 0 1
b569ad 000 000000 0 1
b569a1 000 000000 0 1
b569a7 000 000000 0 1
b569a4 000 000000 0 1
b551a5 000 000000 0 1
b55da5 000 000000 0 1
b55ba5 000 000000 0 1
b558a5 000 000000 0 1
b55925 000 000000 0 1
b559e5 000 000000 0 1
b55985 000 000000 0 1
b559b5 000 000000 0 1
b559ad 000 000000 0 1
b559a1 000 000000 0 1
b559a7 000 000000 0 1
b559a4 000 000000 0 1
b545a5 000 000000 0 1
b543a5 000 000000 0 1
b540a5 000 000000 0 1
b54125 000 000000 0 1
b541e5 000 000000 0 1
b54185 000 000000 0 1
b541b5 000 000000 0 1
b541ad 000 000000 0 1
b541a1 000 000000 0 1
b541a7 000 000000 0 1
b541a4 000 000000 0 1
b54fa5 000 000000 0 1
b54ca5 000 000000 0 1
b54d25 000 000000 0 1
b54de5 000 000000 0 1
b54d85 000 000000 0 1
b54db5 000 000000 0 1
b54dad 000 000000 0 1
b54da1 000 000000 0 1
b54da7 000 000000 0 1
b54da4 000 000000 0 1
b54aa5 000 000000 0 1
b54b25 000 000000 0 1
b54be5 000 000000 0 1
b54b85 000 000000 0 1
b54bb5 000 000000 0 1
b54bad 000 000000 0 1
b54ba1 000 000000 0 1
b54ba7 000 000000 0 1
b54ba4 000 000000 0 1
b54825 000 000000 0 1
b548e5 000 000000 0 1
b54885 000 000000 0 1
b548b5 000 000000 0 1
b548ad 000 000000 0 1
b548a1 000 000000 0 1
b548a7 000 000000 0 1
b548a4 000 000000 0 1
b54965 000 000000 0 1
b54905 000 000000 0 1
b54935 000 000000 0 1
b5492d 000 000000 0 1
b54921 000 000000 0 1
b54927 000 000000 0 1
b54924 000 000000 0 1
b549c5 000 000000 0 1
b549f5 000 000000 0 1
b549ed 000 000000 0 1
b549e1 000 000000 0 1
b549e7 000 000000 0 1
b549e4 000 000000 0 1
b54995 000 000000 0 1
b5498d 000 000000 0 1
b54981 000 000000 0 1
b54987 000 000000 0 1
b54984 000 000000 0 1
b549bd 000 000000 0 1
b549b1 000 000000 0 1
b549b7 000 000000 0 1
b549b4 000 000000 0 1
b549a9 000 000000 0 1
b549af 000 000000 0 1
b549ac 000 000000 0 1
b549a3 000 000000 0 1
b549a0 000 000000 0 1
b549a6 000 000000 0 1
b5b9a5 000 000000 0 1
b5a1a5 000 000000 0 1
b5ada5 000 000000 0 1
b5aba5 000 000000 0 1
b5a8a5 000 000000 0 1
b5a925 000 000000 0 1
b5a9e5 000 000000 0 1
b5a985 000 000000 0 1
b5a9b5 000 000000 0 1
b5a9ad 000 000000 0 1
b5a9a1 000 000000 0 1
b5a9a7 000 000000 0 1
b5a9a4 000 000000 0 1
b591a5 000 000000 0 1
b59da5 000 000000 0 1
b59ba5 000 000000 0 1
b598a5 000 000000 0 1
b59925 000 000000 0 1
b599e5 000 000000 0 1
b59985 000 000000 0 1
b599b5 000 000000 0 1
b599ad 000 000000 0 1
b599a1 000 000000 0 1
b599a7 000 000000 0 1
b599a4 000 000000 0 1
b585a5 000 000000 0 1
b583a5 000 000000 0 1
b580a5 000 000000 0 1
b58125 000 000000 0 1
b581e5 000 000000 0 1
b58185 000 000000 0 1
b581b5 000 000000 0 1
b581ad 000 000000 0 1
b581a1 000 000000 0 1
b581a7 000 000000 0 1
b581a4 000 000000 0 1
b58fa5 000 000000 0 1
b58ca5 000 000000 0 1
b58d25 000 000000 0 1
b58de5 000 000000 0 1
b58d85 000 000000 0 1
b58db5 000 000000 0 1
b58dad 000 000000 0 1
b58da1 000 000000 0 1
b58da7 000 000000 0 1
b58da4 000 000000 0 1
b58aa5 000 000000 0 1
b58b25 000 000000 0 1
b58be5 000 000000 0 1
b58b85 000 000000 0 1
b58bb5 000 000000 0 1
b58bad 000 000000 0 1
b58ba1 000 000000 0 1
b58ba7 000 000000 0 1
b58ba4 000 000000 0 1
b58825 000 000000 0 1
b588e5 000 000000 0 1
b58885 000 000000 0 1
b588b5 000 000000 0 1
b588ad 000 000000 0 1
b588a1 000 000000 0 1
b588a7 000 000000 0 1
b588a4 000 000000 0 1
b58965 000 000000 0 1
b58905 000 000000 0 1
b58935 000 000000 0 1
b5892d 000 000000 0 1
b58921 000 000000 0 1
b58927 000 000000 0 1
b58924 000 000000 0 1
b589c5 000 000000 0 1
b589f5 000 000000 0 1
b589ed 000 000000 0 1
b589e1 000 000000 0 1
b589e7 000 000000 0 1
b589e4 000 000000 0 1
b58995 000 000000 0 1
b5898d 000 000000 0 1
b58981 000 000000 0 1
b58987 000 000000 0 1
b58984 000 000000 0 1
b589bd 000 000000 0 1
b589b1 000 000000 0 1
b589b7 000 000000 0 1
b589b4 000 000000 0 1
b589a9 000 000000 0 1
b589af 000 000000 0 1
b589ac 000 000000 0 1
b589a3 000 000000 0 1
b589a0 000 000000 0 1
b589a6 000 000000 0 1
b5f1a5 000 000000 0 1
b5fda5 000 000000 0 1
b5fba5 000 000000 0 1
b5f8a5 000 000000 0 1
b5f925 000 000000 0 1
b5f9e5 000 000000 0 1
b5f985 000 000000 0 1
b5f9b5 000 000000 0 1
b5f9ad 000 000000 0 1
b5f9a1 000 000000 0 1
b5f9a7 000 000000 0 1
b5f9a4 000 000000 0 1
b5e5a5 000 000000 0 1
b5e3a5 000 000000 0 1
b5e0a5 000 000000 0 1
b5e125 000 000000 0 1
b5e1e5 000 000000 0 1
b5e185 000 000000 0 1
b5e1b5 000 000000 0 1
b5e1ad 000 000000 0 1
b5e1a1 000 000000 0 1
b5e1a7 000 000000 0 1
b5e1a4 000 000000 0 1
b5efa5 000 000000 0 1
b5eca5 000 000000 0 1
b5ed25 000 000000 0 1
b5ede5 000 000000 0 1
b5ed85 000 000000 0 1
b5edb5 000 000000 0 1
b5edad 000 000000 0 1
b5eda1 000 000000 0 1
b5eda7 000 000000 0 1
b5eda4 000 000000 0 1
b5eaa5 000 000000 0 1
b5eb25 000 000000 0 1
b5ebe5 000 000000 0 1
b5eb85 000 000000 0 1
b5ebb5 000 000000 0 1
b5ebad 000 000000 0 1
b5eba1 000 000000 0 1
b5eba7 000 000000 0 1
b5eba4 000 000000 0 1
b5e825 000 000000 0 1
b5e8e5 000 000000 0 1
b5e885 000 000000 0 1
b5e8b5 000 000000 0 1
b5e8ad 000 000000 0 1
b5e8a1 000 000000 0 1
b5e8a7 000 000000 0 1
b5e8a4 000 000000 0 1
b5e965 000 000000 0 1
b5e905 000 000000 0 1
b5e935 000 000000 0 1
b5e92d 000 000000 0 1
b5e921 000 000000 0 1
b5e927 000 000000 0 1
b5e924 000 000000 0 1
b5e9c5 000 000000 0 1
b5e9f5 000 000000 0 1
b5e9ed 000 000000 0 1
b5e9e1 000 000000 0 1
b5e9e7 000 000000 0 1
b5e9e4 000 000000 0 1
b5e995 000 000000 0 1
b5e98d 000 000000 0 1
b5e981 000 000000 0 1
b5e987 000 000000 0 1
b5e984 000 000000 0 1
b5e9bd 000 000000 0 1
b5e9b1 000 000000 0 1
b5e9b7 000 000000 0 1
b5e9b4 000 000000 0 1
b5e9a9 000 000000 0 1
b5e9af 000 000000 0 1
b5e9ac 000 000000 0 1
b5e9a3 000 000000 0 1
b5e9a0 000 000000 0 1
b5e9a6 000 000000 0 1
b5d5a5 000 000000 0 1
b5d3a5 000 000000 0 1
b5d0a5 000 000000 0 1
b5d125 000 000000 0 1
b5d1e5 000 000000 0 1
b5d185 000 000000 0 1
b5d1b5 000 000000 0 1
b5d1ad 000 000000 0 1
b5d1a1 000 000000 0 1
b5d1a7 000 000000 0 1
b5d1a4 000 000000 0 1
b5dfa5 000 000000 0 1
b5dca5 000 000000 0 1
b5dd25 000 000000 0 1
b5dde5 000 000000 0 1
b5dd85 000 000000 0 1
b5ddb5 000 000000 0 1
b5ddad 000 000000 0 1
b5dda1 000 000000 0 1
b5dda7 000 000000 0 1
b5dda4 000 000000 0 1
b5daa5 000 000000 0 1
b5db25 000 000000 0 1
b5dbe5 000 000000 0 1
b5db85 000 000000 0 1
b5dbb5 000 000000 0 1
b5dbad 000 000000 0 1
b5dba1 000 000000 0 1
b5dba7 000 000000 0 1
b5dba4 000 000000 0 1
b5d825 000 000000 0 1
b5d8e5 000 000000 0 1
b5d885 000 000000 0 1
b5d8b5 000 000000 0 1
b5d8ad 000 000000 0 1
b5d8a1 000 000000 0 1
b5d8a7 000 000000 0 1
b5d8a4 000 000000 0 1
b5d965 000 000000 0 1
b5d905 000 000000 0 1
b5d935 000 000000 0 1
b5d92d 000 000000 0 1
b5d921 000 000000 0 1
b5d927 000 000000 0 1
b5d924 000 000000 0 1
b5d9c5 000 000000 0 1
b5d9f5 000 000000 0 1
b5d9ed 000 000000 0 1
b5d9e1 000 000000 0 1
b5d9e7 000 000000 0 1
b5d9e4 000 000000 0 1
b5d995 000 000000 0 1
b5d98d 000 000000 0 1
b5d981 000 000000 0 1
b5d987 000 000000 0 1
b5d984 000 000000 0 1
b5d9bd 000 000000 0 1
b5d9b1 000 000000 0 1
b5d9b7 000 000000 0 1
b5d9b4 000 000000 0 1
b5d9a9 000 000000 0 1
b5d9af 000 000000 0 1
b5d9ac 000 000000 0 1
b5d9a3 000 000000 0 1
b5d9a0 000 000000 0 1
b5d9a6 000 000000 0 1
b5c7a5 000 000000 0 1
b5c4a5 000 000000 0 1
b5c525 000 000000 0 1
b5c5e5 000 000000 0 1
b5c585 000 000000 0 1
b5c5b5 000 000000 0 1
b5c5ad 000 000000 0 1
b5c5a1 000 000000 0 1
b5c5a7 000 000000 0 1
b5c5a4 000 000000 0 1
b5c2a5 000 000000 0 1
b5c325 000 000000 0 1
b5c3e5 000 000000 0 1
b5c385 000 000000 0 1
b5c3b5 000 000000 0 1
b5c3ad 000 000000 0 1
b5c3a1 000 000000 0 1
b5c3a7 000 000000 0 1
b5c3a4 000 000000 0 1
b5c025 000 000000 0 1
b5c0e5 000 000000 0 1
b5c085 000 000000 0 1
b5c0b5 000 000000 0 1
b5c0ad 000 000000 0 1
b5c0a1 000 000000 0 1
b5c0a7 000 000000 0 1
b5c0a4 000 000000 0 1
b5c165 000 000000 0 1
b5c105 000 000000 0 1
b5c135 000 000000 0 1
b5c12d 000 000000 0 1
b5c121 000 000000 0 1
b5c127 000 000000 0 1
b5c124 000 000000 0 1
b5c1c5 000 000000 0 1
b5c1f5 000 000000 0 1
b5c1ed 000 000000 0 1
b5c1e1 000 000000 0 1
b5c1e7 000 000000 0 1
b5c1e4 000 000000 0 1
b5c195 000 000000 0 1
b5c18d 000 000000 0 1
b5c181 000 000000 0 1
b5c187 000 000000 0 1
b5c184 000 000000 0 1
b5c1bd 000 000000 0 1
b5c1b1 000 000000 0 1
b5c1b7 000 000000 0 1
b5c1b4 000 000000 0 1
b5c1a9 000 000000 0 1
b5c1af 000 000000 0 1
b5c1ac 000 000000 0 1
b5c1a3 000 000000 0 1
b5c1a0 000 000000 0 1
b5c1a6 000 000000 0 1
b5cea5 000 000000 0 1
b5cf25 000 000000 0 1
b5cfe5 000 000000 0 1
b5cf85 000 000000 0 1
b5cfb5 000 000000 0 1
b5cfad 000 000000 0 1
b5cfa1 000 000000 0 1
b5cfa7 000 000000 0 1
b5cfa4 000 000000 0 1
b5cc25 000 000000 0 1
b5cce5 000 000000 0 1
b5cc85 000 000000 0 1
b5ccb5 000 000000 0 1
b5ccad 000 000000 0 1
b5cca1 000 000000 0 1
b5cca7 000 000000 0 1
b5cca4 000 000000 0 1
b5cd65 000 000000 0 1
b5cd05 000 000000 0 1
b5cd35 000 000000 0 1
b5cd2d 000 000000 0 1
b5cd21 000 000000 0 1
b5cd27 000 000000 0 1
b5cd24 000 000000 0 1
b5cdc5 000 000000 0 1
b5cdf5 000 000000 0 1
b5cded 000 000000 0 1
b5cde1 000 000000 0 1
b5cde7 000 000000 0 1
b5cde4 000 000000 0 1
b5cd95 000 000000 0 1
b5cd8d 000 000000 0 1
b5cd81 000 000000 0 1
b5cd87 000 000000 0 1
b5cd84 000 000000 0 1
b5cdbd 000 000000 0 1
b5cdb1 000 000000 0 1
b5cdb7 000 000000 0 1
b5cdb4 000 000000 0 1
b5cda9 000 000000 0 1
b5cdaf 000 000000 0 1
b5cdac 000 000000 0 1
b5cda3 000 000000 0 1
b5cda0 000 000000 0 1
b5cda6 000 000000 0 1
b5ca25 000 000000 0 1
b5cae5 000 000000 0 1
b5ca85 000 000000 0 1
b5cab5 000 000000 0 1
b5caad 000 000000 0 1
b5caa1 000 000000 0 1
b5caa7 000 000000 0 1
b5caa4 000 000000 0 1
b5cb65 000 000000 0 1
b5cb05 000 000000 0 1
b5cb35 000 000000 0 1
b5cb2d 000 000000 0 1
b5cb21 000 000000 0 1
b5cb27 000 000000 0 1
b5cb24 000 000000 0 1
b5cbc5 000 000000 0 1
b5cbf5 000 000000 0 1
b5cbed 000 000000 0 1
b5cbe1 000 000000 0 1
b5cbe7 000 000000 0 1
b5cbe4 000 000000 0 1
b5cb95 000 000000 0 1
b5cb8d 000 000000 0 1
b5cb81 000 000000 0 1
b5cb87 000 000000 0 1
b5cb84 000 000000 0 1
b5cbbd 000 000000 0 1
b5cbb1 000 000000 0 1
b5cbb7 000 000000 0 1
b5cbb4 000 000000 0 1
b5cba9 000 000000 0 1
b5cbaf 000 000000 0 1
b5cbac 000 000000 0 1
b5cba3 000 000000 0 1
b5cba0 000 000000 0 1
b5cba6 000 000000 0 1
b5c865 000 000000 0 1
b5c805 000 000000 0 1
b5c835 000 000000 0 1
b5c82d 000 000000 0 1
b5c821 000 000000 0 1
b5c827 000 000000 0 1
b5c824 000 000000 0 1
b5c8c5 000 000000 0 1
b5c8f5 000 000000 0 1
b5c8ed 000 000000 0 1
b5c8e1 000 000000 0 1
b5c8e7 000 000000 0 1
b5c8e4 000 000000 0 1
b5c895 000 000000 0 1
b5c88d 000 000000 0 1
b5c881 000 000000 0 1
b5c887 000 000000 0 1
b5c884 000 000000 0 1
b5c8bd 000 000000 0 1
b5c8b1 000 000000 0 1
b5c8b7 000 000000 0 1
b5c8b4 000 000000 0 1
b5c8a9 000 000000 0 1
b5c8af 000 000000 0 1
b5c8ac 000 000000 0 1
b5c8a3 000 000000 0 1
b5c8a0 000 000000 0 1
b5c8a6 000 000000 0 1
b5c945 000 000000 0 1
b5c975 000 000000 0 1
b5c96d 000 000000 0 1
b5c961 000 000000 0 1
b5c967 000 000000 0 1
b5c964 000 000000 0 1
b5c915 000 000000 0 1
b5c90d 000 000000 0 1
b5c901 000 000000 0 1
b5c907 000 000000 0 1
b5c904 000 000000 0 1
b5c93d 000 000000 0 1
b5c931 000 000000 0 1
b5c937 000 000000 0 1
b5c934 000 000000 0 1
b5c929 000 000000 0 1
b5c92f 000 000000 0 1
b5c92c 000 000000 0 1
b5c923 000 000000 0 1
b5c920 000 000000 0 1
b5c926 000 000000 0 1
b5c9d5 000 000000 0 1
b5c9cd 000 000000 0 1
b5c9c1 000 000000 0 1
b5c9c7 000 000000 0 1
b5c9c4 000 000000 0 1
b5c9fd 000 000000 0 1
b5c9f1 000 000000 0 1
b5c9f7 000 000000 0 1
b5c9f4 000 000000 0 1
b5c9e9 000 000000 0 1
b5c9ef 000 000000 0 1
b5c9ec 000 000000 0 1
b5c9e3 000 000000 0 1
b5c9e0 000 000000 0 1
b5c9e6 000 000000 0 1
b5c99d 000 000000 0 1
b5c991 000 000000 0 1
b5c997 000 000000 0 1
b5c994 000 000000 0 1
b5c989 000 000000 0 1
b5c98f 000 000000 0 1
b5c98c 000 000000 0 1
b5c983 000 000000 0 1
b5c980 000 000000 0 1
b5c986 000 000000 0 1
b5c9b9 000 000000 0 1
b5c9bf 000 000000 0 1
b5c9bc 000 000000 0 1
b5c9b3 000 000000 0 1
b5c9b0 000 000000 0 1
b5c9b6 000 000000 0 1
b5c9ab 000 000000 0 1
b5c9a8 000 000000 0 1
b5c9ae 000 000000 0 1
b5c9a2 000 000000 0 1
aac9a5 000 000000 0 1
ab49a5 000 000000 0 1
ab89a5 000 000000 0 1
abe9a5 000 000000 0 1
abd9a5 000 000000 0 1
abc1a5 000 000000 0 1
abcda5 000 000000 0 1
abcba5 000 000000 0 1
abc8a5 000 000000 0 1
abc925 000 000000 0 1
abc9e5 000 000000 0 1
abc985 000 000000 0 1
abc9b5 000 000000 0 1
abc9ad 000 000000 0 1
abc9a1 000 000000 0 1
abc9a7 000 000000 0 1
abc9a4 000 000000 0 1
a849a5 000 000000 0 1
a889a5 000 000000 0 1
a8e9a5 000 000000 0 1
a8d9a5 000 000000 0 1
a8c1a5 000 000000 0 1
a8cda5 000 000000 0 1
a8cba5 000 000000 0 1
a8c8a5 000 000000 0 1
a8c925 000 000000 0 1
a8c9e5 000 000000 0 1
a8c985 000 000000 0 1
a8c9b5 000 000000 0 1
a8c9ad 000 000000 0 1
a8c9a1 000 000000 0 1
a8c9a7 000 000000 0 1
a8c9a4 000 000000 0 1
a909a5 000 000000 0 1
a969a5 000 000000 0 1
a959a5 000 000000 0 1
a941a5 000 000000 0 1
a94da5 000 000000 0 1
a94ba5 000 000000 0 1
a948a5 000 000000 0 1
a94925 000 000000 0 1
a949e5 000 000000 0 1
a94985 000 000000 0 1
a949b5 000 000000 0 1
a949ad 000 000000 0 1
a949a1 000 000000 0 1
a949a7 000 000000 0 1
a949a4 000 000000 0 1
a9a9a5 000 000000 0 1
a999a5 000 000000 0 1
a981a5 000 000000 0 1
a98da5 000 000000 0 1
a98ba5 000 000000 0 1
a988a5 000 000000 0 1
a98925 000 000000 0 1
a989e5 000 000000 0 1
a98985 000 000000 0 1
a989b5 000 000000 0 1
a989ad 000 000000 0 1
a989a1 000 000000 0 1
a989a7 000 000000 0 1
a989a4 000 000000 0 1
a9f9a5 000 000000 0 1
a9e1a5 000 000000 0 1
a9eda5 000 000000 0 1
a9eba5 000 000000 0 1
a9e8a5 000 000000 0 1
a9e925 000 000000 0 1
a9e9e5 000 000000 0 1
a9e985 000 000000 0 1
a9e9b5 000 000000 0 1
a9e9ad 000 000000 0 1
a9e9a1 000 000000 0 1
a9e9a7 000 000000 0 1
a9e9a4 000 000000 0 1
a9d1a5 000 000000 0 1
a9dda5 000 000000 0 1
a9dba5 000 000000 0 1
a9d8a5 000 000000 0 1
a9d925 000 000000 0 1
a9d9e5 000 000000 0 1
a9d985 000 000000 0 1
a9d9b5 000 000000 0 1
a9d9ad 000 000000 0 1
a9d9a1 000 000000 0 1
a9d9a7 000 000000 0 1
a9d9a4 000 000000 0 1
a9c5a5 000 000000 0 1
a9c3a5 000 000000 0 1
a9c0a5 000 000000 0 1
a9c125 000 000000 0 1
a9c1e5 000 000000 0 1
a9c185 000 000000 0 1
a9c1b5 000 000000 0 1
a9c1ad 000 000000 0 1
a9c1a1 000 000000 0 1
a9c1a7 000 000000 0 1
a9c1a4 000 000000 0 1
a9cfa5 000 000000 0 1
a9cca5 000 000000 0 1
a9cd25 000 000000 0 1
a9cde5 000 000000 0 1
a9cd85 000 000000 0 1
a9cdb5 000 000000 0 1
a9cdad 000 000000 0 1
a9cda1 000 000000 0 1
a9cda7 000 000000 0 1
a9cda4 000 000000 0 1
a9caa5 000 000000 0 1
a9cb25 000 000000 0 1
a9cbe5 000 000000 0 1
a9cb85 000 000000 0 1
a9cbb5 000 000000 0 1
a9cbad 000 000000 0 1
a9cba1 000 000000 0 1
a9cba7 000 000000 0 1
a9cba4 000 000000 0 1
a9c825 000 000000 0 1
a9c8e5 000 000000 0 1
a9c885 000 000000 0 1
a9c8b5 000 000000 0 1
a9c8ad 000 000000 0 1
a9c8a1 000 000000 0 1
a9c8a7 000 000000 0 1
a9c8a4 000 000000 0 1
a9c965 000 000000 0 1
a9c905 000 000000 0 1
a9c935 000 000000 0 1
a9c92d 000 000000 0 1
a9c921 000 000000 0 1
a9c927 000 000000 0 1
a9c924 000 000000 0 1
a9c9c5 000 000000 0 1
a9c9f5 000 000000 0 1
a9c9ed 000 000000 0 1
a9c9e1 000 000000 0 1
a9c9e7 000 000000 0 1
a9c9e4 000 000000 0 1
a9c995 000 000000 0 1
a9c98d 000 000000 0 1
a9c981 000 000000 0 1
a9c987 000 000000 0 1
a9c984 000 000000 0 1
a9c9bd 000 000000 0 1
a9c9b1 000 000000 0 1
a9c9b7 000 000000 0 1
a9c9b4 000 000000 0 1
a9c9a9 000 000000 0 1
a9c9af 000 000000 0 1
a9c9ac 000 000000 0 1
a9c9a3 000 000000 0 1
a9c9a0 000 000000 0 1
a9c9a6 000 000000 0 1
ae49a5 000 000000 0 1
ae89a5 000 000000 0 1
aee9a5 000 000000 0 1
aed9a5 000 000000 0 1
aec1a5 000 000000 0 1
aecda5 000 000000 0 1
aecba5 000 000000 0 1
aec8a5 000 000000 0 1
aec925 000 000000 0 1
aec9e5 000 000000 0 1
aec985 000 000000 0 1
aec9b5 000 000000 0 1
aec9ad 000 000000 0 1
aec9a1 000 000000 0 1
aec9a7 000 000000 0 1
aec9a4 000 000000 0 1
af09a5 000 000000 0 1
af69a5 000 000000 0 1
af59a5 000 000000 0 1
af41a5 000 000000 0 1
af4da5 000 000000 0 1
af4ba5 000 000000 0 1
af48a5 000 000000 0 1
af4925 000 000000 0 1
af49e5 000 000000 0 1
af4985 000 000000 0 1
af49b5 000 000000 0 1
af49ad 000 000000 0 1
af49a1 000 000000 0 1
af49a7 000 000000 0 1
af49a4 000 000000 0 1
afa9a5 000 000000 0 1
af99a5 000 000000 0 1
af81a5 000 000000 0 1
af8da5 000 000000 0 1
af8ba5 000 000000 0 1
af88a5 000 000000 0 1
af8925 000 000000 0 1
af89e5 000 000000 0 1
af8985 000 000000 0 1
af89b5 000 000000 0 1
af89ad 000 000000 0 1
af89a1 000 000000 0 1
af89a7 000 000000 0 1
af89a4 000 000000 0 1
aff9a5 000 000000 0 1
afe1a5 000 000000 0 1
afeda5 000 000000 0 1
afeba5 000 000000 0 1
afe8a5 000 000000 0 1
afe925 000 000000 0 1
afe9e5 000 000000 0 1
afe985 000 000000 0 1
afe9b5 000 000000 0 1
afe9ad 000 000000 0 1
afe9a1 000 000000 0 1
afe9a7 000 000000 0 1
afe9a4 000 000000 0 1
afd1a5 000 000000 0 1
afdda5 000 000000 0 1
afdba5 000 000000 0 1
afd8a5 000 000000 0 1
afd925 000 000000 0 1
afd9e5 000 000000 0 1
afd985 000 000000 0 1
afd9b5 000 000000 0 1
afd9ad 000 000000 0 1
afd9a1 000 000000 0 1
afd9a7 000 000000 0 1
afd9a4 000 000000 0 1
afc5a5 000 000000 0 1
afc3a5 000 000000 0 1
afc0a5 000 000000 0 1
afc125 000 000000 0 1
afc1e5 000 000000 0 1
afc185 000 000000 0 1
afc1b5 000 000000 0 1
afc1ad 000 000000 0 1
afc1a1 000 000000 0 1
afc1a7 000 000000 0 1
afc1a4 000 000000 0 1
afcfa5 000 000000 0 1
afcca5 000 000000 0 1
afcd25 000 000000 0 1
afcde5 000 000000 0 1
afcd85 000 000000 0 1
afcdb5 000 000000 0 1
afcdad 000 000000 0 1
afcda1 000 000000 0 1
afcda7 000 000000 0 1
afcda4 000 000000 0 1
afcaa5 000 000000 0 1
afcb25 000 000000 0 1
afcbe5 000 000000 0 1
afcb85 000 000000 0 1
afcbb5 000 000000 0 1
afcbad 000 000000 0 1
afcba1 000 000000 0 1
afcba7 000 000000 0 1
afcba4 000 000000 0 1
afc825 000 000000 0 1
afc8e5 000 000000 0 1
afc885 000 000000 0 1
afc8b5 000 000000 0 1
afc8ad 000 000000 0 1
afc8a1 000 000000 0 1
afc8a7 000 000000 0 1
afc8a4 000 000000 0 1
afc965 000 000000 0 1
afc905 000 000000 0 1
afc935 000 000000 0 1
afc92d 000 000000 0 1
afc921 000 000000 0 1
afc927 000 000000 0 1
afc924 000 000000 0 1
afc9c5 000 000000 0 1
afc9f5 000 000000 0 1
afc9ed 000 000000 0 1
afc9e1 000 000000 0 1
afc9e7 000 000000 0 1
afc9e4 000 000000 0 1
afc995 000 000000 0 1
afc98d 000 000000 0 1
afc981 000 000000 0 1
afc987 000 000000 0 1
afc984 000 000000 0 1
afc9bd 000 000000 0 1
afc9b1 000 000000 0 1
afc9b7 000 000000 0 1
afc9b4 000 000000 0 1
afc9a9 000 000000 0 1
afc9af 000 000000 0 1
afc9ac 000 000000 0 1
afc9a3 000 000000 0 1
afc9a0 000 000000 0 1
afc9a6 000 000000 0 1
ac09a5 000 000000 0 1
ac69a5 000 000000 0 1
ac59a5 000 000000 0 1
ac41a5 000 000000 0 1
ac4da5 000 000000 0 1
ac4ba5 000 000000 0 1
ac48a5 000 000000 0 1
ac4925 000 000000 0 1
ac49e5 000 000000 0 1
ac4985 000 000000 0 1
ac49b5 000 000000 0 1
ac49ad 000 000000 0 1
ac49a1 000 000000 0 1
ac49a7 000 000000 0 1
ac49a4 000 000000 0 1
aca9a5 000 000000 0 1
ac99a5 000 000000 0 1
ac81a5 000 000000 0 1
ac8da5 000 000000 0 1
ac8ba5 000 000000 0 1
ac88a5 000 000000 0 1
ac8925 000 000000 0 1
ac89e5 000 000000 0 1
ac8985 000 000000 0 1
ac89b5 000 000000 0 1
ac89ad 000 000000 0 1
ac89a1 000 000000 0 1
ac89a7 000 000000 0 1
ac89a4 000 000000 0 1
acf9a5 000 000000 0 1
ace1a5 000 000000 0 1
aceda5 000 000000 0 1
aceba5 000 000000 0 1
ace8a5 000 000000 0 1
ace925 000 000000 0 1
ace9e5 000 000000 0 1
ace985 000 000000 0 1
ace9b5 000 000000 0 1
ace9ad 000 000000 0 1
ace9a1 000 000000 0 1
ace9a7 000 000000 0 1
ace9a4 000 000000 0 1
acd1a5 000 000000 0 1
acdda5 000 000000 0 1
acdba5 000 000000 0 1
acd8a5 000 000000 0 1
acd925 000 000000 0 1
acd9e5 000 000000 0 1
acd985 000 000000 0 1
acd9b5 000 000000 0 1
acd9ad 000 000000 0 1
acd9a1 000 000000 0 1
acd9a7 000 000000 0 1
acd9a4 000 000000 0 1
acc5a5 000 000000 0 1
acc3a5 000 000000 0 1
acc0a5 000 000000 0 1
acc125 000 000000 0 1
acc1e5 000 000000 0 1
acc185 000 000000 0 1
acc1b5 000 000000 0 1
acc1ad 000 000000 0 1
acc1a1 000 000000 0 1
acc1a7 000 000000 0 1
acc1a4 000 000000 0 1
accfa5 000 000000 0 1
accca5 000 000000 0 1
accd25 000 000000 0 1
accde5 000 000000 0 1
accd85 000 000000 0 1
accdb5 000 000000 0 1
accdad 000 000000 0 1
accda1 000 000000 0 1
accda7 000 000000 0 1
accda4 000 000000 0 1
accaa5 000 000000 0 1
accb25 000 000000 0 1
accbe5 000 000000 0 1
accb85 000 000000 0 1
accbb5 000 000000 0 1
accbad 000 000000 0 1
accba1 000 000000 0 1
accba7 000 000000 0 1
accba4 000 000000 0 1
acc825 000 000000 0 1
acc8e5 000 000000 0 1
acc885 000 000000 0 1
acc8b5 000 000000 0 1
acc8ad 000 000000 0 1
acc8a1 000 000000 0 1
acc8a7 000 000000 0 1
acc8a4 000 000000 0 1
acc965 000 000000 0 1
acc905 000 000000 0 1
acc935 000 000000 0 1
acc92d 000 000000 0 1
acc921 000 000000 0 1
acc927 000 000000 0 1
acc924 000 000000 0 1
acc9c5 000 000000 0 1
acc9f5 000 000000 0 1
acc9ed 000 000000 0 1
acc9e1 000 000000 0 1
acc9e7 000 000000 0 1
acc9e4 000 000000 0 1
acc995 000 000000 0 1
acc98d 000 000000 0 1
acc981 000 000000 0 1
acc987 000 000000 0 1
acc984 000 000000 0 1
acc9bd 000 000000 0 1
acc9b1 000 000000 0 1
acc9b7 000 000000 0 1
acc9b4 000 000000 0 1
acc9a9 000 000000 0 1
acc9af 000 000000 0 1
acc9ac 000 000000 0 1
acc9a3 000 000000 0 1
acc9a0 000 000000 0 1
acc9a6 000 000000 0 1
ad29a5 000 000000 0 1
ad19a5 000 000000 0 1
ad01a5 000 000000 0 1
ad0da5 000 000000 0 1
ad0ba5 000 000000 0 1
ad08a5 000 000000 0 1
ad0925 000 000000 0 1
ad09e5 000 000000 0 1
ad0985 000 000000 0 1
ad09b5 000 000000 0 1
ad09ad 000 000000 0 1
ad09a1 000 000000 0 1
ad09a7 000 000000 0 1
ad09a4 000 000000 0 1
ad79a5 000 000000 0 1
ad61a5 000 000000 0 1
ad6da5 000 000000 0 1
ad6ba5 000 000000 0 1
ad68a5 000 000000 0 1
ad6925 000 000000 0 1
ad69e5 000 000000 0 1
ad6985 000 000000 0 1
ad69b5 000 000000 0 1
ad69ad 000 000000 0 1
ad69a1 000 000000 0 1
ad69a7 000 000000 0 1
ad69a4 000 000000 0 1
ad51a5 000 000000 0 1
ad5da5 000 000000 0 1
ad5ba5 000 000000 0 1
ad58a5 000 000000 0 1
ad5925 000 000000 0 1
ad59e5 000 000000 0 1
ad5985 000 000000 0 1
ad59b5 000 000000 0 1
ad59ad 000 000000 0 1
ad59a1 000 000000 0 1
ad59a7 000 000000 0 1
ad59a4 000 000000 0 1
ad45a5 000 000000 0 1
ad43a5 000 000000 0 1
ad40a5 000 000000 0 1
ad4125 000 000000 0 1
ad41e5 000 000000 0 1
ad4185 000 000000 0 1
ad41b5 000 000000 0 1
ad41ad 000 000000 0 1
ad41a1 000 000000 0 1
ad41a7 000 000000 0 1
ad41a4 000 000000 0 1
ad4fa5 000 000000 0 1
ad4ca5 000 000000 0 1
ad4d25 000 000000 0 1
ad4de5 000 000000 0 1
ad4d85 000 000000 0 1
ad4db5 000 000000 0 1
ad4dad 000 000000 0 1
ad4da1 000 000000 0 1
ad4da7 000 000000 0 1
ad4da4 000 000000 0 1
ad4aa5 000 000000 0 1
ad4b25 000 000000 0 1
ad4be5 000 000000 0 1
ad4b85 000 000000 0 1
ad4bb5 000 000000 0 1
ad4bad 000 000000 0 1
ad4ba1 000 000000 0 1
ad4ba7 000 000000 0 1
ad4ba4 000 000000 0 1
ad4825 000 000000 0 1
ad48e5 000 000000 0 1
ad4885 000 000000 0 1
ad48b5 000 000000 0 1
ad48ad 000 000000 0 1
ad48a1 000 000000 0 1
ad48a7 000 000000 0 1
ad48a4 000 000000 0 1
ad4965 000 000000 0 1
ad4905 000 000000 0 1
ad4935 000 000000 0 1
ad492d 000 000000 0 1
ad4921 000 000000 0 1
ad4927 000 000000 0 1
ad4924 000 000000 0 1
ad49c5 000 000000 0 1
ad49f5 000 000000 0 1
ad49ed 000 000000 0 1
ad49e1 000 000000 0 1
ad49e7 000 000000 0 1
ad49e4 000 000000 0 1
ad4995 000 000000 0 1
ad498d 000 000000 0 1
ad4981 000 000000 0 1
ad4987 000 000000 0 1
ad4984 000 000000 0 1
ad49bd 000 000000 0 1
ad49b1 000 000000 0 1
ad49b7 000 000000 0 1
ad49b4 000 000000 0 1
ad49a9 000 000000 0 1
ad49af 000 000000 0 1
ad49ac 000 000000 0 1
ad49a3 000 000000 0 1
ad49a0 000 000000 0 1
ad49a6 000 000000 0 1
adb9a5 000 000000 0 1
ada1a5 000 000000 0 1
adada5 000 000000 0 1
adaba5 000 000000 0 1
ada8a5 000 000000 0 1
ada925 000 000000 0 1
ada9e5 000 000000 0 1
ada985 000 000000 0 1
ada9b5 000 000000 0 1
ada9ad 000 000000 0 1
ada9a1 000 000000 0 1
ada9a7 000 000000 0 1
ada9a4 000 000000 0 1
ad91a5 000 000000 0 1
ad9da5 000 000000 0 1
ad9ba5 000 000000 0 1
ad98a5 000 000000 0 1
ad9925 000 000000 0 1
ad99e5 000 000000 0 1
ad9985 000 000000 0 1
ad99b5 000 000000 0 1
ad99ad 000 000000 0 1
ad99a1 000 000000 0 1
ad99a7 000 000000 0 1
ad99a4 000 000000 0 1
ad85a5 000 000000 0 1
ad83a5 000 000000 0 1
ad80a5 000 000000 0 1
ad8125 000 000000 0 1
ad81e5 000 000000 0 1
ad8185 000 000000 0 1
ad81b5 000 000000 0 1
ad81ad 000 000000 0 1
ad81a1 000 000000 0 1
ad81a7 000 000000 0 1
ad81a4 000 000000 0 1
ad8fa5 000 000000 0 1
ad8ca5 000 000000 0 1
ad8d25 000 000000 0 1
ad8de5 000 000000 0 1
ad8d85 000 000000 0 1
ad8db5 000 000000 0 1
ad8dad 000 000000 0 1
ad8da1 000 000000 0 1
ad8da7 000 000000 0 1
ad8da4 000 000000 0 1
ad8aa5 000 000000 0 1
ad8b25 000 000000 0 1
ad8be5 000 000000 0 1
ad8b85 000 000000 0 1
ad8bb5 000 000000 0 1
ad8bad 000 000000 0 1
ad8ba1 000 000000 0 1
ad8ba7 000 000000 0 1
ad8ba4 000 000000 0 1
ad8825 000 000000 0 1
ad88e5 000 000000 0 1
ad8885 000 000000 0 1
ad88b5 000 000000 0 1
ad88ad 000 000000 0 1
ad88a1 000 000000 0 1
ad88a7 000 000000 0 1
ad88a4 000 000000 0 1
ad8965 000 000000 0 1
ad8905 000 000000 0 1
ad8935 000 000000 0 1
ad892d 000 000000 0 1
ad8921 000 000000 0 1
ad8927 000 000000 0 1
ad8924 000 000000 0 1
ad89c5 000 000000 0 1
ad89f5 000 000000 0 1
ad89ed 000 000000 0 1
ad89e1 000 000000 0 1
ad89e7 000 000000 0 1
ad89e4 000 000000 0 1
ad8995 000 000000 0 1
ad898d 000 000000 0 1
ad8981 000 000000 0 1
ad8987 000 000000 0 1
ad8984 000 000000 0 1
ad89bd 000 000000 0 1
ad89b1 000 000000 0 1
ad89b7 000 000000 0 1
ad89b4 000 000000 0 1
ad89a9 000 000000 0 1
ad89af 000 000000 0 1
ad89ac 000 000000 0 1
ad89a3 000 000000 0 1
ad89a0 000 000000 0 1
ad89a6 000 000000 0 1
adf1a5 000 000000 0 1
adfda5 000 000000 0 1
adfba5 000 000000 0 1
adf8a5 000 000000 0 1
adf925 000 000000 0 1
adf9e5 000 000000 0 1
adf985 000 000000 0 1
adf9b5 000 000000 0 1
adf9ad 000 000000 0 1
adf9a1 000 000000 0 1
adf9a7 000 000000 0 1
adf9a4 000 000000 0 1
ade5a5 000 000000 0 1
ade3a5 000 000000 0 1
ade0a5 000 000000 0 1
ade125 000 000000 0 1
ade1e5 000 000000 0 1
ade185 000 000000 0 1
ade1b5 000 000000 0 1
ade1ad 000 000000 0 1
ade1a1 000 000000 0 1
ade1a7 000 000000 0 1
ade1a4 000 000000 0 1
adefa5 000 000000 0 1
adeca5 000 000000 0 1
aded25 000 000000 0 1
adede5 000 000000 0 1
aded85 000 000000 0 1
adedb5 000 000000 0 1
adedad 000 000000 0 1
adeda1 000 000000 0 1
adeda7 000 000000 0 1
adeda4 000 000000 0 1
adeaa5 000 000000 0 1
adeb25 000 000000 0 1
adebe5 000 000000 0 1
adeb85 000 000000 0 1
adebb5 000 000000 0 1
adebad 000 000000 0 1
adeba1 000 000000 0 1
adeba7 000 000000 0 1
adeba4 000 000000 0 1
ade825 000 000000 0 1
ade8e5 000 000000 0 1
ade885 000 000000 0 1
ade8b5 000 000000 0 1
ade8ad 000 000000 0 1
ade8a1 000 000000 0 1
ade8a7 000 000000 0 1
ade8a4 000 000000 0 1
ade965 000 000000 0 1
ade905 000 000000 0 1
ade935 000 000000 0 1
ade92d 000 000000 0 1
ade921 000 000000 0 1
ade927 000 000000 0 1
ade924 000 000000 0 1
ade9c5 000 000000 0 1
ade9f5 000 000000 0 1
ade9ed 000 000000 0 1
ade9e1 000 000000 0 1
ade9e7 000 000000 0 1
ade9e4 000 000000 0 1
ade995 000 000000 0 1
ade98d 000 000000 0 1
ade981 000 000000 0 1
ade987 000 000000 0 1
ade984 000 000000 0 1
ade9bd 000 000000 0 1
ade9b1 000 000000 0 1
ade9b7 000 000000 0 1
ade9b4 000 000000 0 1
ade9a9 000 000000 0 1
ade9af 000 000000 0 1
ade9ac 000 000000 0 1
ade9a3 000 000000 0 1
ade9a0 000 000000 0 1
ade9a6 000 000000 0 1
add5a5 000 000000 0 1
add3a5 000 000000 0 1
add0a5 000 000000 0 1
add125 000 000000 0 1
add1e5 000 000000 0 1
add185 000 000000 0 1
add1b5 000 000000 0 1
add1ad 000 000000 0 1
add1a1 000 000000 0 1
add1a7 000 000000 0 1
add1a4 000 000000 0 1
addfa5 000 000000 0 1
addca5 000 000000 0 1
addd25 000 000000 0 1
addde5 000 000000 0 1
addd85 000 000000 0 1
adddb5 000 000000 0 1
adddad 000 000000 0 1
addda1 000 000000 0 1
addda7 000 000000 0 1
addda4 000 000000 0 1
addaa5 000 000000 0 1
addb25 000 000000 0 1
addbe5 000 000000 0 1
addb85 000 000000 0 1
addbb5 000 000000 0 1
addbad 000 000000 0 1
addba1 000 000000 0 1
addba7 000 000000 0 1
addba4 000 000000 0 1
add825 000 000000 0 1
add8e5 000 000000 0 1
add885 000 000000 0 1
add8b5 000 000000 0 1
add8ad 000 000000 0 1
add8a1 000 000000 0 1
add8a7 000 000000 0 1
add8a4 000 000000 0 1
add965 000 000000 0 1
add905 000 000000 0 1
add935 000 000000 0 1
add92d 000 000000 0 1
add921 000 000000 0 1
add927 000 000000 0 1
add924 000 000000 0 1
add9c5 000 000000 0 1
add9f5 000 000000 0 1
add9ed 000 000000 0 1
add9e1 000 000000 0 1
add9e7 000 000000 0 1
add9e4 000 000000 0 1
add995 000 000000 0 1
add98d 000 000000 0 1
add981 000 000000 0 1
add987 000 000000 0 1
add984 000 000000 0 1
add9bd 000 000000 0 1
add9b1 000 000000 0 1
add9b7 000 000000 0 1
add9b4 000 000000 0 1
add9a9 000 000000 0 1
add9af 000 000000 0 1
add9ac 000 000000 0 1
add9a3 000 000000 0 1
add9a0 000 000000 0 1
add9a6 000 000000 0 1
adc7a5 000 000000 0 1
adc4a5 000 000000 0 1
adc525 000 000000 0 1
adc5e5 000 000000 0 1
adc585 000 000000 0 1
adc5b5 000 000000 0 1
adc5ad 000 000000 0 1
adc5a1 000 000000 0 1
adc5a7 000 000000 0 1
adc5a4 000 000000 0 1
adc2a5 000 000000 0 1
adc325 000 000000 0 1
adc3e5 000 000000 0 1
adc385 000 000000 0 1
adc3b5 000 000000 0 1
adc3ad 000 000000 0 1
adc3a1 000 000000 0 1
adc3a7 000 000000 0 1
adc3a4 000 000000 0 1
adc025 000 000000 0 1
adc0e5 000 000000 0 1
adc085 000 000000 0 1
adc0b5 000 000000 0 1
adc0ad 000 000000 0 1
adc0a1 000 000000 0 1
adc0a7 000 000000 0 1
adc0a4 000 000000 0 1
adc165 000 000000 0 1
adc105 000 000000 0 1
adc135 000 000000 0 1
adc12d 000 000000 0 1
adc121 000 000000 0 1
adc127 000 000000 0 1
adc124 000 000000 0 1
adc1c5 000 000000 0 1
adc1f5 000 000000 0 1
adc1ed 000 000000 0 1
adc1e1 000 000000 0 1
adc1e7 000 000000 0 1
adc1e4 000 000000 0 1
adc195 000 000000 0 1
adc18d 000 000000 0 1
adc181 000 000000 0 1
adc187 000 000000 0 1
adc184 000 000000 0 1
adc1bd 000 000000 0 1
adc1b1 000 000000 0 1
adc1b7 000 000000 0 1
adc1b4 000 000000 0 1
adc1a9 000 000000 0 1
adc1af 000 000000 0 1
adc1ac 000 000000 0 1
adc1a3 000 000000 0 1
adc1a0 000 000000 0 1
adc1a6 000 000000 0 1
adcea5 000 000000 0 1
adcf25 000 000000 0 1
adcfe5 000 000000 0 1
adcf85 000 000000 0 1
adcfb5 000 000000 0 1
adcfad 000 000000 0 1
adcfa1 000 000000 0 1
adcfa7 000 000000 0 1
adcfa4 000 000000 0 1
adcc25 000 000000 0 1
adcce5 000 000000 0 1
adcc85 000 000000 0 1
adccb5 000 000000 0 1
adccad 000 000000 0 1
adcca1 000 000000 0 1
adcca7 000 000000 0 1
adcca4 000 000000 0 1
adcd65 000 000000 0 1
adcd05 000 000000 0 1
adcd35 000 000000 0 1
adcd2d 000 000000 0 1
adcd21 000 000000 0 1
adcd27 000 000000 0 1
adcd24 000 000000 0 1
adcdc5 000 000000 0 1
adcdf5 000 000000 0 1
adcded 000 000000 0 1
adcde1 000 000000 0 1
adcde7 000 000000 0 1
adcde4 000 000000 0 1
adcd95 000 000000 0 1
adcd8d 000 000000 0 1
adcd81 000 000000 0 1
adcd87 000 000000 0 1
adcd84 000 000000 0 1
adcdbd 000 000000 0 1
adcdb1 000 000000 0 1
adcdb7 000 000000 0 1
adcdb4 000 000000 0 1
adcda9 000 000000 0 1
adcdaf 000 000000 0 1
adcdac 000 000000 0 1
adcda3 000 000000 0 1
adcda0 000 000000 0 1
adcda6 000 000000 0 1
adca25 000 000000 0 1
adcae5 000 000000 0 1
adca85 000 000000 0 1
adcab5 000 000000 0 1
adcaad 000 000000 0 1
adcaa1 000 000000 0 1
adcaa7 000 000000 0 1
adcaa4 000 000000 0 1
adcb65 000 000000 0 1
adcb05 000 000000 0 1
adcb35 000 000000 0 1
adcb2d 000 000000 0 1
adcb21 000 000000 0 1
adcb27 000 000000 0 1
adcb24 000 000000 0 1
adcbc5 000 000000 0 1
adcbf5 000 000000 0 1
adcbed 000 000000 0 1
adcbe1 000 000000 0 1
adcbe7 000 000000 0 1
adcbe4 000 000000 0 1
adcb95 000 000000 0 1
adcb8d 000 000000 0 1
adcb81 000 000000 0 1
adcb87 000 000000 0 1
adcb84 000 000000 0 1
adcbbd 000 000000 0 1
adcbb1 000 000000 0 1
adcbb7 000 000000 0 1
adcbb4 000 000000 0 1
adcba9 000 000000 0 1
adcbaf 000 000000 0 1
adcbac 000 000000 0 1
adcba3 000 000000 0 1
adcba0 000 000000 0 1
adcba6 000 000000 0 1
adc865 000 000000 0 1
adc805 000 000000 0 1
adc835 000 000000 0 1
adc82d 000 000000 0 1
adc821 000 000000 0 1
adc827 000 000000 0 1
adc824 000 000000 0 1
adc8c5 000 000000 0 1
adc8f5 000 000000 0 1
adc8ed 000 000000 0 1
adc8e1 000 000000 0 1
adc8e7 000 000000 0 1
adc8e4 000 000000 0 1
adc895 000 000000 0 1
adc88d 000 000000 0 1
adc881 000 000000 0 1
adc887 000 000000 0 1
adc884 000 000000 0 1
adc8bd 000 000000 0 1
adc8b1 000 000000 0 1
adc8b7 000 000000 0 1
adc8b4 000 000000 0 1
adc8a9 000 000000 0 1
adc8af 000 000000 0 1
adc8ac 000 000000 0 1
adc8a3 000 000000 0 1
adc8a0 000 000000 0 1
adc8a6 000 000000 0 1
adc945 000 000000 0 1
adc975 000 000000 0 1
adc96d 000 000000 0 1
adc961 000 000000 0 1
adc967 000 000000 0 1
adc964 000 000000 0 1
adc915 000 000000 0 1
adc90d 000 000000 0 1
adc901 000 000000 0 1
adc907 000 000000 0 1
adc904 000 000000 0 1
adc93d 000 000000 0 1
adc931 000 000000 0 1
adc937 000 000000 0 1
adc934 000 000000 0 1
adc929 000 000000 0 1
adc92f 000 000000 0 1
adc92c 000 000000 0 1
adc923 000 000000 0 1
adc920 000 000000 0 1
adc926 000 000000 0 1
adc9d5 000 000000 0 1
adc9cd 000 000000 0 1
adc9c1 000 000000 0 1
adc9c7 000 000000 0 1
adc9c4 000 000000 0 1
adc9fd 000 000000 0 1
adc9f1 000 000000 0 1
adc9f7 000 000000 0 1
adc9f4 000 000000 0 1
adc9e9 000 000000 0 1
adc9ef 000 000000 0 1
adc9ec 000 000000 0 1
adc9e3 000 000000 0 1
adc9e0 000 000000 0 1
adc9e6 000 000000 0 1
adc99d 000 000000 0 1
adc991 000 000000 0 1
adc997 000 000000 0 1
adc994 000 000000 0 1
adc989 000 000000 0 1
adc98f 000 000000 0 1
adc98c 000 000000 0 1
adc983 000 000000 0 1
adc980 000 000000 0 1
adc986 000 000000 0 1
adc9b9 000 000000 0 1
adc9bf 000 000000 0 1
adc9bc 000 000000 0 1
adc9b3 000 000000 0 1
adc9b0 000 000000 0 1
adc9b6 000 000000 0 1
adc9ab 000 000000 0 1
adc9a8 000 000000 0 1
adc9ae 000 000000 0 1
adc9a2 000 000000 0 1
a249a5 000 000000 0 1
a289a5 000 000000 0 1
a2e9a5 000 000000 0 1
a2d9a5 000 000000 0 1
a2c1a5 000 000000 0 1
a2cda5 000 000000 0 1
a2cba5 000 000000 0 1
a2c8a5 000 000000 0 1
a2c925 000 000000 0 1
a2c9e5 000 000000 0 1
a2c985 000 000000 0 1
a2c9b5 000 000000 0 1
a2c9ad 000 000000 0 1
a2c9a1 000 000000 0 1
a2c9a7 000 000000 0 1
a2c9a4 000 000000 0 1
a309a5 000 000000 0 1
a369a5 000 000000 0 1
a359a5 000 000000 0 1
a341a5 000 000000 0 1
a34da5 000 000000 0 1
a34ba5 000 000000 0 1
a348a5 000 000000 0 1
a34925 000 000000 0 1
a349e5 000 000000 0 1
a34985 000 000000 0 1
a349b5 000 000000 0 1
a349ad 000 000000 0 1
a349a1 000 000000 0 1
a349a7 000 000000 0 1
a349a4 000 000000 0 1
a3a9a5 000 000000 0 1
a399a5 000 000000 0 1
a381a5 000 000000 0 1
a38da5 000 000000 0 1
a38ba5 000 000000 0 1
a388a5 000 000000 0 1
a38925 000 000000 0 1
a389e5 000 000000 0 1
a38985 000 000000 0 1
a389b5 000 000000 0 1
a389ad 000 000000 0 1
a389a1 000 000000 0 1
a389a7 000 000000 0 1
a389a4 000 000000 0 1
a3f9a5 000 000000 0 1
a3e1a5 000 000000 0 1
a3eda5 000 000000 0 1
a3eba5 000 000000 0 1
a3e8a5 000 000000 0 1
a3e925 000 000000 0 1
a3e9e5 000 000000 0 1
a3e985 000 000000 0 1
a3e9b5 000 000000 0 1
a3e9ad 000 000000 0 1
a3e9a1 000 000000 0 1
a3e9a7 000 000000 0 1
a3e9a4 000 000000 0 1
a3d1a5 000 000000 0 1
a3dda5 000 000000 0 1
a3dba5 000 000000 0 1
a3d8a5 000 000000 0 1
a3d925 000 000000 0 1
a3d9e5 000 000000 0 1
a3d985 000 000000 0 1
a3d9b5 000 000000 0 1
a3d9ad 000 000000 0 1
a3d9a1 000 000000 0 1
a3d9a7 000 000000 0 1
a3d9a4 000 000000 0 1
a3c5a5 000 000000 0 1
a3c3a5 000 000000 0 1
a3c0a5 000 000000 0 1
a3c125 000 000000 0 1
a3c1e5 000 000000 0 1
a3c185 000 000000 0 1
a3c1b5 000 000000 0 1
a3c1ad 000 000000 0 1
a3c1a1 000 000000 0 1
a3c1a7 000 000000 0 1
a3c1a4 000 000000 0 1
a3cfa5 000 000000 0 1
a3cca5 000 000000 0 1
a3cd25 000 000000 0 1
a3cde5 000 000000 0 1
a3cd85 000 000000 0 1
a3cdb5 000 000000 0 1
a3cdad 000 000000 0 1
a3cda1 000 000000 0 1
a3cda7 000 000000 0 1
a3cda4 000 000000 0 1
a3caa5 000 000000 0 1
a3cb25 000 000000 0 1
a3cbe5 000 000000 0 1
a3cb85 000 000000 0 1
a3cbb5 000 000000 0 1
a3cbad 000 000000 0 1
a3cba1 000 000000 0 1
a3cba7 000 000000 0 1
a3cba4 000 000000 0 1
a3c825 000 000000 0 1
a3c8e5 000 000000 0 1
a3c885 000 000000 0 1
a3c8b5 000 000000 0 1
a3c8ad 000 000000 0 1
a3c8a1 000 000000 0 1
a3c8a7 000 000000 0 1
a3c8a4 000 000000 0 1
a3c965 000 000000 0 1
a3c905 000 000000 0 1
a3c935 000 000000 0 1
a3c92d 000 000000 0 1
a3c921 000 000000 0 1
a3c927 000 000000 0 1
a3c924 000 000000 0 1
a3c9c5 000 000000 0 1
a3c9f5 000 000000 0 1
a3c9ed 000 000000 0 1
a3c9e1 000 000000 0 1
a3c9e7 000 000000 0 1
a3c9e4 000 000000 0 1
a3c995 000 000000 0 1
a3c98d 000 000000 0 1
a3c981 000 000000 0 1
a3c987 000 000000 0 1
a3c984 000 000000 0 1
a3c9bd 000 000000 0 1
a3c9b1 000 000000 0 1
a3c9b7 000 000000 0 1
a3c9b4 000 000000 0 1
a3c9a9 000 000000 0 1
a3c9af 000 000000 0 1
a3c9ac 000 000000 0 1
a3c9a3 000 000000 0 1
a3c9a0 000 000000 0 1
a3c9a6 000 000000 0 1
a009a5 000 000000 0 1
a069a5 000 000000 0 1
a059a5 000 000000 0 1
a041a5 000 000000 0 1
a04da5 000 000000 0 1
a04ba5 000 000000 0 1
a048a5 000 000000 0 1
a04925 000 000000 0 1
a049e5 000 000000 0 1
a04985 000 000000 0 1
a049b5 000 000000 0 1
a049ad 000 000000 0 1
a049a1 000 000000 0 1
a049a7 000 000000 0 1
a049a4 000 000000 0 1
a0a9a5 000 000000 0 1
a099a5 000 000000 0 1
a081a5 000 000000 0 1
a08da5 000 000000 0 1
a08ba5 000 000000 0 1
a088a5 000 000000 0 1
a08925 000 000000 0 1
a089e5 000 000000 0 1
a08985 000 000000 0 1
a089b5 000 000000 0 1
a089ad 000 000000 0 1
a089a1 000 000000 0 1
a089a7 000 000000 0 1
a089a4 000 000000 0 1
a0f9a5 000 000000 0 1
a0e1a5 000 000000 0 1
a0eda5 000 000000 0 1
a0eba5 000 000000 0 1
a0e8a5 000 000000 0 1
a0e925 000 000000 0 1
a0e9e5 000 000000 0 1
a0e985 000 000000 0 1
a0e9b5 000 000000 0 1
a0e9ad 000 000000 0 1
a0e9a1 000 000000 0 1
a0e9a7 000 000000 0 1
a0e9a4 000 000000 0 1
a0d1a5 000 000000 0 1
a0dda5 000 000000 0 1
a0dba5 000 000000 0 1
a0d8a5 000 000000 0 1
a0d925 000 000000 0 1
a0d9e5 000 000000 0 1
a0d985 000 000000 0 1
a0d9b5 000 000000 0 1
a0d9ad 000 000000 0 1
a0d9a1 000 000000 0 1
a0d9a7 000 000000 0 1
a0d9a4 000 000000 0 1
a0c5a5 000 000000 0 1
a0c3a5 000 000000 0 1
a0c0a5 000 000000 0 1
a0c125 000 000000 0 1
a0c1e5 000 000000 0 1
a0c185 000 000000 0 1
a0c1b5 000 000000 0 1
a0c1ad 000 000000 0 1
a0c1a1 000 000000 0 1
a0c1a7 000 000000 0 1
a0c1a4 000 000000 0 1
a0cfa5 000 000000 0 1
a0cca5 000 000000 0 1
a0cd25 000 000000 0 1
a0cde5 000 000000 0 1
a0cd85 000 000000 0 1
a0cdb5 000 000000 0 1
a0cdad 000 000000 0 1
a0cda1 000 000000 0 1
a0cda7 000 000000 0 1
a0cda4 000 000000 0 1
a0caa5 000 000000 0 1
a0cb25 000 000000 0 1
a0cbe5 000 000000 0 1
a0cb85 000 000000 0 1
a0cbb5 000 000000 0 1
a0cbad 000 000000 0 1
a0cba1 000 000000 0 1
a0cba7 000 000000 0 1
a0cba4 000 000000 0 1
a0c825 000 000000 0 1
a0c8e5 000 000000 0 1
a0c885 000 000000 0 1
a0c8b5 000 000000 0 1
a0c8ad 000 000000 0 1
a0c8a1 000 000000 0 1
a0c8a7 000 000000 0 1
a0c8a4 000 000000 0 1
a0c965 000 000000 0 1
a0c905 000 000000 0 1
a0c935 000 000000 0 1
a0c92d 000 000000 0 1
a0c921 000 000000 0 1
a0c927 000 000000 0 1
a0c924 000 000000 0 1
a0c9c5 000 000000 0 1
a0c9f5 000 000000 0 1
a0c9ed 000 000000 0 1
a0c9e1 000 000000 0 1
a0c9e7 000 000000 0 1
a0c9e4 000 000000 0 1
a0c995 000 000000 0 1
a0c98d 000 000000 0 1
a0c981 000 000000 0 1
a0c987 000 000000 0 1
a0c984 000 000000 0 1
a0c9bd 000 000000 0 1
a0c9b1 000 000000 0 1
a0c9b7 000 000000 0 1
a0c9b4 000 000000 0 1
a0c9a9 000 000000 0 1
a0c9af 000 000000 0 1
a0c9ac 000 000000 0 1
a0c9a3 000 000000 0 1
a0c9a0 000 000000 0 1
a0c9a6 000 000000 0 1
a129a5 000 000000 0 1
a119a5 000 000000 0 1
a101a5 000 000000 0 1
a10da5 000 000000 0 1
a10ba5 000 000000 0 1
a108a5 000 000000 0 1
a10925 000 000000 0 1
a109e5 000 000000 0 1
a10985 000 000000 0 1
a109b5 000 000000 0 1
a109ad 000 000000 0 1
a109a1 000 000000 0 1
a109a7 000 000000 0 1
a109a4 000 000000 0 1
a179a5 000 000000 0 1
a161a5 000 000000 0 1
a16da5 000 000000 0 1
a16ba5 000 000000 0 1
a168a5 000 000000 0 1
a16925 000 000000 0 1
a169e5 000 000000 0 1
a16985 000 000000 0 1
a169b5 000 000000 0 1
a169ad 000 000000 0 1
a169a1 000 000000 0 1
a169a7 000 000000 0 1
a169a4 000 000000 0 1
a151a5 000 000000 0 1
a15da5 000 000000 0 1
a15ba5 000 000000 0 1
a158a5 000 000000 0 1
a15925 000 000000 0 1
a159e5 000 000000 0 1
a15985 000 000000 0 1
a159b5 000 000000 0 1
a159ad 000 000000 0 1
a159a1 000 000000 0 1
a159a7 000 000000 0 1
a159a4 000 000000 0 1
a145a5 000 000000 0 1
a143a5 000 000000 0 1
a140a5 000 000000 0 1
a14125 000 000000 0 1
a141e5 000 000000 0 1
a14185 000 000000 0 1
a141b5 000 000000 0 1
a141ad 000 000000 0 1
a141a1 000 000000 0 1
a141a7 000 000000 0 1
a141a4 000 000000 0 1
a14fa5 000 000000 0 1
a14ca5 000 000000 0 1
a14d25 000 000000 0 1
a14de5 000 000000 0 1
a14d85 000 000000 0 1
a14db5 000 000000 0 1
a14dad 000 000000 0 1
a14da1 000 000000 0 1
a14da7 000 000000 0 1
a14da4 000 000000 0 1
a14aa5 000 000000 0 1
a14b25 000 000000 0 1
a14be5 000 000000 0 1
a14b85 000 000000 0 1
a14bb5 000 000000 0 1
a14bad 000 000000 0 1
a14ba1 000 000000 0 1
a14ba7 000 000000 0 1
a14ba4 000 000000 0 1
a14825 000 000000 0 1
a148e5 000 000000 0 1
a14885 000 000000 0 1
a148b5 000 000000 0 1
a148ad 000 000000 0 1
a148a1 000 000000 0 1
a148a7 000 000000 0 1
a148a4 000 000000 0 1
a14965 000 000000 0 1
a14905 000 000000 0 1
a14935 000 000000 0 1
a1492d 000 000000 0 1
a14921 000 000000 0 1
a14927 000 000000 0 1
a14924 000 000000 0 1
a149c5 000 000000 0 1
a149f5 000 000000 0 1
a149ed 000 000000 0 1
a149e1 000 000000 0 1
a149e7 000 000000 0 1
a149e4 000 000000 0 1
a14995 000 000000 0 1
a1498d 000 000000 0 1
a14981 000 000000 0 1
a14987 000 000000 0 1
a14984 000 000000 0 1
a149bd 000 000000 0 1
a149b1 000 000000 0 1
a149b7 000 000000 0 1
a149b4 000 000000 0 1
a149a9 000 000000 0 1
a149af 000 000000 0 1
a149ac 000 000000 0 1
a149a3 000 000000 0 1
a149a0 000 000000 0 1
a149a6 000 000000 0 1
a1b9a5 000 000000 0 1
a1a1a5 000 000000 0 1
a1ada5 000 000000 0 1
a1aba5 000 000000 0 1
a1a8a5 000 000000 0 1
a1a925 000 000000 0 1
a1a9e5 000 000000 0 1
a1a985 000 000000 0 1
a1a9b5 000 000000 0 1
a1a9ad 000 000000 0 1
a1a9a1 000 000000 0 1
a1a9a7 000 000000 0 1
a1a9a4 000 000000 0 1
a191a5 000 000000 0 1
a19da5 000 000000 0 1
a19ba5 000 000000 0 1
a198a5 000 000000 0 1
a19925 000 000000 0 1
a199e5 000 000000 0 1
a19985 000 000000 0 1
a199b5 000 000000 0 1
a199ad 000 000000 0 1
a199a1 000 000000 0 1
a199a7 000 000000 0 1
a199a4 000 000000 0 1
a185a5 000 000000 0 1
a183a5 000 000000 0 1
a180a5 000 000000 0 1
a18125 000 000000 0 1
a181e5 000 000000 0 1
a18185 000 000000 0 1
a181b5 000 000000 0 1
a181ad 000 000000 0 1
a181a1 000 000000 0 1
a181a7 000 000000 0 1
a181a4 000 000000 0 1
a18fa5 000 000000 0 1
a18ca5 000 000000 0 1
a18d25 000 000000 0 1
a18de5 000 000000 0 1
a18d85 000 000000 0 1
a18db5 000 000000 0 1
a18dad 000 000000 0 1
a18da1 000 000000 0 1
a18da7 000 000000 0 1
a18da4 000 000000 0 1
a18aa5 000 000000 0 1
a18b25 000 000000 0 1
a18be5 000 000000 0 1
a18b85 000 000000 0 1
a18bb5 000 000000 0 1
a18bad 000 000000 0 1
a18ba1 000 000000 0 1
a18ba7 000 000000 0 1
a18ba4 000 000000 0 1
a18825 000 000000 0 1
a188e5 000 000000 0 1
a18885 000 000000 0 1
a188b5 000 000000 0 1
a188ad 000 000000 0 1
a188a1 000 000000 0 1
a188a7 000 000000 0 1
a188a4 000 000000 0 1
a18965 000 000000 0 1
a18905 000 000000 0 1
a18935 000 000000 0 1
a1892d 000 000000 0 1
a18921 000 000000 0 1
a18927 000 000000 0 1
a18924 000 000000 0 1
a189c5 000 000000 0 1
a189f5 000 000000 0 1
a189ed 000 000000 0 1
a189e1 000 000000 0 1
a189e7 000 000000 0 1
a189e4 000 000000 0 1
a18995 000 000000 0 1
a1898d 000 000000 0 1
a18981 000 000000 0 1
a18987 000 000000 0 1
a18984 000 000000 0 1
a189bd 000 000000 0 1
a189b1 000 000000 0 1
a189b7 000 000000 0 1
a189b4 000 000000 0 1
a189a9 000 000000 0 1
a189af 000 000000 0 1
a189ac 000 000000 0 1
a189a3 000 000000 0 1
a189a0 000 000000 0 1
a189a6 000 000000 0 1
a1f1a5 000 000000 0 1
a1fda5 000 000000 0 1
a1fba5 000 000000 0 1
a1f8a5 000 000000 0 1
a1f925 000 000000 0 1
a1f9e5 000 000000 0 1
a1f985 000 000000 0 1
a1f9b5 000 000000 0 1
a1f9ad 000 000000 0 1
a1f9a1 000 000000 0 1
a1f9a7 000 000000 0 1
a1f9a4 000 000000 0 1
a1e5a5 000 000000 0 1
a1e3a5 000 000000 0 1
a1e0a5 000 000000 0 1
a1e125 000 000000 0 1
a1e1e5 000 000000 0 1
a1e185 000 000000 0 1
a1e1b5 000 000000 0 1
a1e1ad 000 000000 0 1
a1e1a1 000 000000 0 1
a1e1a7 000 000000 0 1
a1e1a4 000 000000 0 1
a1efa5 000 000000 0 1
a1eca5 000 000000 0 1
a1ed25 000 000000 0 1
a1ede5 000 000000 0 1
a1ed85 000 000000 0 1
a1edb5 000 000000 0 1
a1edad 000 000000 0 1
a1eda1 000 000000 0 1
a1eda7 000 000000 0 1
a1eda4 000 000000 0 1
a1eaa5 000 000000 0 1
a1eb25 000 000000 0 1
a1ebe5 000 000000 0 1
a1eb85 000 000000 0 1
a1ebb5 000 000000 0 1
a1ebad 000 000000 0 1
a1eba1 000 000000 0 1
a1eba7 000 000000 0 1
a1eba4 000 000000 0 1
a1e825 000 000000 0 1
a1e8e5 000 000000 0 1
a1e885 000 000000 0 1
a1e8b5 000 000000 0 1
a1e8ad 000 000000 0 1
a1e8a1 000 000000 0 1
a1e8a7 000 000000 0 1
a1e8a4 000 000000 0 1
a1e965 000 000000 0 1
a1e905 000 000000 0 1
a1e935 000 000000 0 1
a1e92d 000 000000 0 1
a1e921 000 000000 0 1
a1e927 000 000000 0 1
a1e924 000 000000 0 1
a1e9c5 000 000000 0 1
a1e9f5 000 000000 0 1
a1e9ed 000 000000 0 1
a1e9e1 000 000000 0 1
a1e9e7 000 000000 0 1
a1e9e4 000 000000 0 1
a1e995 000 000000 0 1
a1e98d 000 000000 0 1
a1e981 000 000000 0 1
a1e987 000 000000 0 1
a1e984 000 000000 0 1
a1e9bd 000 000000 0 1
a1e9b1 000 000000 0 1
a1e9b7 000 000000 0 1
a1e9b4 000 000000 0 1
a1e9a9 000 000000 0 1
a1e9af 000 000000 0 1
a1e9ac 000 000000 0 1
a1e9a3 000 000000 0 1
a1e9a0 000 000000 0 1
a1e9a6 000 000000 0 1
a1d5a5 000 000000 0 1
a1d3a5 000 000000 0 1
a1d0a5 000 000000 0 1
a1d125 000 000000 0 1
a1d1e5 000 000000 0 1
a1d185 000 000000 0 1
a1d1b5 000 000000 0 1
a1d1ad 000 000000 0 1
a1d1a1 000 000000 0 1
a1d1a7 000 000000 0 1
a1d1a4 000 000000 0 1
a1dfa5 000 000000 0 1
a1dca5 000 000000 0 1
a1dd25 000 000000 0 1
a1dde5 000 000000 0 1
a1dd85 000 000000 0 1
a1ddb5 000 000000 0 1
a1ddad 000 000000 0 1
a1dda1 000 000000 0 1
a1dda7 000 000000 0 1
a1dda4 000 000000 0 1
a1daa5 000 000000 0 1
a1db25 000 000000 0 1
a1dbe5 000 000000 0 1
a1db85 000 000000 0 1
a1dbb5 000 000000 0 1
a1dbad 000 000000 0 1
a1dba1 000 000000 0 1
a1dba7 000 000000 0 1
a1dba4 000 000000 0 1
a1d825 000 000000 0 1
a1d8e5 000 000000 0 1
a1d885 000 000000 0 1
a1d8b5 000 000000 0 1
a1d8ad 000 000000 0 1
a1d8a1 000 000000 0 1
a1d8a7 000 000000 0 1
a1d8a4 000 000000 0 1
a1d965 000 000000 0 1
a1d905 000 000000 0 1
a1d935 000 000000 0 1
a1d92d 000 000000 0 1
a1d921 000 000000 0 1
a1d927 000 000000 0 1
a1d924 000 000000 0 1
a1d9c5 000 000000 0 1
a1d9f5 000 000000 0 1
a1d9ed 000 000000 0 1
a1d9e1 000 000000 0 1
a1d9e7 000 000000 0 1
a1d9e4 000 000000 0 1
a1d995 000 000000 0 1
a1d98d 000 000000 0 1
a1d981 000 000000 0 1
a1d987 000 000000 0 1
a1d984 000 000000 0 1
a1d9bd 000 000000 0 1
a1d9b1 000 000000 0 1
a1d9b7 000 000000 0 1
a1d9b4 000 000000 0 1
a1d9a9 000 000000 0 1
a1d9af 000 000000 0 1
a1d9ac 000 000000 0 1
a1d9a3 000 000000 0 1
a1d9a0 000 000000 0 1
a1d9a6 000 000000 0 1
a1c7a5 000 000000 0 1
a1c4a5 000 000000 0 1
a1c525 000 000000 0 1
a1c5e5 000 000000 0 1
a1c585 000 000000 0 1
a1c5b5 000 000000 0 1
a1c5ad 000 000000 0 1
a1c5a1 000 000000 0 1
a1c5a7 000 000000 0 1
a1c5a4 000 000000 0 1
a1c2a5 000 000000 0 1
a1c325 000 000000 0 1
a1c3e5 000 000000 0 1
a1c385 000 000000 0 1
a1c3b5 000 000000 0 1
a1c3ad 000 000000 0 1
a1c3a1 000 000000 0 1
a1c3a7 000 000000 0 1
a1c3a4 000 000000 0 1
a1c025 000 000000 0 1
a1c0e5 000 000000 0 1
a1c085 000 000000 0 1
a1c0b5 000 000000 0 1
a1c0ad 000 000000 0 1
a1c0a1 000 000000 0 1
a1c0a7 000 000000 0 1
a1c0a4 000 000000 0 1
a1c165 000 000000 0 1
a1c105 000 000000 0 1
a1c135 000 000000 0 1
a1c12d 000 000000 0 1
a1c121 000 000000 0 1
a1c127 000 000000 0 1
a1c124 000 000000 0 1
a1c1c5 000 000000 0 1
a1c1f5 000 000000 0 1
a1c1ed 000 000000 0 1
a1c1e1 000 000000 0 1
a1c1e7 000 000000 0 1
a1c1e4 000 000000 0 1
a1c195 000 000000 0 1
a1c18d 000 000000 0 1
a1c181 000 000000 0 1
a1c187 000 000000 0 1
a1c184 000 000000 0 1
a1c1bd 000 000000 0 1
a1c1b1 000 000000 0 1
a1c1b7 000 000000 0 1
a1c1b4 000 000000 0 1
a1c1a9 000 000000 0 1
a1c1af 000 000000 0 1
a1c1ac 000 000000 0 1
a1c1a3 000 000000 0 1
a1c1a0 000 000000 0 1
a1c1a6 000 000000 0 1
a1cea5 000 000000 0 1
a1cf25 000 000000 0 1
a1cfe5 000 000000 0 1
a1cf85 000 000000 0 1
a1cfb5 000 000000 0 1
a1cfad 000 000000 0 1
a1cfa1 000 000000 0 1
a1cfa7 000 000000 0 1
a1cfa4 000 000000 0 1
a1cc25 000 000000 0 1
a1cce5 000 000000 0 1
a1cc85 000 000000 0 1
a1ccb5 000 000000 0 1
a1ccad 000 000000 0 1
a1cca1 000 000000 0 1
a1cca7 000 000000 0 1
a1cca4 000 000000 0 1
a1cd65 000 000000 0 1
a1cd05 000 000000 0 1
a1cd35 000 000000 0 1
a1cd2d 000 000000 0 1
a1cd21 000 000000 0 1
a1cd27 000 000000 0 1
a1cd24 000 000000 0 1
a1cdc5 000 000000 0 1
a1cdf5 000 000000 0 1
a1cded 000 000000 0 1
a1cde1 000 000000 0 1
a1cde7 000 000000 0 1
a1cde4 000 000000 0 1
a1cd95 000 000000 0 1
a1cd8d 000 000000 0 1
a1cd81 000 000000 0 1
a1cd87 000 000000 0 1
a1cd84 000 000000 0 1
a1cdbd 000 000000 0 1
a1cdb1 000 000000 0 1
a1cdb7 000 000000 0 1
a1cdb4 000 000000 0 1
a1cda9 000 000000 0 1
a1cdaf 000 000000 0 1
a1cdac 000 000000 0 1
a1cda3 000 000000 0 1
a1cda0 000 000000 0 1
a1cda6 000 000000 0 1
a1ca25 000 000000 0 1
a1cae5 000 000000 0 1
a1ca85 000 000000 0 1
a1cab5 000 000000 0 1
a1caad 000 000000 0 1
a1caa1 000 000000 0 1
a1caa7 000 000000 0 1
a1caa4 000 000000 0 1
a1cb65 000 000000 0 1
a1cb05 000 000000 0 1
a1cb35 000 000000 0 1
a1cb2d 000 000000 0 1
a1cb21 000 000000 0 1
a1cb27 000 000000 0 1
a1cb24 000 000000 0 1
a1cbc5 000 000000 0 1
a1cbf5 000 000000 0 1
a1cbed 000 000000 0 1
a1cbe1 000 000000 0 1
a1cbe7 000 000000 0 1
a1cbe4 000 000000 0 1
a1cb95 000 000000 0 1
a1cb8d 000 000000 0 1
a1cb81 000 000000 0 1
a1cb87 000 000000 0 1
a1cb84 000 000000 0 1
a1cbbd 000 000000 0 1
a1cbb1 000 000000 0 1
a1cbb7 000 000000 0 1
a1cbb4 000 000000 0 1
a1cba9 000 000000 0 1
a1cbaf 000 000000 0 1
a1cbac 000 000000 0 1
a1cba3 000 000000 0 1
a1cba0 000 000000 0 1
a1cba6 000 000000 0 1
a1c865 000 000000 0 1
a1c805 000 000000 0 1
a1c835 000 000000 0 1
a1c82d 000 000000 0 1
a1c821 000 000000 0 1
a1c827 000 000000 0 1
a1c824 000 000000 0 1
a1c8c5 000 000000 0 1
a1c8f5 000 000000 0 1
a1c8ed 000 000000 0 1
a1c8e1 000 000000 0 1
a1c8e7 000 000000 0 1
a1c8e4 000 000000 0 1
a1c895 000 000000 0 1
a1c88d 000 000000 0 1
a1c881 000 000000 0 1
a1c887 000 000000 0 1
a1c884 000 000000 0 1
a1c8bd 000 000000 0 1
a1c8b1 000 000000 0 1
a1c8b7 000 000000 0 1
a1c8b4 000 000000 0 1
a1c8a9 000 000000 0 1
a1c8af 000 000000 0 1
a1c8ac 000 000000 0 1
a1c8a3 000 000000 0 1
a1c8a0 000 000000 0 1
a1c8a6 000 000000 0 1
a1c945 000 000000 0 1
a1c975 000 000000 0 1
a1c96d 000 000000 0 1
a1c961 000 000000 0 1
a1c967 000 000000 0 1
a1c964 000 000000 0 1
a1c915 000 000000 0 1
a1c90d 000 000000 0 1
a1c901 000 000000 0 1
a1c907 000 000000 0 1
a1c904 000 000000 0 1
a1c93d 000 000000 0 1
a1c931 000 000000 0 1
a1c937 000 000000 0 1
a1c934 000 000000 0 1
a1c929 000 000000 0 1
a1c92f 000 000000 0 1
a1c92c 000 000000 0 1
a1c923 000 000000 0 1
a1c920 000 000000 0 1
a1c926 000 000000 0 1
a1c9d5 000 000000 0 1
a1c9cd 000 000000 0 1
a1c9c1 000 000000 0 1
a1c9c7 000 000000 0 1
a1c9c4 000 000000 0 1
a1c9fd 000 000000 0 1
a1c9f1 000 000000 0 1
a1c9f7 000 000000 0 1
a1c9f4 000 000000 0 1
a1c9e9 000 000000 0 1
a1c9ef 000 000000 0 1
a1c9ec 000 000000 0 1
a1c9e3 000 000000 0 1
a1c9e0 000 000000 0 1
a1c9e6 000 000000 0 1
a1c99d 000 000000 0 1
a1c991 000 000000 0 1
a1c997 000 000000 0 1
a1c994 000 000000 0 1
a1c989 000 000000 0 1
a1c98f 000 000000 0 1
a1c98c 000 000000 0 1
a1c983 000 000000 0 1
a1c980 000 000000 0 1
a1c986 000 000000 0 1
a1c9b9 000 000000 0 1
a1c9bf 000 000000 0 1
a1c9bc 000 000000 0 1
a1c9b3 000 000000 0 1
a1c9b0 000 000000 0 1
a1c9b6 000 000000 0 1
a1c9ab 000 000000 0 1
a1c9a8 000 000000 0 1
a1c9ae 000 000000 0 1
a1c9a2 000 000000 0 1
a609a5 000 000000 0 1
a669a5 000 000000 0 1
a659a5 000 000000 0 1
a641a5 000 000000 0 1
a64da5 000 000000 0 1
a64ba5 000 000000 0 1
a648a5 000 000000 0 1
a64925 000 000000 0 1
a649e5 000 000000 0 1
a64985 000 000000 0 1
a649b5 000 000000 0 1
a649ad 000 000000 0 1
a649a1 000 000000 0 1
a649a7 000 000000 0 1
a649a4 000 000000 0 1
a6a9a5 000 000000 0 1
a699a5 000 000000 0 1
a681a5 000 000000 0 1
a68da5 000 000000 0 1
a68ba5 000 000000 0 1
a688a5 000 000000 0 1
a68925 000 000000 0 1
a689e5 000 000000 0 1
a68985 000 000000 0 1
a689b5 000 000000 0 1
a689ad 000 000000 0 1
a689a1 000 000000 0 1
a689a7 000 000000 0 1
a689a4 000 000000 0 1
a6f9a5 000 000000 0 1
a6e1a5 000 000000 0 1
a6eda5 000 000000 0 1
a6eba5 000 000000 0 1
a6e8a5 000 000000 0 1
a6e925 000 000000 0 1
a6e9e5 000 000000 0 1
a6e985 000 000000 0 1
a6e9b5 000 000000 0 1
a6e9ad 000 000000 0 1
a6e9a1 000 000000 0 1
a6e9a7 000 000000 0 1
a6e9a4 000 000000 0 1
a6d1a5 000 000000 0 1
a6dda5 000 000000 0 1
a6dba5 000 000000 0 1
a6d8a5 000 000000 0 1
a6d925 000 000000 0 1
a6d9e5 000 000000 0 1
a6d985 000 000000 0 1
a6d9b5 000 000000 0 1
a6d9ad 000 000000 0 1
a6d9a1 000 000000 0 1
a6d9a7 000 000000 0 1
a6d9a4 000 000000 0 1
a6c5a5 000 000000 0 1
a6c3a5 000 000000 0 1
a6c0a5 000 000000 0 1
a6c125 000 000000 0 1
a6c1e5 000 000000 0 1
a6c185 000 000000 0 1
a6c1b5 000 000000 0 1
a6c1ad 000 000000 0 1
a6c1a1 000 000000 0 1
a6c1a7 000 000000 0 1
a6c1a4 000 000000 0 1
a6cfa5 000 000000 0 1
a6cca5 000 000000 0 1
a6cd25 000 000000 0 1
a6cde5 000 000000 0 1
a6cd85 000 000000 0 1
a6cdb5 000 000000 0 1
a6cdad 000 000000 0 1
a6cda1 000 000000 0 1
a6cda7 000 000000 0 1
a6cda4 000 000000 0 1
a6caa5 000 000000 0 1
a6cb25 000 000000 0 1
a6cbe5 000 000000 0 1
a6cb85 000 000000 0 1
a6cbb5 000 000000 0 1
a6cbad 000 000000 0 1
a6cba1 000 000000 0 1
a6cba7 000 000000 0 1
a6cba4 000 000000 0 1
a6c825 000 000000 0 1
a6c8e5 000 000000 0 1
a6c885 000 000000 0 1
a6c8b5 000 000000 0 1
a6c8ad 000 000000 0 1
a6c8a1 000 000000 0 1
a6c8a7 000 000000 0 1
a6c8a4 000 000000 0 1
a6c965 000 000000 0 1
a6c905 000 000000 0 1
a6c935 000 000000 0 1
a6c92d 000 000000 0 1
a6c921 000 000000 0 1
a6c927 000 000000 0 1
a6c924 000 000000 0 1
a6c9c5 000 000000 0 1
a6c9f5 000 000000 0 1
a6c9ed 000 000000 0 1
a6c9e1 000 000000 0 1
a6c9e7 000 000000 0 1
a6c9e4 000 000000 0 1
a6c995 000 000000 0 1
a6c98d 000 000000 0 1
a6c981 000 000000 0 1
a6c987 000 000000 0 1
a6c984 000 000000 0 1
a6c9bd 000 000000 0 1
a6c9b1 000 000000 0 1
a6c9b7 000 000000 0 1
a6c9b4 000 000000 0 1
a6c9a9 000 000000 0 1
a6c9af 000 000000 0 1
a6c9ac 000 000000 0 1
a6c9a3 000 000000 0 1
a6c9a0 000 000000 0 1
a6c9a6 000 000000 0 1
a729a5 000 000000 0 1
a719a5 000 000000 0 1
a701a5 000 000000 0 1
a70da5 000 000000 0 1
a70ba5 000 000000 0 1
a708a5 000 000000 0 1
a70925 000 000000 0 1
a709e5 000 000000 0 1
a70985 000 000000 0 1
a709b5 000 000000 0 1
a709ad 000 000000 0 1
a709a1 000 000000 0 1
a709a7 000 000000 0 1
a709a4 000 000000 0 1
a779a5 000 000000 0 1
a761a5 000 000000 0 1
a76da5 000 000000 0 1
a76ba5 000 000000 0 1
a768a5 000 000000 0 1
a76925 000 000000 0 1
a769e5 000 000000 0 1
a76985 000 000000 0 1
a769b5 000 000000 0 1
a769ad 000 000000 0 1
a769a1 000 000000 0 1
a769a7 000 000000 0 1
a769a4 000 000000 0 1
a751a5 000 000000 0 1
a75da5 000 000000 0 1
a75ba5 000 000000 0 1
a758a5 000 000000 0 1
a75925 000 000000 0 1
a759e5 000 000000 0 1
a75985 000 000000 0 1
a759b5 000 000000 0 1
a759ad 000 000000 0 1
a759a1 000 000000 0 1
a759a7 000 000000 0 1
a759a4 000 000000 0 1
a745a5 000 000000 0 1
a743a5 000 000000 0 1
a740a5 000 000000 0 1
a74125 000 000000 0 1
a741e5 000 000000 0 1
a74185 000 000000 0 1
a741b5 000 000000 0 1
a741ad 000 000000 0 1
a741a1 000 000000 0 1
a741a7 000 000000 0 1
a741a4 000 000000 0 1
a74fa5 000 000000 0 1
a74ca5 000 000000 0 1
a74d25 000 000000 0 1
a74de5 000 000000 0 1
a74d85 000 000000 0 1
a74db5 000 000000 0 1
a74dad 000 000000 0 1
a74da1 000 000000 0 1
a74da7 000 000000 0 1
a74da4 000 000000 0 1
a74aa5 000 000000 0 1
a74b25 000 000000 0 1
a74be5 000 000000 0 1
a74b85 000 000000 0 1
a74bb5 000 000000 0 1
a74bad 000 000000 0 1
a74ba1 000 000000 0 1
a74ba7 000 000000 0 1
a74ba4 000 000000 0 1
a74825 000 000000 0 1
a748e5 000 000000 0 1
a74885 000 000000 0 1
a748b5 000 000000 0 1
a748ad 000 000000 0 1
a748a1 000 000000 0 1
a748a7 000 000000 0 1
a748a4 000 000000 0 1
a74965 000 000000 0 1
a74905 000 000000 0 1
a74935 000 000000 0 1
a7492d 000 000000 0 1
a74921 000 000000 0 1
a74927 000 000000 0 1
a74924 000 000000 0 1
a749c5 000 000000 0 1
a749f5 000 000000 0 1
a749ed 000 000000 0 1
a749e1 000 000000 0 1
a749e7 000 000000 0 1
a749e4 000 000000 0 1
a74995 000 000000 0 1
a7498d 000 000000 0 1
a74981 000 000000 0 1
a74987 000 000000 0 1
a74984 000 000000 0 1
a749bd 000 000000 0 1
a749b1 000 000000 0 1
a749b7 000 000000 0 1
a749b4 000 000000 0 1
a749a9 000 000000 0 1
a749af 000 000000 0 1
a749ac 000 000000 0 1
a749a3 000 000000 0 1
a749a0 000 000000 0 1
a749a6 000 000000 0 1
a7b9a5 000 000000 0 1
a7a1a5 000 000000 0 1
a7ada5 000 000000 0 1
a7aba5 000 000000 0 1
a7a8a5 000 000000 0 1
a7a925 000 000000 0 1
a7a9e5 000 000000 0 1
a7a985 000 000000 0 1
a7a9b5 000 000000 0 1
a7a9ad 000 000000 0 1
a7a9a1 000 000000 0 1
a7a9a7 000 000000 0 1
a7a9a4 000 000000 0 1
a791a5 000 000000 0 1
a79da5 000 000000 0 1
a79ba5 000 000000 0 1
a798a5 000 000000 0 1
a79925 000 000000 0 1
a799e5 000 000000 0 1
a79985 000 000000 0 1
a799b5 000 000000 0 1
a799ad 000 000000 0 1
a799a1 000 000000 0 1
a799a7 000 000000 0 1
a799a4 000 000000 0 1
a785a5 000 000000 0 1
a783a5 000 000000 0 1
a780a5 000 000000 0 1
a78125 000 000000 0 1
a781e5 000 000000 0 1
a78185 000 000000 0 1
a781b5 000 000000 0 1
a781ad 000 000000 0 1
a781a1 000 000000 0 1
a781a7 000 000000 0 1
a781a4 000 000000 0 1
a78fa5 000 000000 0 1
a78ca5 000 000000 0 1
a78d25 000 000000 0 1
a78de5 000 000000 0 1
a78d85 000 000000 0 1
a78db5 000 000000 0 1
a78dad 000 000000 0 1
a78da1 000 000000 0 1
a78da7 000 000000 0 1
a78da4 000 000000 0 1
a78aa5 000 000000 0 1
a78b25 000 000000 0 1
a78be5 000 000000 0 1
a78b85 000 000000 0 1
a78bb5 000 000000 0 1
a78bad 000 000000 0 1
a78ba1 000 000000 0 1
a78ba7 000 000000 0 1
a78ba4 000 000000 0 1
a78825 000 000000 0 1
a788e5 000 000000 0 1
a78885 000 000000 0 1
a788b5 000 000000 0 1
a788ad 000 000000 0 1
a788a1 000 000000 0 1
a788a7 000 000000 0 1
a788a4 000 000000 0 1
a78965 000 000000 0 1
a78905 000 000000 0 1
a78935 000 000000 0 1
a7892d 000 000000 0 1
a78921 000 000000 0 1
a78927 000 000000 0 1
a78924 000 000000 0 1
a789c5 000 000000 0 1
a789f5 000 000000 0 1
a789ed 000 000000 0 1
a789e1 000 000000 0 1
a789e7 000 000000 0 1
a789e4 000 000000 0 1
a78995 000 000000 0 1
a7898d 000 000000 0 1
a78981 000 000000 0 1
a78987 000 000000 0 1
a78984 000 000000 0 1
a789bd 000 000000 0 1
a789b1 000 000000 0 1
a789b7 000 000000 0 1
a789b4 000 000000 0 1
a789a9 000 000000 0 1
a789af 000 000000 0 1
a789ac 000 000000 0 1
a789a3 000 000000 0 1
a789a0 000 000000 0 1
a789a6 000 000000 0 1
a7f1a5 000 000000 0 1
a7fda5 000 000000 0 1
a7fba5 000 000000 0 1
a7f8a5 000 000000 0 1
a7f925 000 000000 0 1
a7f9e5 000 000000 0 1
a7f985 000 000000 0 1
a7f9b5 000 000000 0 1
a7f9ad 000 000000 0 1
a7f9a1 000 000000 0 1
a7f9a7 000 000000 0 1
a7f9a4 000 000000 0 1
a7e5a5 000 000000 0 1
a7e3a5 000 000000 0 1
a7e0a5 000 000000 0 1
a7e125 000 000000 0 1
a7e1e5 000 000000 0 1
a7e185 000 000000 0 1
a7e1b5 000 000000 0 1
a7e1ad 000 000000 0 1
a7e1a1 000 000000 0 1
a7e1a7 000 000000 0 1
a7e1a4 000 000000 0 1
a7efa5 000 000000 0 1
a7eca5 000 000000 0 1
a7ed25 000 000000 0 1
a7ede5 000 000000 0 1
a7ed85 000 000000 0 1
a7edb5 000 000000 0 1
a7edad 000 000000 0 1
a7eda1 000 000000 0 1
a7eda7 000 000000 0 1
a7eda4 000 000000 0 1
a7eaa5 000 000000 0 1
a7eb25 000 000000 0 1
a7ebe5 000 000000 0 1
a7eb85 000 000000 0 1
a7ebb5 000 000000 0 1
a7ebad 000 000000 0 1
a7eba1 000 000000 0 1
a7eba7 000 000000 0 1
a7eba4 000 000000 0 1
a7e825 000 000000 0 1
a7e8e5 000 000000 0 1
a7e885 000 000000 0 1
a7e8b5 000 000000 0 1
a7e8ad 000 000000 0 1
a7e8a1 000 000000 0 1
a7e8a7 000 000000 0 1
a7e8a4 000 000000 0 1
a7e965 000 000000 0 1
a7e905 000 000000 0 1
a7e935 000 000000 0 1
a7e92d 000 000000 0 1
a7e921 000 000000 0 1
a7e927 000 000000 0 1
a7e924 000 000000 0 1
a7e9c5 000 000000 0 1
a7e9f5 000 000000 0 1
a7e9ed 000 000000 0 1
a7e9e1 000 000000 0 1
a7e9e7 000 000000 0 1
a7e9e4 000 000000 0 1
a7e995 000 000000 0 1
a7e98d 000 000000 0 1
a7e981 000 000000 0 1
a7e987 000 000000 0 1
a7e984 000 000000 0 1
a7e9bd 000 000000 0 1
a7e9b1 000 000000 0 1
a7e9b7 000 000000 0 1
a7e9b4 000 000000 0 1
a7e9a9 000 000000 0 1
a7e9af 000 000000 0 1
a7e9ac 000 000000 0 1
a7e9a3 000 000000 0 1
a7e9a0 000 000000 0 1
a7e9a6 000 000000 0 1
a7d5a5 000 000000 0 1
a7d3a5 000 000000 0 1
a7d0a5 000 000000 0 1
a7d125 000 000000 0 1
a7d1e5 000 000000 0 1
a7d185 000 000000 0 1
a7d1b5 000 000000 0 1
a7d1ad 000 000000 0 1
a7d1a1 000 000000 0 1
a7d1a7 000 000000 0 1
a7d1a4 000 000000 0 1
a7dfa5 000 000000 0 1
a7dca5 000 000000 0 1
a7dd25 000 000000 0 1
a7dde5 000 000000 0 1
a7dd85 000 000000 0 1
a7ddb5 000 000000 0 1
a7ddad 000 000000 0 1
a7dda1 000 000000 0 1
a7dda7 000 000000 0 1
a7dda4 000 000000 0 1
a7daa5 000 000000 0 1
a7db25 000 000000 0 1
a7dbe5 000 000000 0 1
a7db85 000 000000 0 1
a7dbb5 000 000000 0 1
a7dbad 000 000000 0 1
a7dba1 000 000000 0 1
a7dba7 000 000000 0 1
a7dba4 000 000000 0 1
a7d825 000 000000 0 1
a7d8e5 000 000000 0 1
a7d885 000 000000 0 1
a7d8b5 000 000000 0 1
a7d8ad 000 000000 0 1
a7d8a1 000 000000 0 1
a7d8a7 000 000000 0 1
a7d8a4 000 000000 0 1
a7d965 000 000000 0 1
a7d905 000 000000 0 1
a7d935 000 000000 0 1
a7d92d 000 000000 0 1
a7d921 000 000000 0 1
a7d927 000 000000 0 1
a7d924 000 000000 0 1
a7d9c5 000 000000 0 1
a7d9f5 000 000000 0 1
a7d9ed 000 000000 0 1
a7d9e1 000 000000 0 1
a7d9e7 000 000000 0 1
a7d9e4 000 000000 0 1
a7d995 000 000000 0 1
a7d98d 000 000000 0 1
a7d981 000 000000 0 1
a7d987 000 000000 0 1
a7d984 000 000000 0 1
a7d9bd 000 000000 0 1
a7d9b1 000 000000 0 1
a7d9b7 000 000000 0 1
a7d9b4 000 000000 0 1
a7d9a9 000 000000 0 1
a7d9af 000 000000 0 1
a7d9ac 000 000000 0 1
a7d9a3 000 000000 0 1
a7d9a0 000 000000 0 1
a7d9a6 000 000000 0 1
a7c7a5 000 000000 0 1
a7c4a5 000 000000 0 1
a7c525 000 000000 0 1
a7c5e5 000 000000 0 1
a7c585 000 000000 0 1
a7c5b5 000 000000 0 1
a7c5ad 000 000000 0 1
a7c5a1 000 000000 0 1
a7c5a7 000 000000 0 1
a7c5a4 000 000000 0 1
a7c2a5 000 000000 0 1
a7c325 000 000000 0 1
a7c3e5 000 000000 0 1
a7c385 000 000000 0 1
a7c3b5 000 000000 0 1
a7c3ad 000 000000 0 1
a7c3a1 000 000000 0 1
a7c3a7 000 000000 0 1
a7c3a4 000 000000 0 1
a7c025 000 000000 0 1
a7c0e5 000 000000 0 1
a7c085 000 000000 0 1
a7c0b5 000 000000 0 1
a7c0ad 000 000000 0 1
a7c0a1 000 000000 0 1
a7c0a7 000 000000 0 1
a7c0a4 000 000000 0 1
a7c165 000 000000 0 1
a7c105 000 000000 0 1
a7c135 000 000000 0 1
a7c12d 000 000000 0 1
a7c121 000 000000 0 1
a7c127 000 000000 0 1
a7c124 000 000000 0 1
a7c1c5 000 000000 0 1
a7c1f5 000 000000 0 1
a7c1ed 000 000000 0 1
a7c1e1 000 000000 0 1
a7c1e7 000 000000 0 1
a7c1e4 000 000000 0 1
a7c195 000 000000 0 1
a7c18d 000 000000 0 1
a7c181 000 000000 0 1
a7c187 000 000000 0 1
a7c184 000 000000 0 1
a7c1bd 000 000000 0 1
a7c1b1 000 000000 0 1
a7c1b7 000 000000 0 1
a7c1b4 000 000000 0 1
a7c1a9 000 000000 0 1
a7c1af 000 000000 0 1
a7c1ac 000 000000 0 1
a7c1a3 000 000000 0 1
a7c1a0 000 000000 0 1
a7c1a6 000 000000 0 1
a7cea5 000 000000 0 1
a7cf25 000 000000 0 1
a7cfe5 000 000000 0 1
a7cf85 000 000000 0 1
a7cfb5 000 000000 0 1
a7cfad 000 000000 0 1
a7cfa1 000 000000 0 1
a7cfa7 000 000000 0 1
a7cfa4 000 000000 0 1
a7cc25 000 000000 0 1
a7cce5 000 000000 0 1
a7cc85 000 000000 0 1
a7ccb5 000 000000 0 1
a7ccad 000 000000 0 1
a7cca1 000 000000 0 1
a7cca7 000 000000 0 1
a7cca4 000 000000 0 1
a7cd65 000 000000 0 1
a7cd05 000 000000 0 1
a7cd35 000 000000 0 1
a7cd2d 000 000000 0 1
a7cd21 000 000000 0 1
a7cd27 000 000000 0 1
a7cd24 000 000000 0 1
a7cdc5 000 000000 0 1
a7cdf5 000 000000 0 1
a7cded 000 000000 0 1
a7cde1 000 000000 0 1
a7cde7 000 000000 0 1
a7cde4 000 000000 0 1
a7cd95 000 000000 0 1
a7cd8d 000 000000 0 1
a7cd81 000 000000 0 1
a7cd87 000 000000 0 1
a7cd84 000 000000 0 1
a7cdbd 000 000000 0 1
a7cdb1 000 000000 0 1
a7cdb7 000 000000 0 1
a7cdb4 000 000000 0 1
a7cda9 000 000000 0 1
a7cdaf 000 000000 0 1
a7cdac 000 000000 0 1
a7cda3 000 000000 0 1
a7cda0 000 000000 0 1
a7cda6 000 000000 0 1
a7ca25 000 000000 0 1
a7cae5 000 000000 0 1
a7ca85 000 000000 0 1
a7cab5 000 000000 0 1
a7caad 000 000000 0 1
a7caa1 000 000000 0 1
a7caa7 000 000000 0 1
a7caa4 000 000000 0 1
a7cb65 000 000000 0 1
a7cb05 000 000000 0 1
a7cb35 000 000000 0 1
a7cb2d 000 000000 0 1
a7cb21 000 000000 0 1
a7cb27 000 000000 0 1
a7cb24 000 000000 0 1
a7cbc5 000 000000 0 1
a7cbf5 000 000000 0 1
a7cbed 000 000000 0 1
a7cbe1 000 000000 0 1
a7cbe7 000 000000 0 1
a7cbe4 000 000000 0 1
a7cb95 000 000000 0 1
a7cb8d 000 000000 0 1
a7cb81 000 000000 0 1
a7cb87 000 000000 0 1
a7cb84 000 000000 0 1
a7cbbd 000 000000 0 1
a7cbb1 000 000000 0 1
a7cbb7 000 000000 0 1
a7cbb4 000 000000 0 1
a7cba9 000 000000 0 1
a7cbaf 000 000000 0 1
a7cbac 000 000000 0 1
a7cba3 000 000000 0 1
a7cba0 000 000000 0 1
a7cba6 000 000000 0 1
a7c865 000 000000 0 1
a7c805 000 000000 0 1
a7c835 000 000000 0 1
a7c82d 000 000000 0 1
a7c821 000 000000 0 1
a7c827 000 000000 0 1
a7c824 000 000000 0 1
a7c8c5 000 000000 0 1
a7c8f5 000 000000 0 1
a7c8ed 000 000000 0 1
a7c8e1 000 000000 0 1
a7c8e7 000 000000 0 1
a7c8e4 000 000000 0 1
a7c895 000 000000 0 1
a7c88d 000 000000 0 1
a7c881 000 000000 0 1
a7c887 000 000000 0 1
a7c884 000 000000 0 1
a7c8bd 000 000000 0 1
a7c8b1 000 000000 0 1
a7c8b7 000 000000 0 1
a7c8b4 000 000000 0 1
a7c8a9 000 000000 0 1
a7c8af 000 000000 0 1
a7c8ac 000 000000 0 1
a7c8a3 000 000000 0 1
a7c8a0 000 000000 0 1
a7c8a6 000 000000 0 1
a7c945 000 000000 0 1
a7c975 000 000000 0 1
a7c96d 000 000000 0 1
a7c961 000 000000 0 1
a7c967 000 000000 0 1
a7c964 000 000000 0 1
a7c915 000 000000 0 1
a7c90d 000 000000 0 1
a7c901 000 000000 0 1
a7c907 000 000000 0 1
a7c904 000 000000 0 1
a7c93d 000 000000 0 1
a7c931 000 000000 0 1
a7c937 000 000000 0 1
a7c934 000 000000 0 1
a7c929 000 000000 0 1
a7c92f 000 000000 0 1
a7c92c 000 000000 0 1
a7c923 000 000000 0 1
a7c920 000 000000 0 1
a7c926 000 000000 0 1
a7c9d5 000 000000 0 1
a7c9cd 000 000000 0 1
a7c9c1 000 000000 0 1
a7c9c7 000 000000 0 1
a7c9c4 000 000000 0 1
a7c9fd 000 000000 0 1
a7c9f1 000 000000 0 1
a7c9f7 000 000000 0 1
a7c9f4 000 000000 0 1
a7c9e9 000 000000 0 1
a7c9ef 000 000000 0 1
a7c9ec 000 000000 0 1
a7c9e3 000 000000 0 1
a7c9e0 000 000000 0 1
a7c9e6 000 000000 0 1
a7c99d 000 000000 0 1
a7c991 000 000000 0 1
a7c997 000 000000 0 1
a7c994 000 000000 0 1
a7c989 000 000000 0 1
a7c98f 000 000000 0 1
a7c98c 000 000000 0 1
a7c983 000 000000 0 1
a7c980 000 000000 0 1
a7c986 000 000000 0 1
a7c9b9 000 000000 0 1
a7c9bf 000 000000 0 1
a7c9bc 000 000000 0 1
a7c9b3 000 000000 0 1
a7c9b0 000 000000 0 1
a7c9b6 000 000000 0 1
a7c9ab 000 000000 0 1
a7c9a8 000 000000 0 1
a7c9ae 000 000000 0 1
a7c9a2 000 000000 0 1
a429a5 000 000000 0 1
a419a5 000 000000 0 1
a401a5 000 000000 0 1
a40da5 000 000000 0 1
a40ba5 000 000000 0 1
a408a5 000 000000 0 1
a40925 000 000000 0 1
a409e5 000 000000 0 1
a40985 000 000000 0 1
a409b5 000 000000 0 1
a409ad 000 000000 0 1
a409a1 000 000000 0 1
a409a7 000 000000 0 1
a409a4 000 000000 0 1
a479a5 000 000000 0 1
a461a5 000 000000 0 1
a46da5 000 000000 0 1
a46ba5 000 000000 0 1
a468a5 000 000000 0 1
a46925 000 000000 0 1
a469e5 000 000000 0 1
a46985 000 000000 0 1
a469b5 000 000000 0 1
a469ad 000 000000 0 1
a469a1 000 000000 0 1
a469a7 000 000000 0 1
a469a4 000 000000 0 1
a451a5 000 000000 0 1
a45da5 000 000000 0 1
a45ba5 000 000000 0 1
a458a5 000 000000 0 1
a45925 000 000000 0 1
a459e5 000 000000 0 1
a45985 000 000000 0 1
a459b5 000 000000 0 1
a459ad 000 000000 0 1
a459a1 000 000000 0 1
a459a7 000 000000 0 1
a459a4 000 000000 0 1
a445a5 000 000000 0 1
a443a5 000 000000 0 1
a440a5 000 000000 0 1
a44125 000 000000 0 1
a441e5 000 000000 0 1
a44185 000 000000 0 1
a441b5 000 000000 0 1
a441ad 000 000000 0 1
a441a1 000 000000 0 1
a441a7 000 000000 0 1
a441a4 000 000000 0 1
a44fa5 000 000000 0 1
a44ca5 000 000000 0 1
a44d25 000 000000 0 1
a44de5 000 000000 0 1
a44d85 000 000000 0 1
a44db5 000 000000 0 1
a44dad 000 000000 0 1
a44da1 000 000000 0 1
a44da7 000 000000 0 1
a44da4 000 000000 0 1
a44aa5 000 000000 0 1
a44b25 000 000000 0 1
a44be5 000 000000 0 1
a44b85 000 000000 0 1
a44bb5 000 000000 0 1
a44bad 000 000000 0 1
a44ba1 000 000000 0 1
a44ba7 000 000000 0 1
a44ba4 000 000000 0 1
a44825 000 000000 0 1
a448e5 000 000000 0 1
a44885 000 000000 0 1
a448b5 000 000000 0 1
a448ad 000 000000 0 1
a448a1 000 000000 0 1
a448a7 000 000000 0 1
a448a4 000 000000 0 1
a44965 000 000000 0 1
a44905 000 000000 0 1
a44935 000 000000 0 1
a4492d 000 000000 0 1
a44921 000 000000 0 1
a44927 000 000000 0 1
a44924 000 000000 0 1
a449c5 000 000000 0 1
a449f5 000 000000 0 1
a449ed 000 000000 0 1
a449e1 000 000000 0 1
a449e7 000 000000 0 1
a449e4 000 000000 0 1
a44995 000 000000 0 1
a4498d 000 000000 0 1
a44981 000 000000 0 1
a44987 000 000000 0 1
a44984 000 000000 0 1
a449bd 000 000000 0 1
a449b1 000 000000 0 1
a449b7 000 000000 0 1
a449b4 000 000000 0 1
a449a9 000 000000 0 1
a449af 000 000000 0 1
a449ac 000 000000 0 1
a449a3 000 000000 0 1
a449a0 000 000000 0 1
a449a6 000 000000 0 1
a4b9a5 000 000000 0 1
a4a1a5 000 000000 0 1
a4ada5 000 000000 0 1
a4aba5 000 000000 0 1
a4a8a5 000 000000 0 1
a4a925 000 000000 0 1
a4a9e5 000 000000 0 1
a4a985 000 000000 0 1
a4a9b5 000 000000 0 1
a4a9ad 000 000000 0 1
a4a9a1 000 000000 0 1
a4a9a7 000 000000 0 1
a4a9a4 000 000000 0 1
a491a5 000 000000 0 1
a49da5 000 000000 0 1
a49ba5 000 000000 0 1
a498a5 000 000000 0 1
a49925 000 000000 0 1
a499e5 000 000000 0 1
a49985 000 000000 0 1
a499b5 000 000000 0 1
a499ad 000 000000 0 1
a499a1 000 000000 0 1
a499a7 000 000000 0 1
a499a4 000 000000 0 1
a485a5 000 000000 0 1
a483a5 000 000000 0 1
a480a5 000 000000 0 1
a48125 000 000000 0 1
a481e5 000 000000 0 1
a48185 000 000000 0 1
a481b5 000 000000 0 1
a481ad 000 000000 0 1
a481a1 000 000000 0 1
a481a7 000 000000 0 1
a481a4 000 000000 0 1
a48fa5 000 000000 0 1
a48ca5 000 000000 0 1
a48d25 000 000000 0 1
a48de5 000 000000 0 1
a48d85 000 000000 0 1
a48db5 000 000000 0 1
a48dad 000 000000 0 1
a48da1 000 000000 0 1
a48da7 000 000000 0 1
a48da4 000 000000 0 1
a48aa5 000 000000 0 1
a48b25 000 000000 0 1
a48be5 000 000000 0 1
a48b85 000 000000 0 1
a48bb5 000 000000 0 1
a48bad 000 000000 0 1
a48ba1 000 000000 0 1
a48ba7 000 000000 0 1
a48ba4 000 000000 0 1
a48825 000 000000 0 1
a488e5 000 000000 0 1
a48885 000 000000 0 1
a488b5 000 000000 0 1
a488ad 000 000000 0 1
a488a1 000 000000 0 1
a488a7 000 000000 0 1
a488a4 000 000000 0 1
a48965 000 000000 0 1
a48905 000 000000 0 1
a48935 000 000000 0 1
a4892d 000 000000 0 1
a48921 000 000000 0 1
a48927 000 000000 0 1
a48924 000 000000 0 1
a489c5 000 000000 0 1
a489f5 000 000000 0 1
a489ed 000 000000 0 1
a489e1 000 000000 0 1
a489e7 000 000000 0 1
a489e4 000 000000 0 1
a48995 000 000000 0 1
a4898d 000 000000 0 1
a48981 000 000000 0 1
a48987 000 000000 0 1
a48984 000 000000 0 1
a489bd 000 000000 0 1
a489b1 000 000000 0 1
a489b7 000 000000 0 1
a489b4 000 000000 0 1
a489a9 000 000000 0 1
a489af 000 000000 0 1
a489ac 000 000000 0 1
a489a3 000 000000 0 1
a489a0 000 000000 0 1
a489a6 000 000000 0 1
a4f1a5 000 000000 0 1
a4fda5 000 000000 0 1
a4fba5 000 000000 0 1
a4f8a5 000 000000 0 1
a4f925 000 000000 0 1
a4f9e5 000 000000 0 1
a4f985 000 000000 0 1
a4f9b5 000 000000 0 1
a4f9ad 000 000000 0 1
a4f9a1 000 000000 0 1
a4f9a7 000 000000 0 1
a4f9a4 000 000000 0 1
a4e5a5 000 000000 0 1
a4e3a5 000 000000 0 1
a4e0a5 000 000000 0 1
a4e125 000 000000 0 1
a4e1e5 000 000000 0 1
a4e185 000 000000 0 1
a4e1b5 000 000000 0 1
a4e1ad 000 000000 0 1
a4e1a1 000 000000 0 1
a4e1a7 000 000000 0 1
a4e1a4 000 000000 0 1
a4efa5 000 000000 0 1
a4eca5 000 000000 0 1
a4ed25 000 000000 0 1
a4ede5 000 000000 0 1
a4ed85 000 000000 0 1
a4edb5 000 000000 0 1
a4edad 000 000000 0 1
a4eda1 000 000000 0 1
a4eda7 000 000000 0 1
a4eda4 000 000000 0 1
a4eaa5 000 000000 0 1
a4eb25 000 000000 0 1
a4ebe5 000 000000 0 1
a4eb85 000 000000 0 1
a4ebb5 000 000000 0 1
a4ebad 000 000000 0 1
a4eba1 000 000000 0 1
a4eba7 000 000000 0 1
a4eba4 000 000000 0 1
a4e825 000 000000 0 1
a4e8e5 000 000000 0 1
a4e885 000 000000 0 1
a4e8b5 000 000000 0 1
a4e8ad 000 000000 0 1
a4e8a1 000 000000 0 1
a4e8a7 000 000000 0 1
a4e8a4 000 000000 0 1
a4e965 000 000000 0 1
a4e905 000 000000 0 1
a4e935 000 000000 0 1
a4e92d 000 000000 0 1
a4e921 000 000000 0 1
a4e927 000 000000 0 1
a4e924 000 000000 0 1
a4e9c5 000 000000 0 1
a4e9f5 000 000000 0 1
a4e9ed 000 000000 0 1
a4e9e1 000 000000 0 1
a4e9e7 000 000000 0 1
a4e9e4 000 000000 0 1
a4e995 000 000000 0 1
a4e98d 000 000000 0 1
a4e981 000 000000 0 1
a4e987 000 000000 0 1
a4e984 000 000000 0 1
a4e9bd 000 000000 0 1
a4e9b1 000 000000 0 1
a4e9b7 000 000000 0 1
a4e9b4 000 000000 0 1
a4e9a9 000 000000 0 1
a4e9af 000 000000 0 1
a4e9ac 000 000000 0 1
a4e9a3 000 000000 0 1
a4e9a0 000 000000 0 1
a4e9a6 000 000000 0 1
a4d5a5 000 000000 0 1
a4d3a5 000 000000 0 1
a4d0a5 000 000000 0 1
a4d125 000 000000 0 1
a4d1e5 000 000000 0 1
a4d185 000 000000 0 1
a4d1b5 000 000000 0 1
a4d1ad 000 000000 0 1
a4d1a1 000 000000 0 1
a4d1a7 000 000000 0 1
a4d1a4 000 000000 0 1
a4dfa5 000 000000 0 1
a4dca5 000 000000 0 1
a4dd25 000 000000 0 1
a4dde5 000 000000 0 1
a4dd85 000 000000 0 1
a4ddb5 000 000000 0 1
a4ddad 000 000000 0 1
a4dda1 000 000000 0 1
a4dda7 000 000000 0 1
a4dda4 000 000000 0 1
a4daa5 000 000000 0 1
a4db25 000 000000 0 1
a4dbe5 000 000000 0 1
a4db85 000 000000 0 1
a4dbb5 000 000000 0 1
a4dbad 000 000000 0 1
a4dba1 000 000000 0 1
a4dba7 000 000000 0 1
a4dba4 000 000000 0 1
a4d825 000 000000 0 1
a4d8e5 000 000000 0 1
a4d885 000 000000 0 1
a4d8b5 000 000000 0 1
a4d8ad 000 000000 0 1
a4d8a1 000 000000 0 1
a4d8a7 000 000000 0 1
a4d8a4 000 000000 0 1
a4d965 000 000000 0 1
a4d905 000 000000 0 1
a4d935 000 000000 0 1
a4d92d 000 000000 0 1
a4d921 000 000000 0 1
a4d927 000 000000 0 1
a4d924 000 000000 0 1
a4d9c5 000 000000 0 1
a4d9f5 000 000000 0 1
a4d9ed 000 000000 0 1
a4d9e1 000 000000 0 1
a4d9e7 000 000000 0 1
a4d9e4 000 000000 0 1
a4d995 000 000000 0 1
a4d98d 000 000000 0 1
a4d981 000 000000 0 1
a4d987 000 000000 0 1
a4d984 000 000000 0 1
a4d9bd 000 000000 0 1
a4d9b1 000 000000 0 1
a4d9b7 000 000000 0 1
a4d9b4 000 000000 0 1
a4d9a9 000 000000 0 1
a4d9af 000 000000 0 1
a4d9ac 000 000000 0 1
a4d9a3 000 000000 0 1
a4d9a0 000 000000 0 1
a4d9a6 000 000000 0 1
a4c7a5 000 000000 0 1
a4c4a5 000 000000 0 1
a4c525 000 000000 0 1
a4c5e5 000 000000 0 1
a4c585 000 000000 0 1
a4c5b5 000 000000 0 1
a4c5ad 000 000000 0 1
a4c5a1 000 000000 0 1
a4c5a7 000 000000 0 1
a4c5a4 000 000000 0 1
a4c2a5 000 000000 0 1
a4c325 000 000000 0 1
a4c3e5 000 000000 0 1
a4c385 000 000000 0 1
a4c3b5 000 000000 0 1
a4c3ad 000 000000 0 1
a4c3a1 000 000000 0 1
a4c3a7 000 000000 0 1
a4c3a4 000 000000 0 1
a4c025 000 000000 0 1
a4c0e5 000 000000 0 1
a4c085 000 000000 0 1
a4c0b5 000 000000 0 1
a4c0ad 000 000000 0 1
a4c0a1 000 000000 0 1
a4c0a7 000 000000 0 1
a4c0a4 000 000000 0 1
a4c165 000 000000 0 1
a4c105 000 000000 0 1
a4c135 000 000000 0 1
a4c12d 000 000000 0 1
a4c121 000 000000 0 1
a4c127 000 000000 0 1
a4c124 000 000000 0 1
a4c1c5 000 000000 0 1
a4c1f5 000 000000 0 1
a4c1ed 000 000000 0 1
a4c1e1 000 000000 0 1
a4c1e7 000 000000 0 1
a4c1e4 000 000000 0 1
a4c195 000 000000 0 1
a4c18d 000 000000 0 1
a4c181 000 000000 0 1
a4c187 000 000000 0 1
a4c184 000 000000 0 1
a4c1bd 000 000000 0 1
a4c1b1 000 000000 0 1
a4c1b7 000 000000 0 1
a4c1b4 000 000000 0 1
a4c1a9 000 000000 0 1
a4c1af 000 000000 0 1
a4c1ac 000 000000 0 1
a4c1a3 000 000000 0 1
a4c1a0 000 000000 0 1
a4c1a6 000 000000 0 1
a4cea5 000 000000 0 1
a4cf25 000 000000 0 1
a4cfe5 000 000000 0 1
a4cf85 000 000000 0 1
a4cfb5 000 000000 0 1
a4cfad 000 000000 0 1
a4cfa1 000 000000 0 1
a4cfa7 000 000000 0 1
a4cfa4 000 000000 0 1
a4cc25 000 000000 0 1
a4cce5 000 000000 0 1
a4cc85 000 000000 0 1
a4ccb5 000 000000 0 1
a4ccad 000 000000 0 1
a4cca1 000 000000 0 1
a4cca7 000 000000 0 1
a4cca4 000 000000 0 1
a4cd65 000 000000 0 1
a4cd05 000 000000 0 1
a4cd35 000 000000 0 1
a4cd2d 000 000000 0 1
a4cd21 000 000000 0 1
a4cd27 000 000000 0 1
a4cd24 000 000000 0 1
a4cdc5 000 000000 0 1
a4cdf5 000 000000 0 1
a4cded 000 000000 0 1
a4cde1 000 000000 0 1
a4cde7 000 000000 0 1
a4cde4 000 000000 0 1
a4cd95 000 000000 0 1
a4cd8d 000 000000 0 1
a4cd81 000 000000 0 1
a4cd87 000 000000 0 1
a4cd84 000 000000 0 1
a4cdbd 000 000000 0 1
a4cdb1 000 000000 0 1
a4cdb7 000 000000 0 1
a4cdb4 000 000000 0 1
a4cda9 000 000000 0 1
a4cdaf 000 000000 0 1
a4cdac 000 000000 0 1
a4cda3 000 000000 0 1
a4cda0 000 000000 0 1
a4cda6 000 000000 0 1
a4ca25 000 000000 0 1
a4cae5 000 000000 0 1
a4ca85 000 000000 0 1
a4cab5 000 000000 0 1
a4caad 000 000000 0 1
a4caa1 000 000000 0 1
a4caa7 000 000000 0 1
a4caa4 000 000000 0 1
a4cb65 000 000000 0 1
a4cb05 000 000000 0 1
a4cb35 000 000000 0 1
a4cb2d 000 000000 0 1
a4cb21 000 000000 0 1
a4cb27 000 000000 0 1
a4cb24 000 000000 0 1
a4cbc5 000 000000 0 1
a4cbf5 000 000000 0 1
a4cbed 000 000000 0 1
a4cbe1 000 000000 0 1
a4cbe7 000 000000 0 1
a4cbe4 000 000000 0 1
a4cb95 000 000000 0 1
a4cb8d 000 000000 0 1
a4cb81 000 000000 0 1
a4cb87 000 000000 0 1
a4cb84 000 000000 0 1
a4cbbd 000 000000 0 1
a4cbb1 000 000000 0 1
a4cbb7 000 000000 0 1
a4cbb4 000 000000 0 1
a4cba9 000 000000 0 1
a4cbaf 000 000000 0 1
a4cbac 000 000000 0 1
a4cba3 000 000000 0 1
a4cba0 000 000000 0 1
a4cba6 000 000000 0 1
a4c865 000 000000 0 1
a4c805 000 000000 0 1
a4c835 000 000000 0 1
a4c82d 000 000000 0 1
a4c821 000 000000 0 1
a4c827 000 000000 0 1
a4c824 000 000000 0 1
a4c8c5 000 000000 0 1
a4c8f5 000 000000 0 1
a4c8ed 000 000000 0 1
a4c8e1 000 000000 0 1
a4c8e7 000 000000 0 1
a4c8e4 000 000000 0 1
a4c895 000 000000 0 1
a4c88d 000 000000 0 1
a4c881 000 000000 0 1
a4c887 000 000000 0 1
a4c884 000 000000 0 1
a4c8bd 000 000000 0 1
a4c8b1 000 000000 0 1
a4c8b7 000 000000 0 1
a4c8b4 000 000000 0 1
a4c8a9 000 000000 0 1
a4c8af 000 000000 0 1
a4c8ac 000 000000 0 1
a4c8a3 000 000000 0 1
a4c8a0 000 000000 0 1
a4c8a6 000 000000 0 1
a4c945 000 000000 0 1
a4c975 000 000000 0 1
a4c96d 000 000000 0 1
a4c961 000 000000 0 1
a4c967 000 000000 0 1
a4c964 000 000000 0 1
a4c915 000 000000 0 1
a4c90d 000 000000 0 1
a4c901 000 000000 0 1
a4c907 000 000000 0 1
a4c904 000 000000 0 1
a4c93d 000 000000 0 1
a4c931 000 000000 0 1
a4c937 000 000000 0 1
a4c934 000 000000 0 1
a4c929 000 000000 0 1
a4c92f 000 000000 0 1
a4c92c 000 000000 0 1
a4c923 000 000000 0 1
a4c920 000 000000 0 1
a4c926 000 000000 0 1
a4c9d5 000 000000 0 1
a4c9cd 000 000000 0 1
a4c9c1 000 000000 0 1
a4c9c7 000 000000 0 1
a4c9c4 000 000000 0 1
a4c9fd 000 000000 0 1
a4c9f1 000 000000 0 1
a4c9f7 000 000000 0 1
a4c9f4 000 000000 0 1
a4c9e9 000 000000 0 1
a4c9ef 000 000000 0 1
a4c9ec 000 000000 0 1
a4c9e3 000 000000 0 1
a4c9e0 000 000000 0 1
a4c9e6 000 000000 0 1
a4c99d 000 000000 0 1
a4c991 000 000000 0 1
a4c997 000 000000 0 1
a4c994 000 000000 0 1
a4c989 000 000000 0 1
a4c98f 000 000000 0 1
a4c98c 000 000000 0 1
a4c983 000 000000 0 1
a4c980 000 000000 0 1
a4c986 000 000000 0 1
a4c9b9 000 000000 0 1
a4c9bf 000 000000 0 1
a4c9bc 000 000000 0 1
a4c9b3 000 000000 0 1
a4c9b0 000 000000 0 1
a4c9b6 000 000000 0 1
a4c9ab 000 000000 0 1
a4c9a8 000 000000 0 1
a4c9ae 000 000000 0 1
a4c9a2 000 000000 0 1
a539a5 000 000000 0 1
a521a5 000 000000 0 1
a52da5 000 000000 0 1
a52ba5 000 000000 0 1
a528a5 000 000000 0 1
a52925 000 000000 0 1
a529e5 000 000000 0 1
a52985 000 000000 0 1
a529b5 000 000000 0 1
a529ad 000 000000 0 1
a529a1 000 000000 0 1
a529a7 000 000000 0 1
a529a4 000 000000 0 1
a511a5 000 000000 0 1
a51da5 000 000000 0 1
a51ba5 000 000000 0 1
a518a5 000 000000 0 1
a51925 000 000000 0 1
a519e5 000 000000 0 1
a51985 000 000000 0 1
a519b5 000 000000 0 1
a519ad 000 000000 0 1
a519a1 000 000000 0 1
a519a7 000 000000 0 1
a519a4 000 000000 0 1
a505a5 000 000000 0 1
a503a5 000 000000 0 1
a500a5 000 000000 0 1
a50125 000 000000 0 1
a501e5 000 000000 0 1
a50185 000 000000 0 1
a501b5 000 000000 0 1
a501ad 000 000000 0 1
a501a1 000 000000 0 1
a501a7 000 000000 0 1
a501a4 000 000000 0 1
a50fa5 000 000000 0 1
a50ca5 000 000000 0 1
a50d25 000 000000 0 1
a50de5 000 000000 0 1
a50d85 000 000000 0 1
a50db5 000 000000 0 1
a50dad 000 000000 0 1
a50da1 000 000000 0 1
a50da7 000 000000 0 1
a50da4 000 000000 0 1
a50aa5 000 000000 0 1
a50b25 000 000000 0 1
a50be5 000 000000 0 1
a50b85 000 000000 0 1
a50bb5 000 000000 0 1
a50bad 000 000000 0 1
a50ba1 000 000000 0 1
a50ba7 000 000000 0 1
a50ba4 000 000000 0 1
a50825 000 000000 0 1
a508e5 000 000000 0 1
a50885 000 000000 0 1
a508b5 000 000000 0 1
a508ad 000 000000 0 1
a508a1 000 000000 0 1
a508a7 000 000000 0 1
a508a4 000 000000 0 1
a50965 000 000000 0 1
a50905 000 000000 0 1
a50935 000 000000 0 1
a5092d 000 000000 0 1
a50921 000 000000 0 1
a50927 000 000000 0 1
a50924 000 000000 0 1
a509c5 000 000000 0 1
a509f5 000 000000 0 1
a509ed 000 000000 0 1
a509e1 000 000000 0 1
a509e7 000 000000 0 1
a509e4 000 000000 0 1
a50995 000 000000 0 1
a5098d 000 000000 0 1
a50981 000 000000 0 1
a50987 000 000000 0 1
a50984 000 000000 0 1
a509bd 000 000000 0 1
a509b1 000 000000 0 1
a509b7 000 000000 0 1
a509b4 000 000000 0 1
a509a9 000 000000 0 1
a509af 000 000000 0 1
a509ac 000 000000 0 1
a509a3 000 000000 0 1
a509a0 000 000000 0 1
a509a6 000 000000 0 1
a571a5 000 000000 0 1
a57da5 000 000000 0 1
a57ba5 000 000000 0 1
a578a5 000 000000 0 1
a57925 000 000000 0 1
a579e5 000 000000 0 1
a57985 000 000000 0 1
a579b5 000 000000 0 1
a579ad 000 000000 0 1
a579a1 000 000000 0 1
a579a7 000 000000 0 1
a579a4 000 000000 0 1
a565a5 000 000000 0 1
a563a5 000 000000 0 1
a560a5 000 000000 0 1
a56125 000 000000 0 1
a561e5 000 000000 0 1
a56185 000 000000 0 1
a561b5 000 000000 0 1
a561ad 000 000000 0 1
a561a1 000 000000 0 1
a561a7 000 000000 0 1
a561a4 000 000000 0 1
a56fa5 000 000000 0 1
a56ca5 000 000000 0 1
a56d25 000 000000 0 1
a56de5 000 000000 0 1
a56d85 000 000000 0 1
a56db5 000 000000 0 1
a56dad 000 000000 0 1
a56da1 000 000000 0 1
a56da7 000 000000 0 1
a56da4 000 000000 0 1
a56aa5 000 000000 0 1
a56b25 000 000000 0 1
a56be5 000 000000 0 1
a56b85 000 000000 0 1
a56bb5 000 000000 0 1
a56bad 000 000000 0 1
a56ba1 000 000000 0 1
a56ba7 000 000000 0 1
a56ba4 000 000000 0 1
a56825 000 000000 0 1
a568e5 000 000000 0 1
a56885 000 000000 0 1
a568b5 000 000000 0 1
a568ad 000 000000 0 1
a568a1 000 000000 0 1
a568a7 000 000000 0 1
a568a4 000 000000 0 1
a56965 000 000000 0 1
a56905 000 000000 0 1
a56935 000 000000 0 1
a5692d 000 000000 0 1
a56921 000 000000 0 1
a56927 000 000000 0 1
a56924 000 000000 0 1
a569c5 000 000000 0 1
a569f5 000 000000 0 1
a569ed 000 000000 0 1
a569e1 000 000000 0 1
a569e7 000 000000 0 1
a569e4 000 000000 0 1
a56995 000 000000 0 1
a5698d 000 000000 0 1
a56981 000 000000 0 1
a56987 000 000000 0 1
a56984 000 000000 0 1
a569bd 000 000000 0 1
a569b1 000 000000 0 1
a569b7 000 000000 0 1
a569b4 000 000000 0 1
a569a9 000 000000 0 1
a569af 000 000000 0 1
a569ac 000 000000 0 1
a569a3 000 000000 0 1
a569a0 000 000000 0 1
a569a6 000 000000 0 1
a555a5 000 000000 0 1
a553a5 000 000000 0 1
a550a5 000 000000 0 1
a55125 000 000000 0 1
a551e5 000 000000 0 1
a55185 000 000000 0 1
a551b5 000 000000 0 1
a551ad 000 000000 0 1
a551a1 000 000000 0 1
a551a7 000 000000 0 1
a551a4 000 000000 0 1
a55fa5 000 000000 0 1
a55ca5 000 000000 0 1
a55d25 000 000000 0 1
a55de5 000 000000 0 1
a55d85 000 000000 0 1
a55db5 000 000000 0 1
a55dad 000 000000 0 1
a55da1 000 000000 0 1
a55da7 000 000000 0 1
a55da4 000 000000 0 1
a55aa5 000 000000 0 1
a55b25 000 000000 0 1
a55be5 000 000000 0 1
a55b85 000 000000 0 1
a55bb5 000 000000 0 1
a55bad 000 000000 0 1
a55ba1 000 000000 0 1
a55ba7 000 000000 0 1
a55ba4 000 000000 0 1
a55825 000 000000 0 1
a558e5 000 000000 0 1
a55885 000 000000 0 1
a558b5 000 000000 0 1
a558ad 000 000000 0 1
a558a1 000 000000 0 1
a558a7 000 000000 0 1
a558a4 000 000000 0 1
a55965 000 000000 0 1
a55905 000 000000 0 1
a55935 000 000000 0 1
a5592d 000 000000 0 1
a55921 000 000000 0 1
a55927 000 000000 0 1
a55924 000 000000 0 1
a559c5 000 000000 0 1
a559f5 000 000000 0 1
a559ed 000 000000 0 1
a559e1 000 000000 0 1
a559e7 000 000000 0 1
a559e4 000 000000 0 1
a55995 000 000000 0 1
a5598d 000 000000 0 1
a55981 000 000000 0 1
a55987 000 000000 0 1
a55984 000 000000 0 1
a559bd 000 000000 0 1
a559b1 000 000000 0 1
a559b7 000 000000 0 1
a559b4 000 000000 0 1
a559a9 000 000000 0 1
a559af 000 000000 0 1
a559ac 000 000000 0 1
a559a3 000 000000 0 1
a559a0 000 000000 0 1
a559a6 000 000000 0 1
a547a5 000 000000 0 1
a544a5 000 000000 0 1
a54525 000 000000 0 1
a545e5 000 000000 0 1
a54585 000 000000 0 1
a545b5 000 000000 0 1
a545ad 000 000000 0 1
a545a1 000 000000 0 1
a545a7 000 000000 0 1
a545a4 000 000000 0 1
a542a5 000 000000 0 1
a54325 000 000000 0 1
a543e5 000 000000 0 1
a54385 000 000000 0 1
a543b5 000 000000 0 1
a543ad 000 000000 0 1
a543a1 000 000000 0 1
a543a7 000 000000 0 1
a543a4 000 000000 0 1
a54025 000 000000 0 1
a540e5 000 000000 0 1
a54085 000 000000 0 1
a540b5 000 000000 0 1
a540ad 000 000000 0 1
a540a1 000 000000 0 1
a540a7 000 000000 0 1
a540a4 000 000000 0 1
a54165 000 000000 0 1
a54105 000 000000 0 1
a54135 000 000000 0 1
a5412d 000 000000 0 1
a54121 000 000000 0 1
a54127 000 000000 0 1
a54124 000 000000 0 1
a541c5 000 000000 0 1
a541f5 000 000000 0 1
a541ed 000 000000 0 1
a541e1 000 000000 0 1
a541e7 000 000000 0 1
a541e4 000 000000 0 1
a54195 000 000000 0 1
a5418d 000 000000 0 1
a54181 000 000000 0 1
a54187 000 000000 0 1
a54184 000 000000 0 1
a541bd 000 000000 0 1
a541b1 000 000000 0 1
a541b7 000 000000 0 1
a541b4 000 000000 0 1
a541a9 000 000000 0 1
a541af 000 000000 0 1
a541ac 000 000000 0 1
a541a3 000 000000 0 1
a541a0 000 000000 0 1
a541a6 000 000000 0 1
a54ea5 000 000000 0 1
a54f25 000 000000 0 1
a54fe5 000 000000 0 1
a54f85 000 000000 0 1
a54fb5 000 000000 0 1
a54fad 000 000000 0 1
a54fa1 000 000000 0 1
a54fa7 000 000000 0 1
a54fa4 000 000000 0 1
a54c25 000 000000 0 1
a54ce5 000 000000 0 1
a54c85 000 000000 0 1
a54cb5 000 000000 0 1
a54cad 000 000000 0 1
a54ca1 000 000000 0 1
a54ca7 000 000000 0 1
a54ca4 000 000000 0 1
a54d65 000 000000 0 1
a54d05 000 000000 0 1
a54d35 000 000000 0 1
a54d2d 000 000000 0 1
a54d21 000 000000 0 1
a54d27 000 000000 0 1
a54d24 000 000000 0 1
a54dc5 000 000000 0 1
a54df5 000 000000 0 1
a54ded 000 000000 0 1
a54de1 000 000000 0 1
a54de7 000 000000 0 1
a54de4 000 000000 0 1
a54d95 000 000000 0 1
a54d8d 000 000000 0 1
a54d81 000 000000 0 1
a54d87 000 000000 0 1
a54d84 000 000000 0 1
a54dbd 000 000000 0 1
a54db1 000 000000 0 1
a54db7 000 000000 0 1
a54db4 000 000000 0 1
a54da9 000 000000 0 1
a54daf 000 000000 0 1
a54dac 000 000000 0 1
a54da3 000 000000 0 1
a54da0 000 000000 0 1
a54da6 000 000000 0 1
a54a25 000 000000 0 1
a54ae5 000 000000 0 1
a54a85 000 000000 0 1
a54ab5 000 000000 0 1
a54aad 000 000000 0 1
a54aa1 000 000000 0 1
a54aa7 000 000000 0 1
a54aa4 000 000000 0 1
a54b65 000 000000 0 1
a54b05 000 000000 0 1
a54b35 000 000000 0 1
a54b2d 000 000000 0 1
a54b21 000 000000 0 1
a54b27 000 000000 0 1
a54b24 000 000000 0 1
a54bc5 000 000000 0 1
a54bf5 000 000000 0 1
a54bed 000 000000 0 1
a54be1 000 000000 0 1
a54be7 000 000000 0 1
a54be4 000 000000 0 1
a54b95 000 000000 0 1
a54b8d 000 000000 0 1
a54b81 000 000000 0 1
a54b87 000 000000 0 1
a54b84 000 000000 0 1
a54bbd 000 000000 0 1
a54bb1 000 000000 0 1
a54bb7 000 000000 0 1
a54bb4 000 000000 0 1
a54ba9 000 000000 0 1
a54baf 000 000000 0 1
a54bac 000 000000 0 1
a54ba3 000 000000 0 1
a54ba0 000 000000 0 1
a54ba6 000 000000 0 1
a54865 000 000000 0 1
a54805 000 000000 0 1
a54835 000 000000 0 1
a5482d 000 000000 0 1
a54821 000 000000 0 1
a54827 000 000000 0 1
a54824 000 000000 0 1
a548c5 000 000000 0 1
a548f5 000 000000 0 1
a548ed 000 000000 0 1
a548e1 000 000000 0 1
a548e7 000 000000 0 1
a548e4 000 000000 0 1
a54895 000 000000 0 1
a5488d 000 000000 0 1
a54881 000 000000 0 1
a54887 000 000000 0 1
a54884 000 000000 0 1
a548bd 000 000000 0 1
a548b1 000 000000 0 1
a548b7 000 000000 0 1
a548b4 000 000000 0 1
a548a9 000 000000 0 1
a548af 000 000000 0 1
a548ac 000 000000 0 1
a548a3 000 000000 0 1
a548a0 000 000000 0 1
a548a6 000 000000 0 1
a54945 000 000000 0 1
a54975 000 000000 0 1
a5496d 000 000000 0 1
a54961 000 000000 0 1
a54967 000 000000 0 1
a54964 000 000000 0 1
a54915 000 000000 0 1
a5490d 000 000000 0 1
a54901 000 000000 0 1
a54907 000 000000 0 1
a54904 000 000000 0 1
a5493d 000 000000 0 1
a54931 000 000000 0 1
a54937 000 000000 0 1
a54934 000 000000 0 1
a54929 000 000000 0 1
a5492f 000 000000 0 1
a5492c 000 000000 0 1
a54923 000 000000 0 1
a54920 000 000000 0 1
a54926 000 000000 0 1
a549d5 000 000000 0 1
a549cd 000 000000 0 1
a549c1 000 000000 0 1
a549c7 000 000000 0 1
a549c4 000 000000 0 1
a549fd 000 000000 0 1
a549f1 000 000000 0 1
a549f7 000 000000 0 1
a549f4 000 000000 0 1
a549e9 000 000000 0 1
a549ef 000 000000 0 1
a549ec 000 000000 0 1
a549e3 000 000000 0 1
a549e0 000 000000 0 1
a549e6 000 000000 0 1
a5499d 000 000000 0 1
a54991 000 000000 0 1
a54997 000 000000 0 1
a54994 000 000000 0 1
a54989 000 000000 0 1
a5498f 000 000000 0 1
a5498c 000 000000 0 1
a54983 000 000000 0 1
a54980 000 000000 0 1
a54986 000 000000 0 1
a549b9 000 000000 0 1
a549bf 000 000000 0 1
a549bc 000 000000 0 1
a549b3 000 000000 0 1
a549b0 000 000000 0 1
a549b6 000 000000 0 1
a549ab 000 000000 0 1
a549a8 000 000000 0 1
a549ae 000 000000 0 1
a549a2 000 000000 0 1
a5b1a5 000 000000 0 1
a5bda5 000 000000 0 1
a5bba5 000 000000 0 1
a5b8a5 000 000000 0 1
a5b925 000 000000 0 1
a5b9e5 000 000000 0 1
a5b985 000 000000 0 1
a5b9b5 000 000000 0 1
a5b9ad 000 000000 0 1
a5b9a1 000 000000 0 1
a5b9a7 000 000000 0 1
a5b9a4 000 000000 0 1
a5a5a5 000 000000 0 1
a5a3a5 000 000000 0 1
a5a0a5 000 000000 0 1
a5a125 000 000000 0 1
a5a1e5 000 000000 0 1
a5a185 000 000000 0 1
a5a1b5 000 000000 0 1
a5a1ad 000 000000 0 1
a5a1a1 000 000000 0 1
a5a1a7 000 000000 0 1
a5a1a4 000 000000 0 1
a5afa5 000 000000 0 1
a5aca5 000 000000 0 1
a5ad25 000 000000 0 1
a5ade5 000 000000 0 1
a5ad85 000 000000 0 1
a5adb5 000 000000 0 1
a5adad 000 000000 0 1
a5ada1 000 000000 0 1
a5ada7 000 000000 0 1
a5ada4 000 000000 0 1
a5aaa5 000 000000 0 1
a5ab25 000 000000 0 1
a5abe5 000 000000 0 1
a5ab85 000 000000 0 1
a5abb5 000 000000 0 1
a5abad 000 000000 0 1
a5aba1 000 000000 0 1
a5aba7 000 000000 0 1
a5aba4 000 000000 0 1
a5a825 000 000000 0 1
a5a8e5 000 000000 0 1
a5a885 000 000000 0 1
a5a8b5 000 000000 0 1
a5a8ad 000 000000 0 1
a5a8a1 000 000000 0 1
a5a8a7 000 000000 0 1
a5a8a4 000 000000 0 1
a5a965 000 000000 0 1
a5a905 000 000000 0 1
a5a935 000 000000 0 1
a5a92d 000 000000 0 1
a5a921 000 000000 0 1
a5a927 000 000000 0 1
a5a924 000 000000 0 1
a5a9c5 000 000000 0 1
a5a9f5 000 000000 0 1
a5a9ed 000 000000 0 1
a5a9e1 000 000000 0 1
a5a9e7 000 000000 0 1
a5a9e4 000 000000 0 1
a5a995 000 000000 0 1
a5a98d 000 000000 0 1
a5a981 000 000000 0 1
a5a987 000 000000 0 1
a5a984 000 000000 0 1
a5a9bd 000 000000 0 1
a5a9b1 000 000000 0 1
a5a9b7 000 000000 0 1
a5a9b4 000 000000 0 1
a5a9a9 000 000000 0 1
a5a9af 000 000000 0 1
a5a9ac 000 000000 0 1
a5a9a3 000 000000 0 1
a5a9a0 000 000000 0 1
a5a9a6 000 000000 0 1
a595a5 000 000000 0 1
a593a5 000 000000 0 1
a590a5 000 000000 0 1
a59125 000 000000 0 1
a591e5 000 000000 0 1
a59185 000 000000 0 1
a591b5 000 000000 0 1
a591ad 000 000000 0 1
a591a1 000 000000 0 1
a591a7 000 000000 0 1
a591a4 000 000000 0 1
a59fa5 000 000000 0 1
a59ca5 000 000000 0 1
a59d25 000 000000 0 1
a59de5 000 000000 0 1
a59d85 000 000000 0 1
a59db5 000 000000 0 1
a59dad 000 000000 0 1
a59da1 000 000000 0 1
a59da7 000 000000 0 1
a59da4 000 000000 0 1
a59aa5 000 000000 0 1
a59b25 000 000000 0 1
a59be5 000 000000 0 1
a59b85 000 000000 0 1
a59bb5 000 000000 0 1
a59bad 000 000000 0 1
a59ba1 000 000000 0 1
a59ba7 000 000000 0 1
a59ba4 000 000000 0 1
a59825 000 000000 0 1
a598e5 000 000000 0 1
a59885 000 000000 0 1
a598b5 000 000000 0 1
a598ad 000 000000 0 1
a598a1 000 000000 0 1
a598a7 000 000000 0 1
a598a4 000 000000 0 1
a59965 000 000000 0 1
a59905 000 000000 0 1
a59935 000 000000 0 1
a5992d 000 000000 0 1
a59921 000 000000 0 1
a59927 000 000000 0 1
a59924 000 000000 0 1
a599c5 000 000000 0 1
a599f5 000 000000 0 1
a599ed 000 000000 0 1
a599e1 000 000000 0 1
a599e7 000 000000 0 1
a599e4 000 000000 0 1
a59995 000 000000 0 1
a5998d 000 000000 0 1
a59981 000 000000 0 1
a59987 000 000000 0 1
a59984 000 000000 0 1
a599bd 000 000000 0 1
a599b1 000 000000 0 1
a599b7 000 000000 0 1
a599b4 000 000000 0 1
a599a9 000 000000 0 1
a599af 000 000000 0 1
a599ac 000 000000 0 1
a599a3 000 000000 0 1
a599a0 000 000000 0 1
a599a6 000 000000 0 1
a587a5 000 000000 0 1
a584a5 000 000000 0 1
a58525 000 000000 0 1
a585e5 000 000000 0 1
a58585 000 000000 0 1
a585b5 000 000000 0 1
a585ad 000 000000 0 1
a585a1 000 000000 0 1
a585a7 000 000000 0 1
a585a4 000 000000 0 1
a582a5 000 000000 0 1
a58325 000 000000 0 1
a583e5 000 000000 0 1
a58385 000 000000 0 1
a583b5 000 000000 0 1
a583ad 000 000000 0 1
a583a1 000 000000 0 1
a583a7 000 000000 0 1
a583a4 000 000000 0 1
a58025 000 000000 0 1
a580e5 000 000000 0 1
a58085 000 000000 0 1
a580b5 000 000000 0 1
a580ad 000 000000 0 1
a580a1 000 000000 0 1
a580a7 000 000000 0 1
a580a4 000 000000 0 1
a58165 000 000000 0 1
a58105 000 000000 0 1
a58135 000 000000 0 1
a5812d 000 000000 0 1
a58121 000 000000 0 1
a58127 000 000000 0 1
a58124 000 000000 0 1
a581c5 000 000000 0 1
a581f5 000 000000 0 1
a581ed 000 000000 0 1
a581e1 000 000000 0 1
a581e7 000 000000 0 1
a581e4 000 000000 0 1
a58195 000 000000 0 1
a5818d 000 000000 0 1
a58181 000 000000 0 1
a58187 000 000000 0 1
a58184 000 000000 0 1
a581bd 000 000000 0 1
a581b1 000 000000 0 1
a581b7 000 000000 0 1
a581b4 000 000000 0 1
a581a9 000 000000 0 1
a581af 000 000000 0 1
a581ac 000 000000 0 1
a581a3 000 000000 0 1
a581a0 000 000000 0 1
a581a6 000 000000 0 1
a58ea5 000 000000 0 1
a58f25 000 000000 0 1
a58fe5 000 000000 0 1
a58f85 000 000000 0 1
a58fb5 000 000000 0 1
a58fad 000 000000 0 1
a58fa1 000 000000 0 1
a58fa7 000 000000 0 1
a58fa4 000 000000 0 1
a58c25 000 000000 0 1
a58ce5 000 000000 0 1
a58c85 000 000000 0 1
a58cb5 000 000000 0 1
a58cad 000 000000 0 1
a58ca1 000 000000 0 1
a58ca7 000 000000 0 1
a58ca4 000 000000 0 1
a58d65 000 000000 0 1
a58d05 000 000000 0 1
a58d35 000 000000 0 1
a58d2d 000 000000 0 1
a58d21 000 000000 0 1
a58d27 000 000000 0 1
a58d24 000 000000 0 1
a58dc5 000 000000 0 1
a58df5 000 000000 0 1
a58ded 000 000000 0 1
a58de1 000 000000 0 1
a58de7 000 000000 0 1
a58de4 000 000000 0 1
a58d95 000 000000 0 1
a58d8d 000 000000 0 1
a58d81 000 000000 0 1
a58d87 000 000000 0 1
a58d84 000 000000 0 1
a58dbd 000 000000 0 1
a58db1 000 000000 0 1
a58db7 000 000000 0 1
a58db4 000 000000 0 1
a58da9 000 000000 0 1
a58daf 000 000000 0 1
a58dac 000 000000 0 1
a58da3 000 000000 0 1
a58da0 000 000000 0 1
a58da6 000 000000 0 1
a58a25 000 000000 0 1
a58ae5 000 000000 0 1
a58a85 000 000000 0 1
a58ab5 000 000000 0 1
a58aad 000 000000 0 1
a58aa1 000 000000 0 1
a58aa7 000 000000 0 1
a58aa4 000 000000 0 1
a58b65 000 000000 0 1
a58b05 000 000000 0 1
a58b35 000 000000 0 1
a58b2d 000 000000 0 1
a58b21 000 000000 0 1
a58b27 000 000000 0 1
a58b24 000 000000 0 1
a58bc5 000 000000 0 1
a58bf5 000 000000 0 1
a58bed 000 000000 0 1
a58be1 000 000000 0 1
a58be7 000 000000 0 1
a58be4 000 000000 0 1
a58b95 000 000000 0 1
a58b8d 000 000000 0 1
a58b81 000 000000 0 1
a58b87 000 000000 0 1
a58b84 000 000000 0 1
a58bbd 000 000000 0 1
a58bb1 000 000000 0 1
a58bb7 000 000000 0 1
a58bb4 000 000000 0 1
a58ba9 000 000000 0 1
a58baf 000 000000 0 1
a58bac 000 000000 0 1
a58ba3 000 000000 0 1
a58ba0 000 000000 0 1
a58ba6 000 000000 0 1
a58865 000 000000 0 1
a58805 000 000000 0 1
a58835 000 000000 0 1
a5882d 000 000000 0 1
a58821 000 000000 0 1
a58827 000 000000 0 1
a58824 000 000000 0 1
a588c5 000 000000 0 1
a588f5 000 000000 0 1
a588ed 000 000000 0 1
a588e1 000 000000 0 1
a588e7 000 000000 0 1
a588e4 000 000000 0 1
a58895 000 000000 0 1
a5888d 000 000000 0 1
a58881 000 000000 0 1
a58887 000 000000 0 1
a58884 000 000000 0 1
a588bd 000 000000 0 1
a588b1 000 000000 0 1
a588b7 000 000000 0 1
a588b4 000 000000 0 1
a588a9 000 000000 0 1
a588af 000 000000 0 1
a588ac 000 000000 0 1
a588a3 000 000000 0 1
a588a0 000 000000 0 1
a588a6 000 000000 0 1
a58945 000 000000 0 1
a58975 000 000000 0 1
a5896d 000 000000 0 1
a58961 000 000000 0 1
a58967 000 000000 0 1
a58964 000 000000 0 1
a58915 000 000000 0 1
a5890d 000 000000 0 1
a58901 000 000000 0 1
a58907 000 000000 0 1
a58904 000 000000 0 1
a5893d 000 000000 0 1
a58931 000 000000 0 1
a58937 000 000000 0 1
a58934 000 000000 0 1
a58929 000 000000 0 1
a5892f 000 000000 0 1
a5892c 000 000000 0 1
a58923 000 000000 0 1
a58920 000 000000 0 1
a58926 000 000000 0 1
a589d5 000 000000 0 1
a589cd 000 000000 0 1
a589c1 000 000000 0 1
a589c7 000 000000 0 1
a589c4 000 000000 0 1
a589fd 000 000000 0 1
a589f1 000 000000 0 1
a589f7 000 000000 0 1
a589f4 000 000000 0 1
a589e9 000 000000 0 1
a589ef 000 000000 0 1
a589ec 000 000000 0 1
a589e3 000 000000 0 1
a589e0 000 000000 0 1
a589e6 000 000000 0 1
a5899d 000 000000 0 1
a58991 000 000000 0 1
a58997 000 000000 0 1
a58994 000 000000 0 1
a58989 000 000000 0 1
a5898f 000 000000 0 1
a5898c 000 000000 0 1
a58983 000 000000 0 1
a58980 000 000000 0 1
a58986 000 000000 0 1
a589b9 000 000000 0 1
a589bf 000 000000 0 1
a589bc 000 000000 0 1
a589b3 000 000000 0 1
a589b0 000 000000 0 1
a589b6 000 000000 0 1
a589ab 000 000000 0 1
a589a8 000 000000 0 1
a589ae 000 000000 0 1
a589a2 000 000000 0 1
a5f5a5 000 000000 0 1
a5f3a5 000 000000 0 1
a5f0a5 000 000000 0 1
a5f125 000 000000 0 1
a5f1e5 000 000000 0 1
a5f185 000 000000 0 1
a5f1b5 000 000000 0 1
a5f1ad 000 000000 0 1
a5f1a1 000 000000 0 1
a5f1a7 000 000000 0 1
a5f1a4 000 000000 0 1
a5ffa5 000 000000 0 1
a5fca5 000 000000 0 1
a5fd25 000 000000 0 1
a5fde5 000 000000 0 1
a5fd85 000 000000 0 1
a5fdb5 000 000000 0 1
a5fdad 000 000000 0 1
a5fda1 000 000000 0 1
a5fda7 000 000000 0 1
a5fda4 000 000000 0 1
a5faa5 000 000000 0 1
a5fb25 000 000000 0 1
a5fbe5 000 000000 0 1
a5fb85 000 000000 0 1
a5fbb5 000 000000 0 1
a5fbad 000 000000 0 1
a5fba1 000 000000 0 1
a5fba7 000 000000 0 1
a5fba4 000 000000 0 1
a5f825 000 000000 0 1
a5f8e5 000 000000 0 1
a5f885 000 000000 0 1
a5f8b5 000 000000 0 1
a5f8ad 000 000000 0 1
a5f8a1 000 000000 0 1
a5f8a7 000 000000 0 1
a5f8a4 000 000000 0 1
a5f965 000 000000 0 1
a5f905 000 000000 0 1
a5f935 000 000000 0 1
a5f92d 000 000000 0 1
a5f921 000 000000 0 1
a5f927 000 000000 0 1
a5f924 000 000000 0 1
a5f9c5 000 000000 0 1
a5f9f5 000 000000 0 1
a5f9ed 000 000000 0 1
a5f9e1 000 000000 0 1
a5f9e7 000 000000 0 1
a5f9e4 000 000000 0 1
a5f995 000 000000 0 1
a5f98d 000 000000 0 1
a5f981 000 000000 0 1
a5f987 000 000000 0 1
a5f984 000 000000 0 1
a5f9bd 000 000000 0 1
a5f9b1 000 000000 0 1
a5f9b7 000 000000 0 1
a5f9b4 000 000000 0 1
a5f9a9 000 000000 0 1
a5f9af 000 000000 0 1
a5f9ac 000 000000 0 1
a5f9a3 000 000000 0 1
a5f9a0 000 000000 0 1
a5f9a6 000 000000 0 1
a5e7a5 000 000000 0 1
a5e4a5 000 000000 0 1
a5e525 000 000000 0 1
a5e5e5 000 000000 0 1
a5e585 000 000000 0 1
a5e5b5 000 000000 0 1
a5e5ad 000 000000 0 1
a5e5a1 000 000000 0 1
a5e5a7 000 000000 0 1
a5e5a4 000 000000 0 1
a5e2a5 000 000000 0 1
a5e325 000 000000 0 1
a5e3e5 000 000000 0 1
a5e385 000 000000 0 1
a5e3b5 000 000000 0 1
a5e3ad 000 000000 0 1
a5e3a1 000 000000 0 1
a5e3a7 000 000000 0 1
a5e3a4 000 000000 0 1
a5e025 000 000000 0 1
a5e0e5 000 000000 0 1
a5e085 000 000000 0 1
a5e0b5 000 000000 0 1
a5e0ad 000 000000 0 1
a5e0a1 000 000000 0 1
a5e0a7 000 000000 0 1
a5e0a4 000 000000 0 1
a5e165 000 000000 0 1
a5e105 000 000000 0 1
a5e135 000 000000 0 1
a5e12d 000 000000 0 1
a5e121 000 000000 0 1
a5e127 000 000000 0 1
a5e124 000 000000 0 1
a5e1c5 000 000000 0 1
a5e1f5 000 000000 0 1
a5e1ed 000 000000 0 1
a5e1e1 000 000000 0 1
a5e1e7 000 000000 0 1
a5e1e4 000 000000 0 1
a5e195 000 000000 0 1
a5e18d 000 000000 0 1
a5e181 000 000000 0 1
a5e187 000 000000 0 1
a5e184 000 000000 0 1
a5e1bd 000 000000 0 1
a5e1b1 000 000000 0 1
a5e1b7 000 000000 0 1
a5e1b4 000 000000 0 1
a5e1a9 000 000000 0 1
a5e1af 000 000000 0 1
a5e1ac 000 000000 0 1
a5e1a3 000 000000 0 1
a5e1a0 000 000000 0 1
a5e1a6 000 000000 0 1
a5eea5 000 000000 0 1
a5ef25 000 000000 0 1
a5efe5 000 000000 0 1
a5ef85 000 000000 0 1
a5efb5 000 000000 0 1
a5efad 000 000000 0 1
a5efa1 000 000000 0 1
a5efa7 000 000000 0 1
a5efa4 000 000000 0 1
a5ec25 000 000000 0 1
a5ece5 000 000000 0 1
a5ec85 000 000000 0 1
a5ecb5 000 000000 0 1
a5ecad 000 000000 0 1
a5eca1 000 000000 0 1
a5eca7 000 000000 0 1
a5eca4 000 000000 0 1
a5ed65 000 000000 0 1
a5ed05 000 000000 0 1
a5ed35 000 000000 0 1
a5ed2d 000 000000 0 1
a5ed21 000 000000 0 1
a5ed27 000 000000 0 1
a5ed24 000 000000 0 1
a5edc5 000 000000 0 1
a5edf5 000 000000 0 1
a5eded 000 000000 0 1
a5ede1 000 000000 0 1
a5ede7 000 000000 0 1
a5ede4 000 000000 0 1
a5ed95 000 000000 0 1
a5ed8d 000 000000 0 1
a5ed81 000 000000 0 1
a5ed87 000 000000 0 1
a5ed84 000 000000 0 1
a5edbd 000 000000 0 1
a5edb1 000 000000 0 1
a5edb7 000 000000 0 1
a5edb4 000 000000 0 1
a5eda9 000 000000 0 1
a5edaf 000 000000 0 1
a5edac 000 000000 0 1
a5eda3 000 000000 0 1
a5eda0 000 000000 0 1
a5eda6 000 000000 0 1
a5ea25 000 000000 0 1
a5eae5 000 000000 0 1
a5ea85 000 000000 0 1
a5eab5 000 000000 0 1
a5eaad 000 000000 0 1
a5eaa1 000 000000 0 1
a5eaa7 000 000000 0 1
a5eaa4 000 000000 0 1
a5eb65 000 000000 0 1
a5eb05 000 000000 0 1
a5eb35 000 000000 0 1
a5eb2d 000 000000 0 1
a5eb21 000 000000 0 1
a5eb27 000 000000 0 1
a5eb24 000 000000 0 1
a5ebc5 000 000000 0 1
a5ebf5 000 000000 0 1
a5ebed 000 000000 0 1
a5ebe1 000 000000 0 1
a5ebe7 000 000000 0 1
a5ebe4 000 000000 0 1
a5eb95 000 000000 0 1
a5eb8d 000 000000 0 1
a5eb81 000 000000 0 1
a5eb87 000 000000 0 1
a5eb84 000 000000 0 1
a5ebbd 000 000000 0 1
a5ebb1 000 000000 0 1
a5ebb7 000 000000 0 1
a5ebb4 000 000000 0 1
a5eba9 000 000000 0 1
a5ebaf 000 000000 0 1
a5ebac 000 000000 0 1
a5eba3 000 000000 0 1
a5eba0 000 000000 0 1
a5eba6 000 000000 0 1
a5e865 000 000000 0 1
a5e805 000 000000 0 1
a5e835 000 000000 0 1
a5e82d 000 000000 0 1
a5e821 000 000000 0 1
a5e827 000 000000 0 1
a5e824 000 000000 0 1
a5e8c5 000 000000 0 1
a5e8f5 000 000000 0 1
a5e8ed 000 000000 0 1
a5e8e1 000 000000 0 1
a5e8e7 000 000000 0 1
a5e8e4 000 000000 0 1
a5e895 000 000000 0 1
a5e88d 000 000000 0 1
a5e881 000 000000 0 1
a5e887 000 000000 0 1
a5e884 000 000000 0 1
a5e8bd 000 000000 0 1
a5e8b1 000 000000 0 1
a5e8b7 000 000000 0 1
a5e8b4 000 000000 0 1
a5e8a9 000 000000 0 1
a5e8af 000 000000 0 1
a5e8ac 000 000000 0 1
a5e8a3 000 000000 0 1
a5e8a0 000 000000 0 1
a5e8a6 000 000000 0 1
a5e945 000 000000 0 1
a5e975 000 000000 0 1
a5e96d 000 000000 0 1
a5e961 000 000000 0 1
a5e967 000 000000 0 1
a5e964 000 000000 0 1
a5e915 000 000000 0 1
a5e90d 000 000000 0 1
a5e901 000 000000 0 1
a5e907 000 000000 0 1
a5e904 000 000000 0 1
a5e93d 000 000000 0 1
a5e931 000 000000 0 1
a5e937 000 000000 0 1
a5e934 000 000000 0 1
a5e929 000 000000 0 1
a5e92f 000 000000 0 1
a5e92c 000 000000 0 1
a5e923 000 000000 0 1
a5e920 000 000000 0 1
a5e926 000 000000 0 1
a5e9d5 000 000000 0 1
a5e9cd 000 000000 0 1
a5e9c1 000 000000 0 1
a5e9c7 000 000000 0 1
a5e9c4 000 000000 0 1
a5e9fd 000 000000 0 1
a5e9f1 000 000000 0 1
a5e9f7 000 000000 0 1
a5e9f4 000 000000 0 1
a5e9e9 000 000000 0 1
a5e9ef 000 000000 0 1
a5e9ec 000 000000 0 1
a5e9e3 000 000000 0 1
a5e9e0 000 000000 0 1
a5e9e6 000 000000 0 1
a5e99d 000 000000 0 1
a5e991 000 000000 0 1
a5e997 000 000000 0 1
a5e994 000 000000 0 1
a5e989 000 000000 0 1
a5e98f 000 000000 0 1
a5e98c 000 000000 0 1
a5e983 000 000000 0 1
a5e980 000 000000 0 1
a5e986 000 000000 0 1
a5e9b9 000 000000 0 1
a5e9bf 000 000000 0 1
a5e9bc 000 000000 0 1
a5e9b3 000 000000 0 1
a5e9b0 000 000000 0 1
a5e9b6 000 000000 0 1
a5e9ab 000 000000 0 1
a5e9a8 000 000000 0 1
a5e9ae 000 000000 0 1
a5e9a2 000 000000 0 1
a5d7a5 000 000000 0 1
a5d4a5 000 000000 0 1
a5d525 000 000000 0 1
a5d5e5 000 000000 0 1
a5d585 000 000000 0 1
a5d5b5 000 000000 0 1
a5d5ad 000 000000 0 1
a5d5a1 000 000000 0 1
a5d5a7 000 000000 0 1
a5d5a4 000 000000 0 1
a5d2a5 000 000000 0 1
a5d325 000 000000 0 1
a5d3e5 000 000000 0 1
a5d385 000 000000 0 1
a5d3b5 000 000000 0 1
a5d3ad 000 000000 0 1
a5d3a1 000 000000 0 1
a5d3a7 000 000000 0 1
a5d3a4 000 000000 0 1
a5d025 000 000000 0 1
a5d0e5 000 000000 0 1
a5d085 000 000000 0 1
a5d0b5 000 000000 0 1
a5d0ad 000 000000 0 1
a5d0a1 000 000000 0 1
a5d0a7 000 000000 0 1
a5d0a4 000 000000 0 1
a5d165 000 000000 0 1
a5d105 000 000000 0 1
a5d135 000 000000 0 1
a5d12d 000 000000 0 1
a5d121 000 000000 0 1
a5d127 000 000000 0 1
a5d124 000 000000 0 1
a5d1c5 000 000000 0 1
a5d1f5 000 000000 0 1
a5d1ed 000 000000 0 1
a5d1e1 000 000000 0 1
a5d1e7 000 000000 0 1
a5d1e4 000 000000 0 1
a5d195 000 000000 0 1
a5d18d 000 000000 0 1
a5d181 000 000000 0 1
a5d187 000 000000 0 1
a5d184 000 000000 0 1
a5d1bd 000 000000 0 1
a5d1b1 000 000000 0 1
a5d1b7 000 000000 0 1
a5d1b4 000 000000 0 1
a5d1a9 000 000000 0 1
a5d1af 000 000000 0 1
a5d1ac 000 000000 0 1
a5d1a3 000 000000 0 1
a5d1a0 000 000000 0 1
a5d1a6 000 000000 0 1
a5dea5 000 000000 0 1
a5df25 000 000000 0 1
a5dfe5 000 000000 0 1
a5df85 000 000000 0 1
a5dfb5 000 000000 0 1
a5dfad 000 000000 0 1
a5dfa1 000 000000 0 1
a5dfa7 000 000000 0 1
a5dfa4 000 000000 0 1
a5dc25 000 000000 0 1
a5dce5 000 000000 0 1
a5dc85 000 000000 0 1
a5dcb5 000 000000 0 1
a5dcad 000 000000 0 1
a5dca1 000 000000 0 1
a5dca7 000 000000 0 1
a5dca4 000 000000 0 1
a5dd65 000 000000 0 1
a5dd05 000 000000 0 1
a5dd35 000 000000 0 1
a5dd2d 000 000000 0 1
a5dd21 000 000000 0 1
a5dd27 000 000000 0 1
a5dd24 000 000000 0 1
a5ddc5 000 000000 0 1
a5ddf5 000 000000 0 1
a5dded 000 000000 0 1
a5dde1 000 000000 0 1
a5dde7 000 000000 0 1
a5dde4 000 000000 0 1
a5dd95 000 000000 0 1
a5dd8d 000 000000 0 1
a5dd81 000 000000 0 1
a5dd87 000 000000 0 1
a5dd84 000 000000 0 1
a5ddbd 000 000000 0 1
a5ddb1 000 000000 0 1
a5ddb7 000 000000 0 1
a5ddb4 000 000000 0 1
a5dda9 000 000000 0 1
a5ddaf 000 000000 0 1
a5ddac 000 000000 0 1
a5dda3 000 000000 0 1
a5dda0 000 000000 0 1
a5dda6 000 000000 0 1
a5da25 000 000000 0 1
a5dae5 000 000000 0 1
a5da85 000 000000 0 1
a5dab5 000 000000 0 1
a5daad 000 000000 0 1
a5daa1 000 000000 0 1
a5daa7 000 000000 0 1
a5daa4 000 000000 0 1
a5db65 000 000000 0 1
a5db05 000 000000 0 1
a5db35 000 000000 0 1
a5db2d 000 000000 0 1
a5db21 000 000000 0 1
a5db27 000 000000 0 1
a5db24 000 000000 0 1
a5dbc5 000 000000 0 1
a5dbf5 000 000000 0 1
a5dbed 000 000000 0 1
a5dbe1 000 000000 0 1
a5dbe7 000 000000 0 1
a5dbe4 000 000000 0 1
a5db95 000 000000 0 1
a5db8d 000 000000 0 1
a5db81 000 000000 0 1
a5db87 000 000000 0 1
a5db84 000 000000 0 1
a5dbbd 000 000000 0 1
a5dbb1 000 000000 0 1
a5dbb7 000 000000 0 1
a5dbb4 000 000000 0 1
a5dba9 000 000000 0 1
a5dbaf 000 000000 0 1
a5dbac 000 000000 0 1
a5dba3 000 000000 0 1
a5dba0 000 000000 0 1
a5dba6 000 000000 0 1
a5d865 000 000000 0 1
a5d805 000 000000 0 1
a5d835 000 000000 0 1
a5d82d 000 000000 0 1
a5d821 000 000000 0 1
a5d827 000 000000 0 1
a5d824 000 000000 0 1
a5d8c5 000 000000 0 1
a5d8f5 000 000000 0 1
a5d8ed 000 000000 0 1
a5d8e1 000 000000 0 1
a5d8e7 000 000000 0 1
a5d8e4 000 000000 0 1
a5d895 000 000000 0 1
a5d88d 000 000000 0 1
a5d881 000 000000 0 1
a5d887 000 000000 0 1
a5d884 000 000000 0 1
a5d8bd 000 000000 0 1
a5d8b1 000 000000 0 1
a5d8b7 000 000000 0 1
a5d8b4 000 000000 0 1
a5d8a9 000 000000 0 1
a5d8af 000 000000 0 1
a5d8ac 000 000000 0 1
a5d8a3 000 000000 0 1
a5d8a0 000 000000 0 1
a5d8a6 000 000000 0 1
a5d945 000 000000 0 1
a5d975 000 000000 0 1
a5d96d 000 000000 0 1
a5d961 000 000000 0 1
a5d967 000 000000 0 1
a5d964 000 000000 0 1
a5d915 000 000000 0 1
a5d90d 000 000000 0 1
a5d901 000 000000 0 1
a5d907 000 000000 0 1
a5d904 000 000000 0 1
a5d93d 000 000000 0 1
a5d931 000 000000 0 1
a5d937 000 000000 0 1
a5d934 000 000000 0 1
a5d929 000 000000 0 1
a5d92f 000 000000 0 1
a5d92c 000 000000 0 1
a5d923 000 000000 0 1
a5d920 000 000000 0 1
a5d926 000 000000 0 1
a5d9d5 000 000000 0 1
a5d9cd 000 000000 0 1
a5d9c1 000 000000 0 1
a5d9c7 000 000000 0 1
a5d9c4 000 000000 0 1
a5d9fd 000 000000 0 1
a5d9f1 000 000000 0 1
a5d9f7 000 000000 0 1
a5d9f4 000 000000 0 1
a5d9e9 000 000000 0 1
a5d9ef 000 000000 0 1
a5d9ec 000 000000 0 1
a5d9e3 000 000000 0 1
a5d9e0 000 000000 0 1
a5d9e6 000 000000 0 1
a5d99d 000 000000 0 1
a5d991 000 000000 0 1
a5d997 000 000000 0 1
a5d994 000 000000 0 1
a5d989 000 000000 0 1
a5d98f 000 000000 0 1
a5d98c 000 000000 0 1
a5d983 000 000000 0 1
a5d980 000 000000 0 1
a5d986 000 000000 0 1
a5d9b9 000 000000 0 1
a5d9bf 000 000000 0 1
a5d9bc 000 000000 0 1
a5d9b3 000 000000 0 1
a5d9b0 000 000000 0 1
a5d9b6 000 000000 0 1
a5d9ab 000 000000 0 1
a5d9a8 000 000000 0 1
a5d9ae 000 000000 0 1
a5d9a2 000 000000 0 1
a5c6a5 000 000000 0 1
a5c725 000 000000 0 1
a5c7e5 000 000000 0 1
a5c785 000 000000 0 1
a5c7b5 000 000000 0 1
a5c7ad 000 000000 0 1
a5c7a1 000 000000 0 1
a5c7a7 000 000000 0 1
a5c7a4 000 000000 0 1
a5c425 000 000000 0 1
a5c4e5 000 000000 0 1
a5c485 000 000000 0 1
a5c4b5 000 000000 0 1
a5c4ad 000 000000 0 1
a5c4a1 000 000000 0 1
a5c4a7 000 000000 0 1
a5c4a4 000 000000 0 1
a5c565 000 000000 0 1
a5c505 000 000000 0 1
a5c535 000 000000 0 1
a5c52d 000 000000 0 1
a5c521 000 000000 0 1
a5c527 000 000000 0 1
a5c524 000 000000 0 1
a5c5c5 000 000000 0 1
a5c5f5 000 000000 0 1
a5c5ed 000 000000 0 1
a5c5e1 000 000000 0 1
a5c5e7 000 000000 0 1
a5c5e4 000 000000 0 1
a5c595 000 000000 0 1
a5c58d 000 000000 0 1
a5c581 000 000000 0 1
a5c587 000 000000 0 1
a5c584 000 000000 0 1
a5c5bd 000 000000 0 1
a5c5b1 000 000000 0 1
a5c5b7 000 000000 0 1
a5c5b4 000 000000 0 1
a5c5a9 000 000000 0 1
a5c5af 000 000000 0 1
a5c5ac 000 000000 0 1
a5c5a3 000 000000 0 1
a5c5a0 000 000000 0 1
a5c5a6 000 000000 0 1
a5c225 000 000000 0 1
a5c2e5 000 000000 0 1
a5c285 000 000000 0 1
a5c2b5 000 000000 0 1
a5c2ad 000 000000 0 1
a5c2a1 000 000000 0 1
a5c2a7 000 000000 0 1
a5c2a4 000 000000 0 1
a5c365 000 000000 0 1
a5c305 000 000000 0 1
a5c335 000 000000 0 1
a5c32d 000 000000 0 1
a5c321 000 000000 0 1
a5c327 000 000000 0 1
a5c324 000 000000 0 1
a5c3c5 000 000000 0 1
a5c3f5 000 000000 0 1
a5c3ed 000 000000 0 1
a5c3e1 000 000000 0 1
a5c3e7 000 000000 0 1
a5c3e4 000 000000 0 1
a5c395 000 000000 0 1
a5c38d 000 000000 0 1
a5c381 000 000000 0 1
a5c387 000 000000 0 1
a5c384 000 000000 0 1
a5c3bd 000 000000 0 1
a5c3b1 000 000000 0 1
a5c3b7 000 000000 0 1
a5c3b4 000 000000 0 1
a5c3a9 000 000000 0 1
a5c3af 000 000000 0 1
a5c3ac 000 000000 0 1
a5c3a3 000 000000 0 1
a5c3a0 000 000000 0 1
a5c3a6 000 000000 0 1
a5c065 000 000000 0 1
a5c005 000 000000 0 1
a5c035 000 000000 0 1
a5c02d 000 000000 0 1
a5c021 000 000000 0 1
a5c027 000 000000 0 1
a5c024 000 000000 0 1
a5c0c5 000 000000 0 1
a5c0f5 000 000000 0 1
a5c0ed 000 000000 0 1
a5c0e1 000 000000 0 1
a5c0e7 000 000000 0 1
a5c0e4 000 000000 0 1
a5c095 000 000000 0 1
a5c08d 000 000000 0 1
a5c081 000 000000 0 1
a5c087 000 000000 0 1
a5c084 000 000000 0 1
a5c0bd 000 000000 0 1
a5c0b1 000 000000 0 1
a5c0b7 000 000000 0 1
a5c0b4 000 000000 0 1
a5c0a9 000 000000 0 1
a5c0af 000 000000 0 1
a5c0ac 000 000000 0 1
a5c0a3 000 000000 0 1
a5c0a0 000 000000 0 1
a5c0a6 000 000000 0 1
a5c145 000 000000 0 1
a5c175 000 000000 0 1
a5c16d 000 000000 0 1
a5c161 000 000000 0 1
a5c167 000 000000 0 1
a5c164 000 000000 0 1
a5c115 000 000000 0 1
a5c10d 000 000000 0 1
a5c101 000 000000 0 1
a5c107 000 000000 0 1
a5c104 000 000000 0 1
a5c13d 000 000000 0 1
a5c131 000 000000 0 1
a5c137 000 000000 0 1
a5c134 000 000000 0 1
a5c129 000 000000 0 1
a5c12f 000 000000 0 1
a5c12c 000 000000 0 1
a5c123 000 000000 0 1
a5c120 000 000000 0 1
a5c126 000 000000 0 1
a5c1d5 000 000000 0 1
a5c1cd 000 000000 0 1
a5c1c1 000 000000 0 1
a5c1c7 000 000000 0 1
a5c1c4 000 000000 0 1
a5c1fd 000 000000 0 1
a5c1f1 000 000000 0 1
a5c1f7 000 000000 0 1
a5c1f4 000 000000 0 1
a5c1e9 000 000000 0 1
a5c1ef 000 000000 0 1
a5c1ec 000 000000 0 1
a5c1e3 000 000000 0 1
a5c1e0 000 000000 0 1
a5c1e6 000 000000 0 1
a5c19d 000 000000 0 1
a5c191 000 000000 0 1
a5c197 000 000000 0 1
a5c194 000 000000 0 1
a5c189 000 000000 0 1
a5c18f 000 000000 0 1
a5c18c 000 000000 0 1
a5c183 000 000000 0 1
a5c180 000 000000 0 1
a5c186 000 000000 0 1
a5c1b9 000 000000 0 1
a5c1bf 000 000000 0 1
a5c1bc 000 000000 0 1
a5c1b3 000 000000 0 1
a5c1b0 000 000000 0 1
a5c1b6 000 000000 0 1
a5c1ab 000 000000 0 1
a5c1a8 000 000000 0 1
a5c1ae 000 000000 0 1
a5c1a2 000 000000 0 1
a5ce25 000 000000 0 1
a5cee5 000 000000 0 1
a5ce85 000 000000 0 1
a5ceb5 000 000000 0 1
a5cead 000 000000 0 1
a5cea1 000 000000 0 1
a5cea7 000 000000 0 1
a5cea4 000 000000 0 1
a5cf65 000 000000 0 1
a5cf05 000 000000 0 1
a5cf35 000 000000 0 1
a5cf2d 000 000000 0 1
a5cf21 000 000000 0 1
a5cf27 000 000000 0 1
a5cf24 000 000000 0 1
a5cfc5 000 000000 0 1
a5cff5 000 000000 0 1
a5cfed 000 000000 0 1
a5cfe1 000 000000 0 1
a5cfe7 000 000000 0 1
a5cfe4 000 000000 0 1
a5cf95 000 000000 0 1
a5cf8d 000 000000 0 1
a5cf81 000 000000 0 1
a5cf87 000 000000 0 1
a5cf84 000 000000 0 1
a5cfbd 000 000000 0 1
a5cfb1 000 000000 0 1
a5cfb7 000 000000 0 1
a5cfb4 000 000000 0 1
a5cfa9 000 000000 0 1
a5cfaf 000 000000 0 1
a5cfac 000 000000 0 1
a5cfa3 000 000000 0 1
a5cfa0 000 000000 0 1
a5cfa6 000 000000 0 1
a5cc65 000 000000 0 1
a5cc05 000 000000 0 1
a5cc35 000 000000 0 1
a5cc2d 000 000000 0 1
a5cc21 000 000000 0 1
a5cc27 000 000000 0 1
a5cc24 000 000000 0 1
a5ccc5 000 000000 0 1
a5ccf5 000 000000 0 1
a5cced 000 000000 0 1
a5cce1 000 000000 0 1
a5cce7 000 000000 0 1
a5cce4 000 000000 0 1
a5cc95 000 000000 0 1
a5cc8d 000 000000 0 1
a5cc81 000 000000 0 1
a5cc87 000 000000 0 1
a5cc84 000 000000 0 1
a5ccbd 000 000000 0 1
a5ccb1 000 000000 0 1
a5ccb7 000 000000 0 1
a5ccb4 000 000000 0 1
a5cca9 000 000000 0 1
a5ccaf 000 000000 0 1
a5ccac 000 000000 0 1
a5cca3 000 000000 0 1
a5cca0 000 000000 0 1
a5cca6 000 000000 0 1
a5cd45 000 000000 0 1
a5cd75 000 000000 0 1
a5cd6d 000 000000 0 1
a5cd61 000 000000 0 1
a5cd67 000 000000 0 1
a5cd64 000 000000 0 1
a5cd15 000 000000 0 1
a5cd0d 000 000000 0 1
a5cd01 000 000000 0 1
a5cd07 000 000000 0 1
a5cd04 000 000000 0 1
a5cd3d 000 000000 0 1
a5cd31 000 000000 0 1
a5cd37 000 000000 0 1
a5cd34 000 000000 0 1
a5cd29 000 000000 0 1
a5cd2f 000 000000 0 1
a5cd2c 000 000000 0 1
a5cd23 000 000000 0 1
a5cd20 000 000000 0 1
a5cd26 000 000000 0 1
a5cdd5 000 000000 0 1
a5cdcd 000 000000 0 1
a5cdc1 000 000000 0 1
a5cdc7 000 000000 0 1
a5cdc4 000 000000 0 1
a5cdfd 000 000000 0 1
a5cdf1 000 000000 0 1
a5cdf7 000 000000 0 1
a5cdf4 000 000000 0 1
a5cde9 000 000000 0 1
a5cdef 000 000000 0 1
a5cdec 000 000000 0 1
a5cde3 000 000000 0 1
a5cde0 000 000000 0 1
a5cde6 000 000000 0 1
a5cd9d 000 000000 0 1
a5cd91 000 000000 0 1
a5cd97 000 000000 0 1
a5cd94 000 000000 0 1
a5cd89 000 000000 0 1
a5cd8f 000 000000 0 1
a5cd8c 000 000000 0 1
a5cd83 000 000000 0 1
a5cd80 000 000000 0 1
a5cd86 000 000000 0 1
a5cdb9 000 000000 0 1
a5cdbf 000 000000 0 1
a5cdbc 000 000000 0 1
a5cdb3 000 000000 0 1
a5cdb0 000 000000 0 1
a5cdb6 000 000000 0 1
a5cdab 000 000000 0 1
a5cda8 000 000000 0 1
a5cdae 000 000000 0 1
a5cda2 000 000000 0 1
a5ca65 000 000000 0 1
a5ca05 000 000000 0 1
a5ca35 000 000000 0 1
a5ca2d 000 000000 0 1
a5ca21 000 000000 0 1
a5ca27 000 000000 0 1
a5ca24 000 000000 0 1
a5cac5 000 000000 0 1
a5caf5 000 000000 0 1
a5caed 000 000000 0 1
a5cae1 000 000000 0 1
a5cae7 000 000000 0 1
a5cae4 000 000000 0 1
a5ca95 000 000000 0 1
a5ca8d 000 000000 0 1
a5ca81 000 000000 0 1
a5ca87 000 000000 0 1
a5ca84 000 000000 0 1
a5cabd 000 000000 0 1
a5cab1 000 000000 0 1
a5cab7 000 000000 0 1
a5cab4 000 000000 0 1
a5caa9 000 000000 0 1
a5caaf 000 000000 0 1
a5caac 000 000000 0 1
a5caa3 000 000000 0 1
a5caa0 000 000000 0 1
a5caa6 000 000000 0 1
a5cb45 000 000000 0 1
a5cb75 000 000000 0 1
a5cb6d 000 000000 0 1
a5cb61 000 000000 0 1
a5cb67 000 000000 0 1
a5cb64 000 000000 0 1
a5cb15 000 000000 0 1
a5cb0d 000 000000 0 1
a5cb01 000 000000 0 1
a5cb07 000 000000 0 1
a5cb04 000 000000 0 1
a5cb3d 000 000000 0 1
a5cb31 000 000000 0 1
a5cb37 000 000000 0 1
a5cb34 000 000000 0 1
a5cb29 000 000000 0 1
a5cb2f 000 000000 0 1
a5cb2c 000 000000 0 1
a5cb23 000 000000 0 1
a5cb20 000 000000 0 1
a5cb26 000 000000 0 1
a5cbd5 000 000000 0 1
a5cbcd 000 000000 0 1
a5cbc1 000 000000 0 1
a5cbc7 000 000000 0 1
a5cbc4 000 000000 0 1
a5cbfd 000 000000 0 1
a5cbf1 000 000000 0 1
a5cbf7 000 000000 0 1
a5cbf4 000 000000 0 1
a5cbe9 000 000000 0 1
a5cbef 000 000000 0 1
a5cbec 000 000000 0 1
a5cbe3 000 000000 0 1
a5cbe0 000 000000 0 1
a5cbe6 000 000000 0 1
a5cb9d 000 000000 0 1
a5cb91 000 000000 0 1
a5cb97 000 000000 0 1
a5cb94 000 000000 0 1
a5cb89 000 000000 0 1
a5cb8f 000 000000 0 1
a5cb8c 000 000000 0 1
a5cb83 000 000000 0 1
a5cb80 000 000000 0 1
a5cb86 000 000000 0 1
a5cbb9 000 000000 0 1
a5cbbf 000 000000 0 1
a5cbbc 000 000000 0 1
a5cbb3 000 000000 0 1
a5cbb0 000 000000 0 1
a5cbb6 000 000000 0 1
a5cbab 000 000000 0 1
a5cba8 000 000000 0 1
a5cbae 000 000000 0 1
a5cba2 000 000000 0 1
a5c845 000 000000 0 1
a5c875 000 000000 0 1
a5c86d 000 000000 0 1
a5c861 000 000000 0 1
a5c867 000 000000 0 1
a5c864 000 000000 0 1
a5c815 000 000000 0 1
a5c80d 000 000000 0 1
a5c801 000 000000 0 1
a5c807 000 000000 0 1
a5c804 000 000000 0 1
a5c83d 000 000000 0 1
a5c831 000 000000 0 1
a5c837 000 000000 0 1
a5c834 000 000000 0 1
a5c829 000 000000 0 1
a5c82f 000 000000 0 1
a5c82c 000 000000 0 1
a5c823 000 000000 0 1
a5c820 000 000000 0 1
a5c826 000 000000 0 1
a5c8d5 000 000000 0 1
a5c8cd 000 000000 0 1
a5c8c1 000 000000 0 1
a5c8c7 000 000000 0 1
a5c8c4 000 000000 0 1
a5c8fd 000 000000 0 1
a5c8f1 000 000000 0 1
a5c8f7 000 000000 0 1
a5c8f4 000 000000 0 1
a5c8e9 000 000000 0 1
a5c8ef 000 000000 0 1
a5c8ec 000 000000 0 1
a5c8e3 000 000000 0 1
a5c8e0 000 000000 0 1
a5c8e6 000 000000 0 1
a5c89d 000 000000 0 1
a5c891 000 000000 0 1
a5c897 000 000000 0 1
a5c894 000 000000 0 1
a5c889 000 000000 0 1
a5c88f 000 000000 0 1
a5c88c 000 000000 0 1
a5c883 000 000000 0 1
a5c880 000 000000 0 1
a5c886 000 000000 0 1
a5c8b9 000 000000 0 1
a5c8bf 000 000000 0 1
a5c8bc 000 000000 0 1
a5c8b3 000 000000 0 1
a5c8b0 000 000000 0 1
a5c8b6 000 000000 0 1
a5c8ab 000 000000 0 1
a5c8a8 000 000000 0 1
a5c8ae 000 000000 0 1
a5c8a2 000 000000 0 1
a5c955 000 000000 0 1
a5c94d 000 000000 0 1
a5c941 000 000000 0 1
a5c947 000 000000 0 1
a5c944 000 000000 0 1
a5c97d 000 000000 0 1
a5c971 000 000000 0 1
a5c977 000 000000 0 1
a5c974 000 000000 0 1
a5c969 000 000000 0 1
a5c96f 000 000000 0 1
a5c96c 000 000000 0 1
a5c963 000 000000 0 1
a5c960 000 000000 0 1
a5c966 000 000000 0 1
a5c91d 000 000000 0 1
a5c911 000 000000 0 1
a5c917 000 000000 0 1
a5c914 000 000000 0 1
a5c909 000 000000 0 1
a5c90f 000 000000 0 1
a5c90c 000 000000 0 1
a5c903 000 000000 0 1
a5c900 000 000000 0 1
a5c906 000 000000 0 1
a5c939 000 000000 0 1
a5c93f 000 000000 0 1
a5c93c 000 000000 0 1
a5c933 000 000000 0 1
a5c930 000 000000 0 1
a5c936 000 000000 0 1
a5c92b 000 000000 0 1
a5c928 000 000000 0 1
a5c92e 000 000000 0 1
a5c922 000 000000 0 1
a5c9dd 000 000000 0 1
a5c9d1 000 000000 0 1
a5c9d7 000 000000 0 1
a5c9d4 000 000000 0 1
a5c9c9 000 000000 0 1
a5c9cf 000 000000 0 1
a5c9cc 000 000000 0 1
a5c9c3 000 000000 0 1
a5c9c0 000 000000 0 1
a5c9c6 000 000000 0 1
a5c9f9 000 000000 0 1
a5c9ff 000 000000 0 1
a5c9fc 000 000000 0 1
a5c9f3 000 000000 0 1
a5c9f0 000 000000 0 1
a5c9f6 000 000000 0 1
a5c9eb 000 000000 0 1
a5c9e8 000 000000 0 1
a5c9ee 000 000000 0 1
a5c9e2 000 000000 0 1
a5c999 000 000000 0 1
a5c99f 000 000000 0 1
a5c99c 000 000000 0 1
a5c993 000 000000 0 1
a5c990 000 000000 0 1
a5c996 000 000000 0 1
a5c98b 000 000000 0 1
a5c988 000 000000 0 1
a5c98e 000 000000 0 1
a5c982 000 000000 0 1
a5c9bb 000 000000 0 1
a5c9b8 000 000000 0 1
a5c9be 000 000000 0 1
a5c9b2 000 000000 0 1
a5c9aa 000 000000 0 1
